DATAFLOW,LAST UPDATE,freq,size_emp,nace_r2,indic_is,unit,geo,TIME_PERIOD,OBS_VALUE,OBS_FLAG,CONF_STATUS
ESTAT:ISOC_SKE_ITSPE(1.0),10/02/25 23:00:00,A,0-9,C10-S951_X_K,E_ITSP2,PC_ENT,DE,2022,6.33,,
ESTAT:ISOC_SKE_ITSPE(1.0),10/02/25 23:00:00,A,0-9,C10-S951_X_K,E_ITSP2,PC_ENT,DE,2024,7.10,,
ESTAT:ISOC_SKE_ITSPE(1.0),10/02/25 23:00:00,A,0-9,C10-S951_X_K,E_ITSP2,PC_ENT,ES,2017,3.27,,
ESTAT:ISOC_SKE_ITSPE(1.0),10/02/25 23:00:00,A,0-9,C10-S951_X_K,E_ITSP2,PC_ENT,ES,2018,2.89,,
ESTAT:ISOC_SKE_ITSPE(1.0),10/02/25 23:00:00,A,0-9,C10-S951_X_K,E_ITSP2,PC_ENT,ES,2019,2.85,,
ESTAT:ISOC_SKE_ITSPE(1.0),10/02/25 23:00:00,A,0-9,C10-S951_X_K,E_ITSP2,PC_ENT,ES,2020,2.30,,
ESTAT:ISOC_SKE_ITSPE(1.0),10/02/25 23:00:00,A,0-9,C10-S951_X_K,E_ITSP2,PC_ENT,ES,2022,1.13,,
ESTAT:ISOC_SKE_ITSPE(1.0),10/02/25 23:00:00,A,0-9,C10-S951_X_K,E_ITSP2,PC_ENT,ES,2024,1.75,,
ESTAT:ISOC_SKE_ITSPE(1.0),10/02/25 23:00:00,A,0-9,C10-S951_X_K,E_ITSP2,PC_ENT,PT,2017,6.20,,
ESTAT:ISOC_SKE_ITSPE(1.0),10/02/25 23:00:00,A,0-9,C10-S951_X_K,E_ITSP2,PC_ENT,PT,2018,6.22,,
ESTAT:ISOC_SKE_ITSPE(1.0),10/02/25 23:00:00,A,0-9,C10-S951_X_K,E_ITSP2,PC_ENT,PT,2019,6.50,,
ESTAT:ISOC_SKE_ITSPE(1.0),10/02/25 23:00:00,A,0-9,C10-S951_X_K,E_ITSP2,PC_ENT,PT,2020,7.23,,
ESTAT:ISOC_SKE_ITSPE(1.0),10/02/25 23:00:00,A,0-9,C10-S951_X_K,E_ITSP2,PC_ENT,PT,2022,6.15,,
ESTAT:ISOC_SKE_ITSPE(1.0),10/02/25 23:00:00,A,0-9,C10-S951_X_K,E_ITSP2,PC_ENT,PT,2024,6.87,,
ESTAT:ISOC_SKE_ITSPE(1.0),10/02/25 23:00:00,A,0-9,C10-S951_X_K,E_ITSP2,PC_ENT,SE,2018,3.03,,
ESTAT:ISOC_SKE_ITSPE(1.0),10/02/25 23:00:00,A,0-9,C10-S951_X_K,E_ITSP2,PC_ENT,SE,2020,5.05,,
ESTAT:ISOC_SKE_ITSPE(1.0),10/02/25 23:00:00,A,0-9,C10-S951_X_K,E_ITSP2,PC_ENT,SE,2022,6.16,,
ESTAT:ISOC_SKE_ITSPE(1.0),10/02/25 23:00:00,A,0-9,C10-S951_X_K,E_ITSP2,PC_ENT,SE,2024,5.87,b,
ESTAT:ISOC_SKE_ITSPE(1.0),10/02/25 23:00:00,A,0-9,C10-S951_X_K,E_ITSP2,PC_ENT,SK,2017,5.42,,
ESTAT:ISOC_SKE_ITSPE(1.0),10/02/25 23:00:00,A,0-9,C10-S951_X_K,E_ITSP2,PC_ENT,UK,2017,9.43,,
ESTAT:ISOC_SKE_ITSPE(1.0),10/02/25 23:00:00,A,0-9,C10-S951_X_K,E_ITSP2,PC_ENT,UK,2018,9.60,,
ESTAT:ISOC_SKE_ITSPE(1.0),10/02/25 23:00:00,A,0-9,C10-S951_X_K,E_ITSP2,PC_ENT,UK,2019,10.53,,
ESTAT:ISOC_SKE_ITSPE(1.0),10/02/25 23:00:00,A,0-9,C10-S951_X_K,E_ITSP2,PC_ENT,UK,2020,10.00,,
ESTAT:ISOC_SKE_ITSPE(1.0),10/02/25 23:00:00,A,0-9,C10-S951_X_K,E_ITSP2,PC_ENT_CUSE,ES,2017,4.65,,
ESTAT:ISOC_SKE_ITSPE(1.0),10/02/25 23:00:00,A,0-9,C10-S951_X_K,E_ITSP2,PC_ENT_CUSE,ES,2018,3.73,,
ESTAT:ISOC_SKE_ITSPE(1.0),10/02/25 23:00:00,A,0-9,C10-S951_X_K,E_ITSP2,PC_ENT_CUSE,ES,2019,3.74,,
ESTAT:ISOC_SKE_ITSPE(1.0),10/02/25 23:00:00,A,0-9,C10-S951_X_K,E_ITSP2,PC_ENT_CUSE,PT,2017,7.07,,
ESTAT:ISOC_SKE_ITSPE(1.0),10/02/25 23:00:00,A,0-9,C10-S951_X_K,E_ITSP2,PC_ENT_CUSE,PT,2018,7.04,,
ESTAT:ISOC_SKE_ITSPE(1.0),10/02/25 23:00:00,A,0-9,C10-S951_X_K,E_ITSP2,PC_ENT_CUSE,PT,2019,6.81,,
ESTAT:ISOC_SKE_ITSPE(1.0),10/02/25 23:00:00,A,0-9,C10-S951_X_K,E_ITSP2,PC_ENT_CUSE,SE,2018,3.42,,
ESTAT:ISOC_SKE_ITSPE(1.0),10/02/25 23:00:00,A,0-9,C10-S951_X_K,E_ITSP2,PC_ENT_CUSE,SK,2017,6.75,,
ESTAT:ISOC_SKE_ITSPE(1.0),10/02/25 23:00:00,A,0-9,C10-S951_X_K,E_ITSP2,PC_ENT_CUSE,UK,2017,11.27,,
ESTAT:ISOC_SKE_ITSPE(1.0),10/02/25 23:00:00,A,0-9,C10-S951_X_K,E_ITSP2,PC_ENT_CUSE,UK,2018,11.35,,
ESTAT:ISOC_SKE_ITSPE(1.0),10/02/25 23:00:00,A,0-9,C10-S951_X_K,E_ITSP2,PC_ENT_CUSE,UK,2019,11.75,,
ESTAT:ISOC_SKE_ITSPE(1.0),10/02/25 23:00:00,A,0_1,C10-S951_X_K,E_ITSP2,PC_ENT,DE,2022,3.19,,
ESTAT:ISOC_SKE_ITSPE(1.0),10/02/25 23:00:00,A,0_1,C10-S951_X_K,E_ITSP2,PC_ENT,DE,2024,4.27,,
ESTAT:ISOC_SKE_ITSPE(1.0),10/02/25 23:00:00,A,0_1,C10-S951_X_K,E_ITSP2,PC_ENT,PT,2020,5.39,,
ESTAT:ISOC_SKE_ITSPE(1.0),10/02/25 23:00:00,A,0_1,C10-S951_X_K,E_ITSP2,PC_ENT,PT,2022,3.03,,
ESTAT:ISOC_SKE_ITSPE(1.0),10/02/25 23:00:00,A,0_1,C10-S951_X_K,E_ITSP2,PC_ENT,PT,2024,,u,
ESTAT:ISOC_SKE_ITSPE(1.0),10/02/25 23:00:00,A,0_1,C10-S951_X_K,E_ITSP2,PC_ENT,SE,2018,2.23,,
ESTAT:ISOC_SKE_ITSPE(1.0),10/02/25 23:00:00,A,0_1,C10-S951_X_K,E_ITSP2,PC_ENT,SE,2020,4.41,,
ESTAT:ISOC_SKE_ITSPE(1.0),10/02/25 23:00:00,A,0_1,C10-S951_X_K,E_ITSP2,PC_ENT,SE,2022,5.46,,
ESTAT:ISOC_SKE_ITSPE(1.0),10/02/25 23:00:00,A,0_1,C10-S951_X_K,E_ITSP2,PC_ENT,SE,2024,5.09,b,
ESTAT:ISOC_SKE_ITSPE(1.0),10/02/25 23:00:00,A,0_1,C10-S951_X_K,E_ITSP2,PC_ENT,SK,2017,3.83,,
ESTAT:ISOC_SKE_ITSPE(1.0),10/02/25 23:00:00,A,0_1,C10-S951_X_K,E_ITSP2,PC_ENT_CUSE,SE,2018,2.58,,
ESTAT:ISOC_SKE_ITSPE(1.0),10/02/25 23:00:00,A,0_1,C10-S951_X_K,E_ITSP2,PC_ENT_CUSE,SK,2017,5.64,,
ESTAT:ISOC_SKE_ITSPE(1.0),10/02/25 23:00:00,A,1-4,C10-S951_X_K,E_ITSP2,PC_ENT,DE,2012,3.61,,
ESTAT:ISOC_SKE_ITSPE(1.0),10/02/25 23:00:00,A,1-4,C10-S951_X_K,E_ITSP2,PC_ENT,DE,2014,5.91,,
ESTAT:ISOC_SKE_ITSPE(1.0),10/02/25 23:00:00,A,1-4,C10-S951_X_K,E_ITSP2,PC_ENT,DE,2015,5.52,,
ESTAT:ISOC_SKE_ITSPE(1.0),10/02/25 23:00:00,A,1-4,C10-S951_X_K,E_ITSP2,PC_ENT,DE,2016,5.01,,
ESTAT:ISOC_SKE_ITSPE(1.0),10/02/25 23:00:00,A,1-4,C10-S951_X_K,E_ITSP2,PC_ENT,PT,2012,13.34,,
ESTAT:ISOC_SKE_ITSPE(1.0),10/02/25 23:00:00,A,1-4,C10-S951_X_K,E_ITSP2,PC_ENT,PT,2014,3.99,,
ESTAT:ISOC_SKE_ITSPE(1.0),10/02/25 23:00:00,A,1-4,C10-S951_X_K,E_ITSP2,PC_ENT,SK,2012,6.59,,
ESTAT:ISOC_SKE_ITSPE(1.0),10/02/25 23:00:00,A,1-4,C10-S951_X_K,E_ITSP2,PC_ENT,SK,2014,2.92,,
ESTAT:ISOC_SKE_ITSPE(1.0),10/02/25 23:00:00,A,1-4,C10-S951_X_K,E_ITSP2,PC_ENT,SK,2015,4.87,,
ESTAT:ISOC_SKE_ITSPE(1.0),10/02/25 23:00:00,A,1-4,C10-S951_X_K,E_ITSP2,PC_ENT,SK,2016,4.31,,
ESTAT:ISOC_SKE_ITSPE(1.0),10/02/25 23:00:00,A,1-4,C10-S951_X_K,E_ITSP2,PC_ENT_CUSE,DE,2012,4.48,,
ESTAT:ISOC_SKE_ITSPE(1.0),10/02/25 23:00:00,A,1-4,C10-S951_X_K,E_ITSP2,PC_ENT_CUSE,DE,2014,6.84,,
ESTAT:ISOC_SKE_ITSPE(1.0),10/02/25 23:00:00,A,1-4,C10-S951_X_K,E_ITSP2,PC_ENT_CUSE,DE,2015,6.24,,
ESTAT:ISOC_SKE_ITSPE(1.0),10/02/25 23:00:00,A,1-4,C10-S951_X_K,E_ITSP2,PC_ENT_CUSE,DE,2016,5.83,,
ESTAT:ISOC_SKE_ITSPE(1.0),10/02/25 23:00:00,A,1-4,C10-S951_X_K,E_ITSP2,PC_ENT_CUSE,PT,2012,19.38,,
ESTAT:ISOC_SKE_ITSPE(1.0),10/02/25 23:00:00,A,1-4,C10-S951_X_K,E_ITSP2,PC_ENT_CUSE,PT,2014,4.79,,
ESTAT:ISOC_SKE_ITSPE(1.0),10/02/25 23:00:00,A,1-4,C10-S951_X_K,E_ITSP2,PC_ENT_CUSE,SK,2012,7.79,,
ESTAT:ISOC_SKE_ITSPE(1.0),10/02/25 23:00:00,A,1-4,C10-S951_X_K,E_ITSP2,PC_ENT_CUSE,SK,2014,3.71,,
ESTAT:ISOC_SKE_ITSPE(1.0),10/02/25 23:00:00,A,1-4,C10-S951_X_K,E_ITSP2,PC_ENT_CUSE,SK,2015,5.44,,
ESTAT:ISOC_SKE_ITSPE(1.0),10/02/25 23:00:00,A,1-4,C10-S951_X_K,E_ITSP2,PC_ENT_CUSE,SK,2016,5.22,,
ESTAT:ISOC_SKE_ITSPE(1.0),10/02/25 23:00:00,A,1-9,C10-S951_X_K,E_ITSP2,PC_ENT,DE,2012,4.98,,
ESTAT:ISOC_SKE_ITSPE(1.0),10/02/25 23:00:00,A,1-9,C10-S951_X_K,E_ITSP2,PC_ENT,DE,2014,7.84,,
ESTAT:ISOC_SKE_ITSPE(1.0),10/02/25 23:00:00,A,1-9,C10-S951_X_K,E_ITSP2,PC_ENT,DE,2015,6.67,,
ESTAT:ISOC_SKE_ITSPE(1.0),10/02/25 23:00:00,A,1-9,C10-S951_X_K,E_ITSP2,PC_ENT,DE,2016,5.37,,
ESTAT:ISOC_SKE_ITSPE(1.0),10/02/25 23:00:00,A,1-9,C10-S951_X_K,E_ITSP2,PC_ENT,ES,2012,3.08,,
ESTAT:ISOC_SKE_ITSPE(1.0),10/02/25 23:00:00,A,1-9,C10-S951_X_K,E_ITSP2,PC_ENT,ES,2014,3.69,,
ESTAT:ISOC_SKE_ITSPE(1.0),10/02/25 23:00:00,A,1-9,C10-S951_X_K,E_ITSP2,PC_ENT,ES,2015,3.55,,
ESTAT:ISOC_SKE_ITSPE(1.0),10/02/25 23:00:00,A,1-9,C10-S951_X_K,E_ITSP2,PC_ENT,ES,2016,4.35,,
ESTAT:ISOC_SKE_ITSPE(1.0),10/02/25 23:00:00,A,1-9,C10-S951_X_K,E_ITSP2,PC_ENT,PT,2012,16.01,,
ESTAT:ISOC_SKE_ITSPE(1.0),10/02/25 23:00:00,A,1-9,C10-S951_X_K,E_ITSP2,PC_ENT,PT,2014,4.99,,
ESTAT:ISOC_SKE_ITSPE(1.0),10/02/25 23:00:00,A,1-9,C10-S951_X_K,E_ITSP2,PC_ENT,PT,2015,4.78,,
ESTAT:ISOC_SKE_ITSPE(1.0),10/02/25 23:00:00,A,1-9,C10-S951_X_K,E_ITSP2,PC_ENT,PT,2016,5.22,,
ESTAT:ISOC_SKE_ITSPE(1.0),10/02/25 23:00:00,A,1-9,C10-S951_X_K,E_ITSP2,PC_ENT,SK,2012,7.48,,
ESTAT:ISOC_SKE_ITSPE(1.0),10/02/25 23:00:00,A,1-9,C10-S951_X_K,E_ITSP2,PC_ENT,SK,2014,3.29,,
ESTAT:ISOC_SKE_ITSPE(1.0),10/02/25 23:00:00,A,1-9,C10-S951_X_K,E_ITSP2,PC_ENT,SK,2015,4.97,,
ESTAT:ISOC_SKE_ITSPE(1.0),10/02/25 23:00:00,A,1-9,C10-S951_X_K,E_ITSP2,PC_ENT,SK,2016,4.62,,
ESTAT:ISOC_SKE_ITSPE(1.0),10/02/25 23:00:00,A,1-9,C10-S951_X_K,E_ITSP2,PC_ENT,UK,2015,10.41,,
ESTAT:ISOC_SKE_ITSPE(1.0),10/02/25 23:00:00,A,1-9,C10-S951_X_K,E_ITSP2,PC_ENT,UK,2016,9.57,,
ESTAT:ISOC_SKE_ITSPE(1.0),10/02/25 23:00:00,A,1-9,C10-S951_X_K,E_ITSP2,PC_ENT_CUSE,DE,2012,5.86,,
ESTAT:ISOC_SKE_ITSPE(1.0),10/02/25 23:00:00,A,1-9,C10-S951_X_K,E_ITSP2,PC_ENT_CUSE,DE,2014,8.73,,
ESTAT:ISOC_SKE_ITSPE(1.0),10/02/25 23:00:00,A,1-9,C10-S951_X_K,E_ITSP2,PC_ENT_CUSE,DE,2015,7.31,,
ESTAT:ISOC_SKE_ITSPE(1.0),10/02/25 23:00:00,A,1-9,C10-S951_X_K,E_ITSP2,PC_ENT_CUSE,DE,2016,5.98,,
ESTAT:ISOC_SKE_ITSPE(1.0),10/02/25 23:00:00,A,1-9,C10-S951_X_K,E_ITSP2,PC_ENT_CUSE,ES,2012,4.63,,
ESTAT:ISOC_SKE_ITSPE(1.0),10/02/25 23:00:00,A,1-9,C10-S951_X_K,E_ITSP2,PC_ENT_CUSE,ES,2014,5.35,,
ESTAT:ISOC_SKE_ITSPE(1.0),10/02/25 23:00:00,A,1-9,C10-S951_X_K,E_ITSP2,PC_ENT_CUSE,ES,2015,5.04,,
ESTAT:ISOC_SKE_ITSPE(1.0),10/02/25 23:00:00,A,1-9,C10-S951_X_K,E_ITSP2,PC_ENT_CUSE,ES,2016,6.11,,
ESTAT:ISOC_SKE_ITSPE(1.0),10/02/25 23:00:00,A,1-9,C10-S951_X_K,E_ITSP2,PC_ENT_CUSE,PT,2012,22.18,,
ESTAT:ISOC_SKE_ITSPE(1.0),10/02/25 23:00:00,A,1-9,C10-S951_X_K,E_ITSP2,PC_ENT_CUSE,PT,2014,5.82,,
ESTAT:ISOC_SKE_ITSPE(1.0),10/02/25 23:00:00,A,1-9,C10-S951_X_K,E_ITSP2,PC_ENT_CUSE,PT,2015,5.54,,
ESTAT:ISOC_SKE_ITSPE(1.0),10/02/25 23:00:00,A,1-9,C10-S951_X_K,E_ITSP2,PC_ENT_CUSE,PT,2016,5.99,,
ESTAT:ISOC_SKE_ITSPE(1.0),10/02/25 23:00:00,A,1-9,C10-S951_X_K,E_ITSP2,PC_ENT_CUSE,SK,2012,8.69,,
ESTAT:ISOC_SKE_ITSPE(1.0),10/02/25 23:00:00,A,1-9,C10-S951_X_K,E_ITSP2,PC_ENT_CUSE,SK,2014,4.04,,
ESTAT:ISOC_SKE_ITSPE(1.0),10/02/25 23:00:00,A,1-9,C10-S951_X_K,E_ITSP2,PC_ENT_CUSE,SK,2015,5.50,,
ESTAT:ISOC_SKE_ITSPE(1.0),10/02/25 23:00:00,A,1-9,C10-S951_X_K,E_ITSP2,PC_ENT_CUSE,SK,2016,5.47,,
ESTAT:ISOC_SKE_ITSPE(1.0),10/02/25 23:00:00,A,1-9,C10-S951_X_K,E_ITSP2,PC_ENT_CUSE,UK,2015,12.41,,
ESTAT:ISOC_SKE_ITSPE(1.0),10/02/25 23:00:00,A,1-9,C10-S951_X_K,E_ITSP2,PC_ENT_CUSE,UK,2016,11.53,,
ESTAT:ISOC_SKE_ITSPE(1.0),10/02/25 23:00:00,A,10-249,C10-S951_X_K,E_ITSP2,PC_ENT,AL,2022,24.82,b,
ESTAT:ISOC_SKE_ITSPE(1.0),10/02/25 23:00:00,A,10-249,C10-S951_X_K,E_ITSP2,PC_ENT,AT,2012,29.78,,
ESTAT:ISOC_SKE_ITSPE(1.0),10/02/25 23:00:00,A,10-249,C10-S951_X_K,E_ITSP2,PC_ENT,AT,2014,21.75,,
ESTAT:ISOC_SKE_ITSPE(1.0),10/02/25 23:00:00,A,10-249,C10-S951_X_K,E_ITSP2,PC_ENT,AT,2015,22.04,,
ESTAT:ISOC_SKE_ITSPE(1.0),10/02/25 23:00:00,A,10-249,C10-S951_X_K,E_ITSP2,PC_ENT,AT,2016,23.09,,
ESTAT:ISOC_SKE_ITSPE(1.0),10/02/25 23:00:00,A,10-249,C10-S951_X_K,E_ITSP2,PC_ENT,AT,2017,21.45,,
ESTAT:ISOC_SKE_ITSPE(1.0),10/02/25 23:00:00,A,10-249,C10-S951_X_K,E_ITSP2,PC_ENT,AT,2018,18.37,,
ESTAT:ISOC_SKE_ITSPE(1.0),10/02/25 23:00:00,A,10-249,C10-S951_X_K,E_ITSP2,PC_ENT,AT,2019,18.04,,
ESTAT:ISOC_SKE_ITSPE(1.0),10/02/25 23:00:00,A,10-249,C10-S951_X_K,E_ITSP2,PC_ENT,AT,2020,17.72,,
ESTAT:ISOC_SKE_ITSPE(1.0),10/02/25 23:00:00,A,10-249,C10-S951_X_K,E_ITSP2,PC_ENT,AT,2022,21.47,,
ESTAT:ISOC_SKE_ITSPE(1.0),10/02/25 23:00:00,A,10-249,C10-S951_X_K,E_ITSP2,PC_ENT,AT,2024,18.04,,
ESTAT:ISOC_SKE_ITSPE(1.0),10/02/25 23:00:00,A,10-249,C10-S951_X_K,E_ITSP2,PC_ENT,BA,2018,15.76,,
ESTAT:ISOC_SKE_ITSPE(1.0),10/02/25 23:00:00,A,10-249,C10-S951_X_K,E_ITSP2,PC_ENT,BA,2019,15.16,,
ESTAT:ISOC_SKE_ITSPE(1.0),10/02/25 23:00:00,A,10-249,C10-S951_X_K,E_ITSP2,PC_ENT,BA,2020,13.10,,
ESTAT:ISOC_SKE_ITSPE(1.0),10/02/25 23:00:00,A,10-249,C10-S951_X_K,E_ITSP2,PC_ENT,BA,2022,11.67,,
ESTAT:ISOC_SKE_ITSPE(1.0),10/02/25 23:00:00,A,10-249,C10-S951_X_K,E_ITSP2,PC_ENT,BA,2024,16.64,,
ESTAT:ISOC_SKE_ITSPE(1.0),10/02/25 23:00:00,A,10-249,C10-S951_X_K,E_ITSP2,PC_ENT,BE,2012,26.23,,
ESTAT:ISOC_SKE_ITSPE(1.0),10/02/25 23:00:00,A,10-249,C10-S951_X_K,E_ITSP2,PC_ENT,BE,2014,24.39,,
ESTAT:ISOC_SKE_ITSPE(1.0),10/02/25 23:00:00,A,10-249,C10-S951_X_K,E_ITSP2,PC_ENT,BE,2015,26.50,,
ESTAT:ISOC_SKE_ITSPE(1.0),10/02/25 23:00:00,A,10-249,C10-S951_X_K,E_ITSP2,PC_ENT,BE,2016,23.90,,
ESTAT:ISOC_SKE_ITSPE(1.0),10/02/25 23:00:00,A,10-249,C10-S951_X_K,E_ITSP2,PC_ENT,BE,2017,27.64,,
ESTAT:ISOC_SKE_ITSPE(1.0),10/02/25 23:00:00,A,10-249,C10-S951_X_K,E_ITSP2,PC_ENT,BE,2018,26.31,,
ESTAT:ISOC_SKE_ITSPE(1.0),10/02/25 23:00:00,A,10-249,C10-S951_X_K,E_ITSP2,PC_ENT,BE,2019,26.00,,
ESTAT:ISOC_SKE_ITSPE(1.0),10/02/25 23:00:00,A,10-249,C10-S951_X_K,E_ITSP2,PC_ENT,BE,2020,28.40,,
ESTAT:ISOC_SKE_ITSPE(1.0),10/02/25 23:00:00,A,10-249,C10-S951_X_K,E_ITSP2,PC_ENT,BE,2022,30.78,,
ESTAT:ISOC_SKE_ITSPE(1.0),10/02/25 23:00:00,A,10-249,C10-S951_X_K,E_ITSP2,PC_ENT,BE,2024,26.75,,
ESTAT:ISOC_SKE_ITSPE(1.0),10/02/25 23:00:00,A,10-249,C10-S951_X_K,E_ITSP2,PC_ENT,BG,2012,13.04,,
ESTAT:ISOC_SKE_ITSPE(1.0),10/02/25 23:00:00,A,10-249,C10-S951_X_K,E_ITSP2,PC_ENT,BG,2014,20.05,,
ESTAT:ISOC_SKE_ITSPE(1.0),10/02/25 23:00:00,A,10-249,C10-S951_X_K,E_ITSP2,PC_ENT,BG,2015,19.42,,
ESTAT:ISOC_SKE_ITSPE(1.0),10/02/25 23:00:00,A,10-249,C10-S951_X_K,E_ITSP2,PC_ENT,BG,2016,18.86,,
ESTAT:ISOC_SKE_ITSPE(1.0),10/02/25 23:00:00,A,10-249,C10-S951_X_K,E_ITSP2,PC_ENT,BG,2017,18.15,,
ESTAT:ISOC_SKE_ITSPE(1.0),10/02/25 23:00:00,A,10-249,C10-S951_X_K,E_ITSP2,PC_ENT,BG,2018,18.68,,
ESTAT:ISOC_SKE_ITSPE(1.0),10/02/25 23:00:00,A,10-249,C10-S951_X_K,E_ITSP2,PC_ENT,BG,2019,19.10,,
ESTAT:ISOC_SKE_ITSPE(1.0),10/02/25 23:00:00,A,10-249,C10-S951_X_K,E_ITSP2,PC_ENT,BG,2020,14.86,,
ESTAT:ISOC_SKE_ITSPE(1.0),10/02/25 23:00:00,A,10-249,C10-S951_X_K,E_ITSP2,PC_ENT,BG,2022,14.78,,
ESTAT:ISOC_SKE_ITSPE(1.0),10/02/25 23:00:00,A,10-249,C10-S951_X_K,E_ITSP2,PC_ENT,BG,2024,16.71,,
ESTAT:ISOC_SKE_ITSPE(1.0),10/02/25 23:00:00,A,10-249,C10-S951_X_K,E_ITSP2,PC_ENT,CY,2012,22.91,,
ESTAT:ISOC_SKE_ITSPE(1.0),10/02/25 23:00:00,A,10-249,C10-S951_X_K,E_ITSP2,PC_ENT,CY,2014,23.55,,
ESTAT:ISOC_SKE_ITSPE(1.0),10/02/25 23:00:00,A,10-249,C10-S951_X_K,E_ITSP2,PC_ENT,CY,2015,25.15,,
ESTAT:ISOC_SKE_ITSPE(1.0),10/02/25 23:00:00,A,10-249,C10-S951_X_K,E_ITSP2,PC_ENT,CY,2016,23.41,,
ESTAT:ISOC_SKE_ITSPE(1.0),10/02/25 23:00:00,A,10-249,C10-S951_X_K,E_ITSP2,PC_ENT,CY,2017,23.73,,
ESTAT:ISOC_SKE_ITSPE(1.0),10/02/25 23:00:00,A,10-249,C10-S951_X_K,E_ITSP2,PC_ENT,CY,2018,21.55,,
ESTAT:ISOC_SKE_ITSPE(1.0),10/02/25 23:00:00,A,10-249,C10-S951_X_K,E_ITSP2,PC_ENT,CY,2019,21.98,,
ESTAT:ISOC_SKE_ITSPE(1.0),10/02/25 23:00:00,A,10-249,C10-S951_X_K,E_ITSP2,PC_ENT,CY,2020,23.83,,
ESTAT:ISOC_SKE_ITSPE(1.0),10/02/25 23:00:00,A,10-249,C10-S951_X_K,E_ITSP2,PC_ENT,CY,2022,23.49,,
ESTAT:ISOC_SKE_ITSPE(1.0),10/02/25 23:00:00,A,10-249,C10-S951_X_K,E_ITSP2,PC_ENT,CY,2024,26.20,,
ESTAT:ISOC_SKE_ITSPE(1.0),10/02/25 23:00:00,A,10-249,C10-S951_X_K,E_ITSP2,PC_ENT,CZ,2012,27.16,,
ESTAT:ISOC_SKE_ITSPE(1.0),10/02/25 23:00:00,A,10-249,C10-S951_X_K,E_ITSP2,PC_ENT,CZ,2014,18.10,,
ESTAT:ISOC_SKE_ITSPE(1.0),10/02/25 23:00:00,A,10-249,C10-S951_X_K,E_ITSP2,PC_ENT,CZ,2015,16.77,,
ESTAT:ISOC_SKE_ITSPE(1.0),10/02/25 23:00:00,A,10-249,C10-S951_X_K,E_ITSP2,PC_ENT,CZ,2016,16.82,,
ESTAT:ISOC_SKE_ITSPE(1.0),10/02/25 23:00:00,A,10-249,C10-S951_X_K,E_ITSP2,PC_ENT,CZ,2017,17.93,,
ESTAT:ISOC_SKE_ITSPE(1.0),10/02/25 23:00:00,A,10-249,C10-S951_X_K,E_ITSP2,PC_ENT,CZ,2018,16.83,,
ESTAT:ISOC_SKE_ITSPE(1.0),10/02/25 23:00:00,A,10-249,C10-S951_X_K,E_ITSP2,PC_ENT,CZ,2019,17.91,,
ESTAT:ISOC_SKE_ITSPE(1.0),10/02/25 23:00:00,A,10-249,C10-S951_X_K,E_ITSP2,PC_ENT,CZ,2020,15.84,,
ESTAT:ISOC_SKE_ITSPE(1.0),10/02/25 23:00:00,A,10-249,C10-S951_X_K,E_ITSP2,PC_ENT,CZ,2022,17.05,,
ESTAT:ISOC_SKE_ITSPE(1.0),10/02/25 23:00:00,A,10-249,C10-S951_X_K,E_ITSP2,PC_ENT,CZ,2024,17.78,,
ESTAT:ISOC_SKE_ITSPE(1.0),10/02/25 23:00:00,A,10-249,C10-S951_X_K,E_ITSP2,PC_ENT,DE,2012,19.13,,
ESTAT:ISOC_SKE_ITSPE(1.0),10/02/25 23:00:00,A,10-249,C10-S951_X_K,E_ITSP2,PC_ENT,DE,2014,20.22,,
ESTAT:ISOC_SKE_ITSPE(1.0),10/02/25 23:00:00,A,10-249,C10-S951_X_K,E_ITSP2,PC_ENT,DE,2015,19.17,,
ESTAT:ISOC_SKE_ITSPE(1.0),10/02/25 23:00:00,A,10-249,C10-S951_X_K,E_ITSP2,PC_ENT,DE,2016,20.46,,
ESTAT:ISOC_SKE_ITSPE(1.0),10/02/25 23:00:00,A,10-249,C10-S951_X_K,E_ITSP2,PC_ENT,DE,2017,17.06,,
ESTAT:ISOC_SKE_ITSPE(1.0),10/02/25 23:00:00,A,10-249,C10-S951_X_K,E_ITSP2,PC_ENT,DE,2018,18.19,,
ESTAT:ISOC_SKE_ITSPE(1.0),10/02/25 23:00:00,A,10-249,C10-S951_X_K,E_ITSP2,PC_ENT,DE,2019,17.09,,
ESTAT:ISOC_SKE_ITSPE(1.0),10/02/25 23:00:00,A,10-249,C10-S951_X_K,E_ITSP2,PC_ENT,DE,2020,17.43,,
ESTAT:ISOC_SKE_ITSPE(1.0),10/02/25 23:00:00,A,10-249,C10-S951_X_K,E_ITSP2,PC_ENT,DE,2022,20.32,,
ESTAT:ISOC_SKE_ITSPE(1.0),10/02/25 23:00:00,A,10-249,C10-S951_X_K,E_ITSP2,PC_ENT,DE,2024,20.86,,
ESTAT:ISOC_SKE_ITSPE(1.0),10/02/25 23:00:00,A,10-249,C10-S951_X_K,E_ITSP2,PC_ENT,DK,2012,24.82,,
ESTAT:ISOC_SKE_ITSPE(1.0),10/02/25 23:00:00,A,10-249,C10-S951_X_K,E_ITSP2,PC_ENT,DK,2014,25.05,,
ESTAT:ISOC_SKE_ITSPE(1.0),10/02/25 23:00:00,A,10-249,C10-S951_X_K,E_ITSP2,PC_ENT,DK,2015,22.76,,
ESTAT:ISOC_SKE_ITSPE(1.0),10/02/25 23:00:00,A,10-249,C10-S951_X_K,E_ITSP2,PC_ENT,DK,2016,23.76,,
ESTAT:ISOC_SKE_ITSPE(1.0),10/02/25 23:00:00,A,10-249,C10-S951_X_K,E_ITSP2,PC_ENT,DK,2017,22.77,,
ESTAT:ISOC_SKE_ITSPE(1.0),10/02/25 23:00:00,A,10-249,C10-S951_X_K,E_ITSP2,PC_ENT,DK,2018,26.11,,
ESTAT:ISOC_SKE_ITSPE(1.0),10/02/25 23:00:00,A,10-249,C10-S951_X_K,E_ITSP2,PC_ENT,DK,2019,27.85,,
ESTAT:ISOC_SKE_ITSPE(1.0),10/02/25 23:00:00,A,10-249,C10-S951_X_K,E_ITSP2,PC_ENT,DK,2020,27.11,,
ESTAT:ISOC_SKE_ITSPE(1.0),10/02/25 23:00:00,A,10-249,C10-S951_X_K,E_ITSP2,PC_ENT,DK,2022,32.25,,
ESTAT:ISOC_SKE_ITSPE(1.0),10/02/25 23:00:00,A,10-249,C10-S951_X_K,E_ITSP2,PC_ENT,DK,2024,29.07,,
ESTAT:ISOC_SKE_ITSPE(1.0),10/02/25 23:00:00,A,10-249,C10-S951_X_K,E_ITSP2,PC_ENT,EA,2012,19.01,,
ESTAT:ISOC_SKE_ITSPE(1.0),10/02/25 23:00:00,A,10-249,C10-S951_X_K,E_ITSP2,PC_ENT,EA,2014,18.64,,
ESTAT:ISOC_SKE_ITSPE(1.0),10/02/25 23:00:00,A,10-249,C10-S951_X_K,E_ITSP2,PC_ENT,EA,2015,19.10,,
ESTAT:ISOC_SKE_ITSPE(1.0),10/02/25 23:00:00,A,10-249,C10-S951_X_K,E_ITSP2,PC_ENT,EA,2016,19.40,,
ESTAT:ISOC_SKE_ITSPE(1.0),10/02/25 23:00:00,A,10-249,C10-S951_X_K,E_ITSP2,PC_ENT,EA,2017,18.02,,
ESTAT:ISOC_SKE_ITSPE(1.0),10/02/25 23:00:00,A,10-249,C10-S951_X_K,E_ITSP2,PC_ENT,EA,2018,17.81,,
ESTAT:ISOC_SKE_ITSPE(1.0),10/02/25 23:00:00,A,10-249,C10-S951_X_K,E_ITSP2,PC_ENT,EA,2019,17.37,,
ESTAT:ISOC_SKE_ITSPE(1.0),10/02/25 23:00:00,A,10-249,C10-S951_X_K,E_ITSP2,PC_ENT,EA,2020,16.91,,
ESTAT:ISOC_SKE_ITSPE(1.0),10/02/25 23:00:00,A,10-249,C10-S951_X_K,E_ITSP2,PC_ENT,EA,2022,18.45,,
ESTAT:ISOC_SKE_ITSPE(1.0),10/02/25 23:00:00,A,10-249,C10-S951_X_K,E_ITSP2,PC_ENT,EA,2024,17.63,,
ESTAT:ISOC_SKE_ITSPE(1.0),10/02/25 23:00:00,A,10-249,C10-S951_X_K,E_ITSP2,PC_ENT,EE,2012,16.25,,
ESTAT:ISOC_SKE_ITSPE(1.0),10/02/25 23:00:00,A,10-249,C10-S951_X_K,E_ITSP2,PC_ENT,EE,2014,13.88,,
ESTAT:ISOC_SKE_ITSPE(1.0),10/02/25 23:00:00,A,10-249,C10-S951_X_K,E_ITSP2,PC_ENT,EE,2015,13.13,,
ESTAT:ISOC_SKE_ITSPE(1.0),10/02/25 23:00:00,A,10-249,C10-S951_X_K,E_ITSP2,PC_ENT,EE,2016,13.24,,
ESTAT:ISOC_SKE_ITSPE(1.0),10/02/25 23:00:00,A,10-249,C10-S951_X_K,E_ITSP2,PC_ENT,EE,2017,13.55,,
ESTAT:ISOC_SKE_ITSPE(1.0),10/02/25 23:00:00,A,10-249,C10-S951_X_K,E_ITSP2,PC_ENT,EE,2018,12.18,,
ESTAT:ISOC_SKE_ITSPE(1.0),10/02/25 23:00:00,A,10-249,C10-S951_X_K,E_ITSP2,PC_ENT,EE,2019,13.56,,
ESTAT:ISOC_SKE_ITSPE(1.0),10/02/25 23:00:00,A,10-249,C10-S951_X_K,E_ITSP2,PC_ENT,EE,2020,15.48,,
ESTAT:ISOC_SKE_ITSPE(1.0),10/02/25 23:00:00,A,10-249,C10-S951_X_K,E_ITSP2,PC_ENT,EE,2022,15.85,,
ESTAT:ISOC_SKE_ITSPE(1.0),10/02/25 23:00:00,A,10-249,C10-S951_X_K,E_ITSP2,PC_ENT,EE,2024,17.74,,
ESTAT:ISOC_SKE_ITSPE(1.0),10/02/25 23:00:00,A,10-249,C10-S951_X_K,E_ITSP2,PC_ENT,EL,2012,33.67,,
ESTAT:ISOC_SKE_ITSPE(1.0),10/02/25 23:00:00,A,10-249,C10-S951_X_K,E_ITSP2,PC_ENT,EL,2014,23.63,,
ESTAT:ISOC_SKE_ITSPE(1.0),10/02/25 23:00:00,A,10-249,C10-S951_X_K,E_ITSP2,PC_ENT,EL,2015,25.17,,
ESTAT:ISOC_SKE_ITSPE(1.0),10/02/25 23:00:00,A,10-249,C10-S951_X_K,E_ITSP2,PC_ENT,EL,2016,28.60,,
ESTAT:ISOC_SKE_ITSPE(1.0),10/02/25 23:00:00,A,10-249,C10-S951_X_K,E_ITSP2,PC_ENT,EL,2017,19.40,,
ESTAT:ISOC_SKE_ITSPE(1.0),10/02/25 23:00:00,A,10-249,C10-S951_X_K,E_ITSP2,PC_ENT,EL,2018,21.02,,
ESTAT:ISOC_SKE_ITSPE(1.0),10/02/25 23:00:00,A,10-249,C10-S951_X_K,E_ITSP2,PC_ENT,EL,2019,20.72,,
ESTAT:ISOC_SKE_ITSPE(1.0),10/02/25 23:00:00,A,10-249,C10-S951_X_K,E_ITSP2,PC_ENT,EL,2020,18.37,,
ESTAT:ISOC_SKE_ITSPE(1.0),10/02/25 23:00:00,A,10-249,C10-S951_X_K,E_ITSP2,PC_ENT,EL,2022,19.24,,
ESTAT:ISOC_SKE_ITSPE(1.0),10/02/25 23:00:00,A,10-249,C10-S951_X_K,E_ITSP2,PC_ENT,EL,2024,21.32,,
ESTAT:ISOC_SKE_ITSPE(1.0),10/02/25 23:00:00,A,10-249,C10-S951_X_K,E_ITSP2,PC_ENT,ES,2012,21.33,,
ESTAT:ISOC_SKE_ITSPE(1.0),10/02/25 23:00:00,A,10-249,C10-S951_X_K,E_ITSP2,PC_ENT,ES,2014,23.44,,
ESTAT:ISOC_SKE_ITSPE(1.0),10/02/25 23:00:00,A,10-249,C10-S951_X_K,E_ITSP2,PC_ENT,ES,2015,23.99,,
ESTAT:ISOC_SKE_ITSPE(1.0),10/02/25 23:00:00,A,10-249,C10-S951_X_K,E_ITSP2,PC_ENT,ES,2016,23.87,,
ESTAT:ISOC_SKE_ITSPE(1.0),10/02/25 23:00:00,A,10-249,C10-S951_X_K,E_ITSP2,PC_ENT,ES,2017,19.67,,
ESTAT:ISOC_SKE_ITSPE(1.0),10/02/25 23:00:00,A,10-249,C10-S951_X_K,E_ITSP2,PC_ENT,ES,2018,16.62,,
ESTAT:ISOC_SKE_ITSPE(1.0),10/02/25 23:00:00,A,10-249,C10-S951_X_K,E_ITSP2,PC_ENT,ES,2019,15.40,,
ESTAT:ISOC_SKE_ITSPE(1.0),10/02/25 23:00:00,A,10-249,C10-S951_X_K,E_ITSP2,PC_ENT,ES,2020,15.60,,
ESTAT:ISOC_SKE_ITSPE(1.0),10/02/25 23:00:00,A,10-249,C10-S951_X_K,E_ITSP2,PC_ENT,ES,2022,14.69,,
ESTAT:ISOC_SKE_ITSPE(1.0),10/02/25 23:00:00,A,10-249,C10-S951_X_K,E_ITSP2,PC_ENT,ES,2024,12.88,,
ESTAT:ISOC_SKE_ITSPE(1.0),10/02/25 23:00:00,A,10-249,C10-S951_X_K,E_ITSP2,PC_ENT,EU15,2012,20.48,,
ESTAT:ISOC_SKE_ITSPE(1.0),10/02/25 23:00:00,A,10-249,C10-S951_X_K,E_ITSP2,PC_ENT,EU15,2014,19.39,,
ESTAT:ISOC_SKE_ITSPE(1.0),10/02/25 23:00:00,A,10-249,C10-S951_X_K,E_ITSP2,PC_ENT,EU15,2015,19.48,,
ESTAT:ISOC_SKE_ITSPE(1.0),10/02/25 23:00:00,A,10-249,C10-S951_X_K,E_ITSP2,PC_ENT,EU15,2016,19.87,,
ESTAT:ISOC_SKE_ITSPE(1.0),10/02/25 23:00:00,A,10-249,C10-S951_X_K,E_ITSP2,PC_ENT,EU15,2017,18.56,,
ESTAT:ISOC_SKE_ITSPE(1.0),10/02/25 23:00:00,A,10-249,C10-S951_X_K,E_ITSP2,PC_ENT,EU15,2018,18.77,,
ESTAT:ISOC_SKE_ITSPE(1.0),10/02/25 23:00:00,A,10-249,C10-S951_X_K,E_ITSP2,PC_ENT,EU27_2007,2012,19.62,,
ESTAT:ISOC_SKE_ITSPE(1.0),10/02/25 23:00:00,A,10-249,C10-S951_X_K,E_ITSP2,PC_ENT,EU27_2007,2014,18.33,,
ESTAT:ISOC_SKE_ITSPE(1.0),10/02/25 23:00:00,A,10-249,C10-S951_X_K,E_ITSP2,PC_ENT,EU27_2007,2015,18.51,,
ESTAT:ISOC_SKE_ITSPE(1.0),10/02/25 23:00:00,A,10-249,C10-S951_X_K,E_ITSP2,PC_ENT,EU27_2007,2016,18.86,,
ESTAT:ISOC_SKE_ITSPE(1.0),10/02/25 23:00:00,A,10-249,C10-S951_X_K,E_ITSP2,PC_ENT,EU27_2007,2017,17.77,,
ESTAT:ISOC_SKE_ITSPE(1.0),10/02/25 23:00:00,A,10-249,C10-S951_X_K,E_ITSP2,PC_ENT,EU27_2007,2018,18.00,,
ESTAT:ISOC_SKE_ITSPE(1.0),10/02/25 23:00:00,A,10-249,C10-S951_X_K,E_ITSP2,PC_ENT,EU27_2020,2012,18.43,,
ESTAT:ISOC_SKE_ITSPE(1.0),10/02/25 23:00:00,A,10-249,C10-S951_X_K,E_ITSP2,PC_ENT,EU27_2020,2014,17.70,,
ESTAT:ISOC_SKE_ITSPE(1.0),10/02/25 23:00:00,A,10-249,C10-S951_X_K,E_ITSP2,PC_ENT,EU27_2020,2015,18.19,,
ESTAT:ISOC_SKE_ITSPE(1.0),10/02/25 23:00:00,A,10-249,C10-S951_X_K,E_ITSP2,PC_ENT,EU27_2020,2016,18.39,,
ESTAT:ISOC_SKE_ITSPE(1.0),10/02/25 23:00:00,A,10-249,C10-S951_X_K,E_ITSP2,PC_ENT,EU27_2020,2017,17.38,,
ESTAT:ISOC_SKE_ITSPE(1.0),10/02/25 23:00:00,A,10-249,C10-S951_X_K,E_ITSP2,PC_ENT,EU27_2020,2018,17.31,,
ESTAT:ISOC_SKE_ITSPE(1.0),10/02/25 23:00:00,A,10-249,C10-S951_X_K,E_ITSP2,PC_ENT,EU27_2020,2019,17.70,,
ESTAT:ISOC_SKE_ITSPE(1.0),10/02/25 23:00:00,A,10-249,C10-S951_X_K,E_ITSP2,PC_ENT,EU27_2020,2020,17.62,,
ESTAT:ISOC_SKE_ITSPE(1.0),10/02/25 23:00:00,A,10-249,C10-S951_X_K,E_ITSP2,PC_ENT,EU27_2020,2022,19.28,,
ESTAT:ISOC_SKE_ITSPE(1.0),10/02/25 23:00:00,A,10-249,C10-S951_X_K,E_ITSP2,PC_ENT,EU27_2020,2024,18.28,,
ESTAT:ISOC_SKE_ITSPE(1.0),10/02/25 23:00:00,A,10-249,C10-S951_X_K,E_ITSP2,PC_ENT,EU28,2012,19.61,,
ESTAT:ISOC_SKE_ITSPE(1.0),10/02/25 23:00:00,A,10-249,C10-S951_X_K,E_ITSP2,PC_ENT,EU28,2014,18.32,,
ESTAT:ISOC_SKE_ITSPE(1.0),10/02/25 23:00:00,A,10-249,C10-S951_X_K,E_ITSP2,PC_ENT,EU28,2015,18.51,,
ESTAT:ISOC_SKE_ITSPE(1.0),10/02/25 23:00:00,A,10-249,C10-S951_X_K,E_ITSP2,PC_ENT,EU28,2016,18.83,,
ESTAT:ISOC_SKE_ITSPE(1.0),10/02/25 23:00:00,A,10-249,C10-S951_X_K,E_ITSP2,PC_ENT,EU28,2017,17.77,,
ESTAT:ISOC_SKE_ITSPE(1.0),10/02/25 23:00:00,A,10-249,C10-S951_X_K,E_ITSP2,PC_ENT,EU28,2018,18.00,,
ESTAT:ISOC_SKE_ITSPE(1.0),10/02/25 23:00:00,A,10-249,C10-S951_X_K,E_ITSP2,PC_ENT,EU28,2019,18.68,,
ESTAT:ISOC_SKE_ITSPE(1.0),10/02/25 23:00:00,A,10-249,C10-S951_X_K,E_ITSP2,PC_ENT,FI,2012,30.63,,
ESTAT:ISOC_SKE_ITSPE(1.0),10/02/25 23:00:00,A,10-249,C10-S951_X_K,E_ITSP2,PC_ENT,FI,2014,26.37,,
ESTAT:ISOC_SKE_ITSPE(1.0),10/02/25 23:00:00,A,10-249,C10-S951_X_K,E_ITSP2,PC_ENT,FI,2015,23.16,,
ESTAT:ISOC_SKE_ITSPE(1.0),10/02/25 23:00:00,A,10-249,C10-S951_X_K,E_ITSP2,PC_ENT,FI,2016,22.53,,
ESTAT:ISOC_SKE_ITSPE(1.0),10/02/25 23:00:00,A,10-249,C10-S951_X_K,E_ITSP2,PC_ENT,FI,2017,24.16,,
ESTAT:ISOC_SKE_ITSPE(1.0),10/02/25 23:00:00,A,10-249,C10-S951_X_K,E_ITSP2,PC_ENT,FI,2018,23.91,,
ESTAT:ISOC_SKE_ITSPE(1.0),10/02/25 23:00:00,A,10-249,C10-S951_X_K,E_ITSP2,PC_ENT,FI,2019,23.78,,
ESTAT:ISOC_SKE_ITSPE(1.0),10/02/25 23:00:00,A,10-249,C10-S951_X_K,E_ITSP2,PC_ENT,FI,2020,25.89,,
ESTAT:ISOC_SKE_ITSPE(1.0),10/02/25 23:00:00,A,10-249,C10-S951_X_K,E_ITSP2,PC_ENT,FI,2022,27.03,,
ESTAT:ISOC_SKE_ITSPE(1.0),10/02/25 23:00:00,A,10-249,C10-S951_X_K,E_ITSP2,PC_ENT,FI,2024,28.54,,
ESTAT:ISOC_SKE_ITSPE(1.0),10/02/25 23:00:00,A,10-249,C10-S951_X_K,E_ITSP2,PC_ENT,FR,2012,13.49,,
ESTAT:ISOC_SKE_ITSPE(1.0),10/02/25 23:00:00,A,10-249,C10-S951_X_K,E_ITSP2,PC_ENT,FR,2014,13.16,,
ESTAT:ISOC_SKE_ITSPE(1.0),10/02/25 23:00:00,A,10-249,C10-S951_X_K,E_ITSP2,PC_ENT,FR,2015,14.53,,
ESTAT:ISOC_SKE_ITSPE(1.0),10/02/25 23:00:00,A,10-249,C10-S951_X_K,E_ITSP2,PC_ENT,FR,2016,13.95,,
ESTAT:ISOC_SKE_ITSPE(1.0),10/02/25 23:00:00,A,10-249,C10-S951_X_K,E_ITSP2,PC_ENT,FR,2017,15.74,,
ESTAT:ISOC_SKE_ITSPE(1.0),10/02/25 23:00:00,A,10-249,C10-S951_X_K,E_ITSP2,PC_ENT,FR,2018,15.39,,
ESTAT:ISOC_SKE_ITSPE(1.0),10/02/25 23:00:00,A,10-249,C10-S951_X_K,E_ITSP2,PC_ENT,FR,2019,15.80,,
ESTAT:ISOC_SKE_ITSPE(1.0),10/02/25 23:00:00,A,10-249,C10-S951_X_K,E_ITSP2,PC_ENT,FR,2020,16.37,,
ESTAT:ISOC_SKE_ITSPE(1.0),10/02/25 23:00:00,A,10-249,C10-S951_X_K,E_ITSP2,PC_ENT,FR,2022,15.86,b,
ESTAT:ISOC_SKE_ITSPE(1.0),10/02/25 23:00:00,A,10-249,C10-S951_X_K,E_ITSP2,PC_ENT,FR,2024,14.29,,
ESTAT:ISOC_SKE_ITSPE(1.0),10/02/25 23:00:00,A,10-249,C10-S951_X_K,E_ITSP2,PC_ENT,HR,2012,18.51,,
ESTAT:ISOC_SKE_ITSPE(1.0),10/02/25 23:00:00,A,10-249,C10-S951_X_K,E_ITSP2,PC_ENT,HR,2014,17.23,,
ESTAT:ISOC_SKE_ITSPE(1.0),10/02/25 23:00:00,A,10-249,C10-S951_X_K,E_ITSP2,PC_ENT,HR,2015,19.46,,
ESTAT:ISOC_SKE_ITSPE(1.0),10/02/25 23:00:00,A,10-249,C10-S951_X_K,E_ITSP2,PC_ENT,HR,2016,14.96,,
ESTAT:ISOC_SKE_ITSPE(1.0),10/02/25 23:00:00,A,10-249,C10-S951_X_K,E_ITSP2,PC_ENT,HR,2017,17.93,,
ESTAT:ISOC_SKE_ITSPE(1.0),10/02/25 23:00:00,A,10-249,C10-S951_X_K,E_ITSP2,PC_ENT,HR,2018,18.04,,
ESTAT:ISOC_SKE_ITSPE(1.0),10/02/25 23:00:00,A,10-249,C10-S951_X_K,E_ITSP2,PC_ENT,HR,2019,17.17,,
ESTAT:ISOC_SKE_ITSPE(1.0),10/02/25 23:00:00,A,10-249,C10-S951_X_K,E_ITSP2,PC_ENT,HR,2020,16.58,,
ESTAT:ISOC_SKE_ITSPE(1.0),10/02/25 23:00:00,A,10-249,C10-S951_X_K,E_ITSP2,PC_ENT,HR,2022,15.10,,
ESTAT:ISOC_SKE_ITSPE(1.0),10/02/25 23:00:00,A,10-249,C10-S951_X_K,E_ITSP2,PC_ENT,HR,2024,14.14,,
ESTAT:ISOC_SKE_ITSPE(1.0),10/02/25 23:00:00,A,10-249,C10-S951_X_K,E_ITSP2,PC_ENT,HU,2012,28.89,,
ESTAT:ISOC_SKE_ITSPE(1.0),10/02/25 23:00:00,A,10-249,C10-S951_X_K,E_ITSP2,PC_ENT,HU,2014,25.02,,
ESTAT:ISOC_SKE_ITSPE(1.0),10/02/25 23:00:00,A,10-249,C10-S951_X_K,E_ITSP2,PC_ENT,HU,2015,23.90,,
ESTAT:ISOC_SKE_ITSPE(1.0),10/02/25 23:00:00,A,10-249,C10-S951_X_K,E_ITSP2,PC_ENT,HU,2016,24.30,,
ESTAT:ISOC_SKE_ITSPE(1.0),10/02/25 23:00:00,A,10-249,C10-S951_X_K,E_ITSP2,PC_ENT,HU,2017,25.81,,
ESTAT:ISOC_SKE_ITSPE(1.0),10/02/25 23:00:00,A,10-249,C10-S951_X_K,E_ITSP2,PC_ENT,HU,2018,24.64,,
ESTAT:ISOC_SKE_ITSPE(1.0),10/02/25 23:00:00,A,10-249,C10-S951_X_K,E_ITSP2,PC_ENT,HU,2019,24.41,,
ESTAT:ISOC_SKE_ITSPE(1.0),10/02/25 23:00:00,A,10-249,C10-S951_X_K,E_ITSP2,PC_ENT,HU,2020,27.32,,
ESTAT:ISOC_SKE_ITSPE(1.0),10/02/25 23:00:00,A,10-249,C10-S951_X_K,E_ITSP2,PC_ENT,HU,2022,28.92,,
ESTAT:ISOC_SKE_ITSPE(1.0),10/02/25 23:00:00,A,10-249,C10-S951_X_K,E_ITSP2,PC_ENT,HU,2024,27.72,,
ESTAT:ISOC_SKE_ITSPE(1.0),10/02/25 23:00:00,A,10-249,C10-S951_X_K,E_ITSP2,PC_ENT,IE,2012,30.81,,
ESTAT:ISOC_SKE_ITSPE(1.0),10/02/25 23:00:00,A,10-249,C10-S951_X_K,E_ITSP2,PC_ENT,IE,2014,26.42,,
ESTAT:ISOC_SKE_ITSPE(1.0),10/02/25 23:00:00,A,10-249,C10-S951_X_K,E_ITSP2,PC_ENT,IE,2015,28.97,,
ESTAT:ISOC_SKE_ITSPE(1.0),10/02/25 23:00:00,A,10-249,C10-S951_X_K,E_ITSP2,PC_ENT,IE,2016,33.86,,
ESTAT:ISOC_SKE_ITSPE(1.0),10/02/25 23:00:00,A,10-249,C10-S951_X_K,E_ITSP2,PC_ENT,IE,2017,31.70,,
ESTAT:ISOC_SKE_ITSPE(1.0),10/02/25 23:00:00,A,10-249,C10-S951_X_K,E_ITSP2,PC_ENT,IE,2018,31.02,,
ESTAT:ISOC_SKE_ITSPE(1.0),10/02/25 23:00:00,A,10-249,C10-S951_X_K,E_ITSP2,PC_ENT,IE,2019,30.15,,
ESTAT:ISOC_SKE_ITSPE(1.0),10/02/25 23:00:00,A,10-249,C10-S951_X_K,E_ITSP2,PC_ENT,IE,2020,28.81,,
ESTAT:ISOC_SKE_ITSPE(1.0),10/02/25 23:00:00,A,10-249,C10-S951_X_K,E_ITSP2,PC_ENT,IE,2022,28.95,,
ESTAT:ISOC_SKE_ITSPE(1.0),10/02/25 23:00:00,A,10-249,C10-S951_X_K,E_ITSP2,PC_ENT,IE,2024,28.71,,
ESTAT:ISOC_SKE_ITSPE(1.0),10/02/25 23:00:00,A,10-249,C10-S951_X_K,E_ITSP2,PC_ENT,IS,2012,24.52,,
ESTAT:ISOC_SKE_ITSPE(1.0),10/02/25 23:00:00,A,10-249,C10-S951_X_K,E_ITSP2,PC_ENT,IS,2014,20.81,,
ESTAT:ISOC_SKE_ITSPE(1.0),10/02/25 23:00:00,A,10-249,C10-S951_X_K,E_ITSP2,PC_ENT,IS,2017,15.79,,
ESTAT:ISOC_SKE_ITSPE(1.0),10/02/25 23:00:00,A,10-249,C10-S951_X_K,E_ITSP2,PC_ENT,IS,2020,11.44,,
ESTAT:ISOC_SKE_ITSPE(1.0),10/02/25 23:00:00,A,10-249,C10-S951_X_K,E_ITSP2,PC_ENT,IT,2012,13.20,,
ESTAT:ISOC_SKE_ITSPE(1.0),10/02/25 23:00:00,A,10-249,C10-S951_X_K,E_ITSP2,PC_ENT,IT,2014,14.22,,
ESTAT:ISOC_SKE_ITSPE(1.0),10/02/25 23:00:00,A,10-249,C10-S951_X_K,E_ITSP2,PC_ENT,IT,2015,15.70,,
ESTAT:ISOC_SKE_ITSPE(1.0),10/02/25 23:00:00,A,10-249,C10-S951_X_K,E_ITSP2,PC_ENT,IT,2016,15.85,,
ESTAT:ISOC_SKE_ITSPE(1.0),10/02/25 23:00:00,A,10-249,C10-S951_X_K,E_ITSP2,PC_ENT,IT,2017,15.21,,
ESTAT:ISOC_SKE_ITSPE(1.0),10/02/25 23:00:00,A,10-249,C10-S951_X_K,E_ITSP2,PC_ENT,IT,2018,15.20,,
ESTAT:ISOC_SKE_ITSPE(1.0),10/02/25 23:00:00,A,10-249,C10-S951_X_K,E_ITSP2,PC_ENT,IT,2019,15.00,,
ESTAT:ISOC_SKE_ITSPE(1.0),10/02/25 23:00:00,A,10-249,C10-S951_X_K,E_ITSP2,PC_ENT,IT,2020,11.58,,
ESTAT:ISOC_SKE_ITSPE(1.0),10/02/25 23:00:00,A,10-249,C10-S951_X_K,E_ITSP2,PC_ENT,IT,2022,12.15,,
ESTAT:ISOC_SKE_ITSPE(1.0),10/02/25 23:00:00,A,10-249,C10-S951_X_K,E_ITSP2,PC_ENT,IT,2024,11.27,,
ESTAT:ISOC_SKE_ITSPE(1.0),10/02/25 23:00:00,A,10-249,C10-S951_X_K,E_ITSP2,PC_ENT,LT,2012,20.61,,
ESTAT:ISOC_SKE_ITSPE(1.0),10/02/25 23:00:00,A,10-249,C10-S951_X_K,E_ITSP2,PC_ENT,LT,2014,14.49,,
ESTAT:ISOC_SKE_ITSPE(1.0),10/02/25 23:00:00,A,10-249,C10-S951_X_K,E_ITSP2,PC_ENT,LT,2015,13.49,,
ESTAT:ISOC_SKE_ITSPE(1.0),10/02/25 23:00:00,A,10-249,C10-S951_X_K,E_ITSP2,PC_ENT,LT,2016,13.93,,
ESTAT:ISOC_SKE_ITSPE(1.0),10/02/25 23:00:00,A,10-249,C10-S951_X_K,E_ITSP2,PC_ENT,LT,2017,16.47,,
ESTAT:ISOC_SKE_ITSPE(1.0),10/02/25 23:00:00,A,10-249,C10-S951_X_K,E_ITSP2,PC_ENT,LT,2018,15.43,,
ESTAT:ISOC_SKE_ITSPE(1.0),10/02/25 23:00:00,A,10-249,C10-S951_X_K,E_ITSP2,PC_ENT,LT,2019,13.53,,
ESTAT:ISOC_SKE_ITSPE(1.0),10/02/25 23:00:00,A,10-249,C10-S951_X_K,E_ITSP2,PC_ENT,LT,2020,14.10,,
ESTAT:ISOC_SKE_ITSPE(1.0),10/02/25 23:00:00,A,10-249,C10-S951_X_K,E_ITSP2,PC_ENT,LT,2022,15.29,,
ESTAT:ISOC_SKE_ITSPE(1.0),10/02/25 23:00:00,A,10-249,C10-S951_X_K,E_ITSP2,PC_ENT,LT,2024,14.10,,
ESTAT:ISOC_SKE_ITSPE(1.0),10/02/25 23:00:00,A,10-249,C10-S951_X_K,E_ITSP2,PC_ENT,LU,2012,30.48,,
ESTAT:ISOC_SKE_ITSPE(1.0),10/02/25 23:00:00,A,10-249,C10-S951_X_K,E_ITSP2,PC_ENT,LU,2014,18.61,,
ESTAT:ISOC_SKE_ITSPE(1.0),10/02/25 23:00:00,A,10-249,C10-S951_X_K,E_ITSP2,PC_ENT,LU,2015,23.22,,
ESTAT:ISOC_SKE_ITSPE(1.0),10/02/25 23:00:00,A,10-249,C10-S951_X_K,E_ITSP2,PC_ENT,LU,2016,22.30,,
ESTAT:ISOC_SKE_ITSPE(1.0),10/02/25 23:00:00,A,10-249,C10-S951_X_K,E_ITSP2,PC_ENT,LU,2017,22.97,,
ESTAT:ISOC_SKE_ITSPE(1.0),10/02/25 23:00:00,A,10-249,C10-S951_X_K,E_ITSP2,PC_ENT,LU,2018,22.02,,
ESTAT:ISOC_SKE_ITSPE(1.0),10/02/25 23:00:00,A,10-249,C10-S951_X_K,E_ITSP2,PC_ENT,LU,2019,22.91,,
ESTAT:ISOC_SKE_ITSPE(1.0),10/02/25 23:00:00,A,10-249,C10-S951_X_K,E_ITSP2,PC_ENT,LU,2020,20.41,,
ESTAT:ISOC_SKE_ITSPE(1.0),10/02/25 23:00:00,A,10-249,C10-S951_X_K,E_ITSP2,PC_ENT,LU,2022,21.58,,
ESTAT:ISOC_SKE_ITSPE(1.0),10/02/25 23:00:00,A,10-249,C10-S951_X_K,E_ITSP2,PC_ENT,LU,2024,21.60,,
ESTAT:ISOC_SKE_ITSPE(1.0),10/02/25 23:00:00,A,10-249,C10-S951_X_K,E_ITSP2,PC_ENT,LV,2012,21.61,,
ESTAT:ISOC_SKE_ITSPE(1.0),10/02/25 23:00:00,A,10-249,C10-S951_X_K,E_ITSP2,PC_ENT,LV,2014,19.42,,
ESTAT:ISOC_SKE_ITSPE(1.0),10/02/25 23:00:00,A,10-249,C10-S951_X_K,E_ITSP2,PC_ENT,LV,2015,17.29,,
ESTAT:ISOC_SKE_ITSPE(1.0),10/02/25 23:00:00,A,10-249,C10-S951_X_K,E_ITSP2,PC_ENT,LV,2016,16.02,,
ESTAT:ISOC_SKE_ITSPE(1.0),10/02/25 23:00:00,A,10-249,C10-S951_X_K,E_ITSP2,PC_ENT,LV,2017,12.13,,
ESTAT:ISOC_SKE_ITSPE(1.0),10/02/25 23:00:00,A,10-249,C10-S951_X_K,E_ITSP2,PC_ENT,LV,2018,14.04,,
ESTAT:ISOC_SKE_ITSPE(1.0),10/02/25 23:00:00,A,10-249,C10-S951_X_K,E_ITSP2,PC_ENT,LV,2019,18.75,,
ESTAT:ISOC_SKE_ITSPE(1.0),10/02/25 23:00:00,A,10-249,C10-S951_X_K,E_ITSP2,PC_ENT,LV,2020,18.64,,
ESTAT:ISOC_SKE_ITSPE(1.0),10/02/25 23:00:00,A,10-249,C10-S951_X_K,E_ITSP2,PC_ENT,LV,2022,17.28,,
ESTAT:ISOC_SKE_ITSPE(1.0),10/02/25 23:00:00,A,10-249,C10-S951_X_K,E_ITSP2,PC_ENT,LV,2024,16.41,,
ESTAT:ISOC_SKE_ITSPE(1.0),10/02/25 23:00:00,A,10-249,C10-S951_X_K,E_ITSP2,PC_ENT,ME,2016,16.32,,
ESTAT:ISOC_SKE_ITSPE(1.0),10/02/25 23:00:00,A,10-249,C10-S951_X_K,E_ITSP2,PC_ENT,ME,2017,17.56,,
ESTAT:ISOC_SKE_ITSPE(1.0),10/02/25 23:00:00,A,10-249,C10-S951_X_K,E_ITSP2,PC_ENT,ME,2018,18.01,,
ESTAT:ISOC_SKE_ITSPE(1.0),10/02/25 23:00:00,A,10-249,C10-S951_X_K,E_ITSP2,PC_ENT,ME,2019,19.53,,
ESTAT:ISOC_SKE_ITSPE(1.0),10/02/25 23:00:00,A,10-249,C10-S951_X_K,E_ITSP2,PC_ENT,ME,2020,26.38,,
ESTAT:ISOC_SKE_ITSPE(1.0),10/02/25 23:00:00,A,10-249,C10-S951_X_K,E_ITSP2,PC_ENT,ME,2022,26.88,,
ESTAT:ISOC_SKE_ITSPE(1.0),10/02/25 23:00:00,A,10-249,C10-S951_X_K,E_ITSP2,PC_ENT,ME,2024,31.78,,
ESTAT:ISOC_SKE_ITSPE(1.0),10/02/25 23:00:00,A,10-249,C10-S951_X_K,E_ITSP2,PC_ENT,MK,2012,15.52,,
ESTAT:ISOC_SKE_ITSPE(1.0),10/02/25 23:00:00,A,10-249,C10-S951_X_K,E_ITSP2,PC_ENT,MK,2014,12.33,,
ESTAT:ISOC_SKE_ITSPE(1.0),10/02/25 23:00:00,A,10-249,C10-S951_X_K,E_ITSP2,PC_ENT,MK,2015,11.11,,
ESTAT:ISOC_SKE_ITSPE(1.0),10/02/25 23:00:00,A,10-249,C10-S951_X_K,E_ITSP2,PC_ENT,MK,2016,13.42,,
ESTAT:ISOC_SKE_ITSPE(1.0),10/02/25 23:00:00,A,10-249,C10-S951_X_K,E_ITSP2,PC_ENT,MK,2020,10.58,,
ESTAT:ISOC_SKE_ITSPE(1.0),10/02/25 23:00:00,A,10-249,C10-S951_X_K,E_ITSP2,PC_ENT,MK,2022,10.78,,
ESTAT:ISOC_SKE_ITSPE(1.0),10/02/25 23:00:00,A,10-249,C10-S951_X_K,E_ITSP2,PC_ENT,MT,2012,24.33,,
ESTAT:ISOC_SKE_ITSPE(1.0),10/02/25 23:00:00,A,10-249,C10-S951_X_K,E_ITSP2,PC_ENT,MT,2014,23.58,,
ESTAT:ISOC_SKE_ITSPE(1.0),10/02/25 23:00:00,A,10-249,C10-S951_X_K,E_ITSP2,PC_ENT,MT,2015,24.33,,
ESTAT:ISOC_SKE_ITSPE(1.0),10/02/25 23:00:00,A,10-249,C10-S951_X_K,E_ITSP2,PC_ENT,MT,2016,24.44,,
ESTAT:ISOC_SKE_ITSPE(1.0),10/02/25 23:00:00,A,10-249,C10-S951_X_K,E_ITSP2,PC_ENT,MT,2017,22.15,,
ESTAT:ISOC_SKE_ITSPE(1.0),10/02/25 23:00:00,A,10-249,C10-S951_X_K,E_ITSP2,PC_ENT,MT,2018,22.13,,
ESTAT:ISOC_SKE_ITSPE(1.0),10/02/25 23:00:00,A,10-249,C10-S951_X_K,E_ITSP2,PC_ENT,MT,2019,25.96,,
ESTAT:ISOC_SKE_ITSPE(1.0),10/02/25 23:00:00,A,10-249,C10-S951_X_K,E_ITSP2,PC_ENT,MT,2020,27.06,,
ESTAT:ISOC_SKE_ITSPE(1.0),10/02/25 23:00:00,A,10-249,C10-S951_X_K,E_ITSP2,PC_ENT,MT,2022,31.92,,
ESTAT:ISOC_SKE_ITSPE(1.0),10/02/25 23:00:00,A,10-249,C10-S951_X_K,E_ITSP2,PC_ENT,MT,2024,32.43,,
ESTAT:ISOC_SKE_ITSPE(1.0),10/02/25 23:00:00,A,10-249,C10-S951_X_K,E_ITSP2,PC_ENT,NL,2012,23.71,,
ESTAT:ISOC_SKE_ITSPE(1.0),10/02/25 23:00:00,A,10-249,C10-S951_X_K,E_ITSP2,PC_ENT,NL,2014,25.11,,
ESTAT:ISOC_SKE_ITSPE(1.0),10/02/25 23:00:00,A,10-249,C10-S951_X_K,E_ITSP2,PC_ENT,NL,2015,26.29,,
ESTAT:ISOC_SKE_ITSPE(1.0),10/02/25 23:00:00,A,10-249,C10-S951_X_K,E_ITSP2,PC_ENT,NL,2016,24.48,,
ESTAT:ISOC_SKE_ITSPE(1.0),10/02/25 23:00:00,A,10-249,C10-S951_X_K,E_ITSP2,PC_ENT,NL,2017,25.03,,
ESTAT:ISOC_SKE_ITSPE(1.0),10/02/25 23:00:00,A,10-249,C10-S951_X_K,E_ITSP2,PC_ENT,NL,2018,25.55,,
ESTAT:ISOC_SKE_ITSPE(1.0),10/02/25 23:00:00,A,10-249,C10-S951_X_K,E_ITSP2,PC_ENT,NL,2019,23.65,,
ESTAT:ISOC_SKE_ITSPE(1.0),10/02/25 23:00:00,A,10-249,C10-S951_X_K,E_ITSP2,PC_ENT,NL,2020,22.49,,
ESTAT:ISOC_SKE_ITSPE(1.0),10/02/25 23:00:00,A,10-249,C10-S951_X_K,E_ITSP2,PC_ENT,NL,2022,28.99,,
ESTAT:ISOC_SKE_ITSPE(1.0),10/02/25 23:00:00,A,10-249,C10-S951_X_K,E_ITSP2,PC_ENT,NL,2024,27.69,,
ESTAT:ISOC_SKE_ITSPE(1.0),10/02/25 23:00:00,A,10-249,C10-S951_X_K,E_ITSP2,PC_ENT,NO,2012,29.62,,
ESTAT:ISOC_SKE_ITSPE(1.0),10/02/25 23:00:00,A,10-249,C10-S951_X_K,E_ITSP2,PC_ENT,NO,2014,18.39,,
ESTAT:ISOC_SKE_ITSPE(1.0),10/02/25 23:00:00,A,10-249,C10-S951_X_K,E_ITSP2,PC_ENT,NO,2015,17.81,,
ESTAT:ISOC_SKE_ITSPE(1.0),10/02/25 23:00:00,A,10-249,C10-S951_X_K,E_ITSP2,PC_ENT,NO,2016,17.59,,
ESTAT:ISOC_SKE_ITSPE(1.0),10/02/25 23:00:00,A,10-249,C10-S951_X_K,E_ITSP2,PC_ENT,NO,2017,17.33,,
ESTAT:ISOC_SKE_ITSPE(1.0),10/02/25 23:00:00,A,10-249,C10-S951_X_K,E_ITSP2,PC_ENT,NO,2018,17.25,,
ESTAT:ISOC_SKE_ITSPE(1.0),10/02/25 23:00:00,A,10-249,C10-S951_X_K,E_ITSP2,PC_ENT,NO,2019,17.65,,
ESTAT:ISOC_SKE_ITSPE(1.0),10/02/25 23:00:00,A,10-249,C10-S951_X_K,E_ITSP2,PC_ENT,NO,2020,15.55,,
ESTAT:ISOC_SKE_ITSPE(1.0),10/02/25 23:00:00,A,10-249,C10-S951_X_K,E_ITSP2,PC_ENT,NO,2022,18.46,,
ESTAT:ISOC_SKE_ITSPE(1.0),10/02/25 23:00:00,A,10-249,C10-S951_X_K,E_ITSP2,PC_ENT,NO,2024,19.55,,
ESTAT:ISOC_SKE_ITSPE(1.0),10/02/25 23:00:00,A,10-249,C10-S951_X_K,E_ITSP2,PC_ENT,PL,2012,12.24,,
ESTAT:ISOC_SKE_ITSPE(1.0),10/02/25 23:00:00,A,10-249,C10-S951_X_K,E_ITSP2,PC_ENT,PL,2014,8.31,,
ESTAT:ISOC_SKE_ITSPE(1.0),10/02/25 23:00:00,A,10-249,C10-S951_X_K,E_ITSP2,PC_ENT,PL,2015,10.10,,
ESTAT:ISOC_SKE_ITSPE(1.0),10/02/25 23:00:00,A,10-249,C10-S951_X_K,E_ITSP2,PC_ENT,PL,2016,10.38,,
ESTAT:ISOC_SKE_ITSPE(1.0),10/02/25 23:00:00,A,10-249,C10-S951_X_K,E_ITSP2,PC_ENT,PL,2017,10.25,,
ESTAT:ISOC_SKE_ITSPE(1.0),10/02/25 23:00:00,A,10-249,C10-S951_X_K,E_ITSP2,PC_ENT,PL,2018,11.13,,
ESTAT:ISOC_SKE_ITSPE(1.0),10/02/25 23:00:00,A,10-249,C10-S951_X_K,E_ITSP2,PC_ENT,PL,2019,21.50,,
ESTAT:ISOC_SKE_ITSPE(1.0),10/02/25 23:00:00,A,10-249,C10-S951_X_K,E_ITSP2,PC_ENT,PL,2020,23.16,,
ESTAT:ISOC_SKE_ITSPE(1.0),10/02/25 23:00:00,A,10-249,C10-S951_X_K,E_ITSP2,PC_ENT,PL,2022,28.84,,
ESTAT:ISOC_SKE_ITSPE(1.0),10/02/25 23:00:00,A,10-249,C10-S951_X_K,E_ITSP2,PC_ENT,PL,2024,23.75,,
ESTAT:ISOC_SKE_ITSPE(1.0),10/02/25 23:00:00,A,10-249,C10-S951_X_K,E_ITSP2,PC_ENT,PT,2012,27.91,,
ESTAT:ISOC_SKE_ITSPE(1.0),10/02/25 23:00:00,A,10-249,C10-S951_X_K,E_ITSP2,PC_ENT,PT,2014,17.94,,
ESTAT:ISOC_SKE_ITSPE(1.0),10/02/25 23:00:00,A,10-249,C10-S951_X_K,E_ITSP2,PC_ENT,PT,2015,18.48,,
ESTAT:ISOC_SKE_ITSPE(1.0),10/02/25 23:00:00,A,10-249,C10-S951_X_K,E_ITSP2,PC_ENT,PT,2016,17.64,,
ESTAT:ISOC_SKE_ITSPE(1.0),10/02/25 23:00:00,A,10-249,C10-S951_X_K,E_ITSP2,PC_ENT,PT,2017,18.45,,
ESTAT:ISOC_SKE_ITSPE(1.0),10/02/25 23:00:00,A,10-249,C10-S951_X_K,E_ITSP2,PC_ENT,PT,2018,17.17,,
ESTAT:ISOC_SKE_ITSPE(1.0),10/02/25 23:00:00,A,10-249,C10-S951_X_K,E_ITSP2,PC_ENT,PT,2019,19.70,,
ESTAT:ISOC_SKE_ITSPE(1.0),10/02/25 23:00:00,A,10-249,C10-S951_X_K,E_ITSP2,PC_ENT,PT,2020,18.35,,
ESTAT:ISOC_SKE_ITSPE(1.0),10/02/25 23:00:00,A,10-249,C10-S951_X_K,E_ITSP2,PC_ENT,PT,2022,18.75,,
ESTAT:ISOC_SKE_ITSPE(1.0),10/02/25 23:00:00,A,10-249,C10-S951_X_K,E_ITSP2,PC_ENT,PT,2024,19.22,,
ESTAT:ISOC_SKE_ITSPE(1.0),10/02/25 23:00:00,A,10-249,C10-S951_X_K,E_ITSP2,PC_ENT,RO,2012,3.81,,
ESTAT:ISOC_SKE_ITSPE(1.0),10/02/25 23:00:00,A,10-249,C10-S951_X_K,E_ITSP2,PC_ENT,RO,2014,10.66,,
ESTAT:ISOC_SKE_ITSPE(1.0),10/02/25 23:00:00,A,10-249,C10-S951_X_K,E_ITSP2,PC_ENT,RO,2015,11.91,,
ESTAT:ISOC_SKE_ITSPE(1.0),10/02/25 23:00:00,A,10-249,C10-S951_X_K,E_ITSP2,PC_ENT,RO,2016,10.12,,
ESTAT:ISOC_SKE_ITSPE(1.0),10/02/25 23:00:00,A,10-249,C10-S951_X_K,E_ITSP2,PC_ENT,RO,2017,8.59,,
ESTAT:ISOC_SKE_ITSPE(1.0),10/02/25 23:00:00,A,10-249,C10-S951_X_K,E_ITSP2,PC_ENT,RO,2018,10.09,,
ESTAT:ISOC_SKE_ITSPE(1.0),10/02/25 23:00:00,A,10-249,C10-S951_X_K,E_ITSP2,PC_ENT,RO,2019,9.38,,
ESTAT:ISOC_SKE_ITSPE(1.0),10/02/25 23:00:00,A,10-249,C10-S951_X_K,E_ITSP2,PC_ENT,RO,2020,14.53,,
ESTAT:ISOC_SKE_ITSPE(1.0),10/02/25 23:00:00,A,10-249,C10-S951_X_K,E_ITSP2,PC_ENT,RO,2022,10.17,,
ESTAT:ISOC_SKE_ITSPE(1.0),10/02/25 23:00:00,A,10-249,C10-S951_X_K,E_ITSP2,PC_ENT,RO,2024,11.70,,
ESTAT:ISOC_SKE_ITSPE(1.0),10/02/25 23:00:00,A,10-249,C10-S951_X_K,E_ITSP2,PC_ENT,RS,2014,20.71,,
ESTAT:ISOC_SKE_ITSPE(1.0),10/02/25 23:00:00,A,10-249,C10-S951_X_K,E_ITSP2,PC_ENT,RS,2017,20.66,,
ESTAT:ISOC_SKE_ITSPE(1.0),10/02/25 23:00:00,A,10-249,C10-S951_X_K,E_ITSP2,PC_ENT,RS,2018,18.22,,
ESTAT:ISOC_SKE_ITSPE(1.0),10/02/25 23:00:00,A,10-249,C10-S951_X_K,E_ITSP2,PC_ENT,RS,2019,18.55,,
ESTAT:ISOC_SKE_ITSPE(1.0),10/02/25 23:00:00,A,10-249,C10-S951_X_K,E_ITSP2,PC_ENT,RS,2020,17.37,,
ESTAT:ISOC_SKE_ITSPE(1.0),10/02/25 23:00:00,A,10-249,C10-S951_X_K,E_ITSP2,PC_ENT,RS,2022,22.06,,
ESTAT:ISOC_SKE_ITSPE(1.0),10/02/25 23:00:00,A,10-249,C10-S951_X_K,E_ITSP2,PC_ENT,RS,2024,23.03,,
ESTAT:ISOC_SKE_ITSPE(1.0),10/02/25 23:00:00,A,10-249,C10-S951_X_K,E_ITSP2,PC_ENT,SE,2012,20.69,,
ESTAT:ISOC_SKE_ITSPE(1.0),10/02/25 23:00:00,A,10-249,C10-S951_X_K,E_ITSP2,PC_ENT,SE,2014,18.62,,
ESTAT:ISOC_SKE_ITSPE(1.0),10/02/25 23:00:00,A,10-249,C10-S951_X_K,E_ITSP2,PC_ENT,SE,2015,17.90,,
ESTAT:ISOC_SKE_ITSPE(1.0),10/02/25 23:00:00,A,10-249,C10-S951_X_K,E_ITSP2,PC_ENT,SE,2016,16.24,,
ESTAT:ISOC_SKE_ITSPE(1.0),10/02/25 23:00:00,A,10-249,C10-S951_X_K,E_ITSP2,PC_ENT,SE,2017,18.88,,
ESTAT:ISOC_SKE_ITSPE(1.0),10/02/25 23:00:00,A,10-249,C10-S951_X_K,E_ITSP2,PC_ENT,SE,2018,17.66,,
ESTAT:ISOC_SKE_ITSPE(1.0),10/02/25 23:00:00,A,10-249,C10-S951_X_K,E_ITSP2,PC_ENT,SE,2019,16.75,,
ESTAT:ISOC_SKE_ITSPE(1.0),10/02/25 23:00:00,A,10-249,C10-S951_X_K,E_ITSP2,PC_ENT,SE,2020,19.49,,
ESTAT:ISOC_SKE_ITSPE(1.0),10/02/25 23:00:00,A,10-249,C10-S951_X_K,E_ITSP2,PC_ENT,SE,2022,21.41,,
ESTAT:ISOC_SKE_ITSPE(1.0),10/02/25 23:00:00,A,10-249,C10-S951_X_K,E_ITSP2,PC_ENT,SE,2024,19.59,b,
ESTAT:ISOC_SKE_ITSPE(1.0),10/02/25 23:00:00,A,10-249,C10-S951_X_K,E_ITSP2,PC_ENT,SI,2012,18.60,,
ESTAT:ISOC_SKE_ITSPE(1.0),10/02/25 23:00:00,A,10-249,C10-S951_X_K,E_ITSP2,PC_ENT,SI,2014,17.33,,
ESTAT:ISOC_SKE_ITSPE(1.0),10/02/25 23:00:00,A,10-249,C10-S951_X_K,E_ITSP2,PC_ENT,SI,2015,17.80,,
ESTAT:ISOC_SKE_ITSPE(1.0),10/02/25 23:00:00,A,10-249,C10-S951_X_K,E_ITSP2,PC_ENT,SI,2016,18.10,,
ESTAT:ISOC_SKE_ITSPE(1.0),10/02/25 23:00:00,A,10-249,C10-S951_X_K,E_ITSP2,PC_ENT,SI,2017,17.11,,
ESTAT:ISOC_SKE_ITSPE(1.0),10/02/25 23:00:00,A,10-249,C10-S951_X_K,E_ITSP2,PC_ENT,SI,2018,18.38,,
ESTAT:ISOC_SKE_ITSPE(1.0),10/02/25 23:00:00,A,10-249,C10-S951_X_K,E_ITSP2,PC_ENT,SI,2019,15.96,,
ESTAT:ISOC_SKE_ITSPE(1.0),10/02/25 23:00:00,A,10-249,C10-S951_X_K,E_ITSP2,PC_ENT,SI,2020,14.81,,
ESTAT:ISOC_SKE_ITSPE(1.0),10/02/25 23:00:00,A,10-249,C10-S951_X_K,E_ITSP2,PC_ENT,SI,2022,18.75,,
ESTAT:ISOC_SKE_ITSPE(1.0),10/02/25 23:00:00,A,10-249,C10-S951_X_K,E_ITSP2,PC_ENT,SI,2024,15.77,,
ESTAT:ISOC_SKE_ITSPE(1.0),10/02/25 23:00:00,A,10-249,C10-S951_X_K,E_ITSP2,PC_ENT,SK,2012,22.53,,
ESTAT:ISOC_SKE_ITSPE(1.0),10/02/25 23:00:00,A,10-249,C10-S951_X_K,E_ITSP2,PC_ENT,SK,2014,15.89,,
ESTAT:ISOC_SKE_ITSPE(1.0),10/02/25 23:00:00,A,10-249,C10-S951_X_K,E_ITSP2,PC_ENT,SK,2015,17.15,,
ESTAT:ISOC_SKE_ITSPE(1.0),10/02/25 23:00:00,A,10-249,C10-S951_X_K,E_ITSP2,PC_ENT,SK,2016,17.50,,
ESTAT:ISOC_SKE_ITSPE(1.0),10/02/25 23:00:00,A,10-249,C10-S951_X_K,E_ITSP2,PC_ENT,SK,2017,17.09,,
ESTAT:ISOC_SKE_ITSPE(1.0),10/02/25 23:00:00,A,10-249,C10-S951_X_K,E_ITSP2,PC_ENT,SK,2018,15.14,,
ESTAT:ISOC_SKE_ITSPE(1.0),10/02/25 23:00:00,A,10-249,C10-S951_X_K,E_ITSP2,PC_ENT,SK,2019,15.28,,
ESTAT:ISOC_SKE_ITSPE(1.0),10/02/25 23:00:00,A,10-249,C10-S951_X_K,E_ITSP2,PC_ENT,SK,2020,14.39,,
ESTAT:ISOC_SKE_ITSPE(1.0),10/02/25 23:00:00,A,10-249,C10-S951_X_K,E_ITSP2,PC_ENT,SK,2022,15.22,,
ESTAT:ISOC_SKE_ITSPE(1.0),10/02/25 23:00:00,A,10-249,C10-S951_X_K,E_ITSP2,PC_ENT,SK,2024,14.79,,
ESTAT:ISOC_SKE_ITSPE(1.0),10/02/25 23:00:00,A,10-249,C10-S951_X_K,E_ITSP2,PC_ENT,TR,2015,,u,
ESTAT:ISOC_SKE_ITSPE(1.0),10/02/25 23:00:00,A,10-249,C10-S951_X_K,E_ITSP2,PC_ENT,TR,2018,10.45,,
ESTAT:ISOC_SKE_ITSPE(1.0),10/02/25 23:00:00,A,10-249,C10-S951_X_K,E_ITSP2,PC_ENT,TR,2019,12.40,,
ESTAT:ISOC_SKE_ITSPE(1.0),10/02/25 23:00:00,A,10-249,C10-S951_X_K,E_ITSP2,PC_ENT,TR,2020,10.31,,
ESTAT:ISOC_SKE_ITSPE(1.0),10/02/25 23:00:00,A,10-249,C10-S951_X_K,E_ITSP2,PC_ENT,TR,2022,16.39,,
ESTAT:ISOC_SKE_ITSPE(1.0),10/02/25 23:00:00,A,10-249,C10-S951_X_K,E_ITSP2,PC_ENT,TR,2024,11.68,,
ESTAT:ISOC_SKE_ITSPE(1.0),10/02/25 23:00:00,A,10-249,C10-S951_X_K,E_ITSP2,PC_ENT,UK,2012,28.63,,
ESTAT:ISOC_SKE_ITSPE(1.0),10/02/25 23:00:00,A,10-249,C10-S951_X_K,E_ITSP2,PC_ENT,UK,2014,22.59,,
ESTAT:ISOC_SKE_ITSPE(1.0),10/02/25 23:00:00,A,10-249,C10-S951_X_K,E_ITSP2,PC_ENT,UK,2015,20.61,,
ESTAT:ISOC_SKE_ITSPE(1.0),10/02/25 23:00:00,A,10-249,C10-S951_X_K,E_ITSP2,PC_ENT,UK,2016,21.82,,
ESTAT:ISOC_SKE_ITSPE(1.0),10/02/25 23:00:00,A,10-249,C10-S951_X_K,E_ITSP2,PC_ENT,UK,2017,20.45,,
ESTAT:ISOC_SKE_ITSPE(1.0),10/02/25 23:00:00,A,10-249,C10-S951_X_K,E_ITSP2,PC_ENT,UK,2018,22.74,,
ESTAT:ISOC_SKE_ITSPE(1.0),10/02/25 23:00:00,A,10-249,C10-S951_X_K,E_ITSP2,PC_ENT,UK,2019,25.51,,
ESTAT:ISOC_SKE_ITSPE(1.0),10/02/25 23:00:00,A,10-249,C10-S951_X_K,E_ITSP2,PC_ENT,UK,2020,27.83,,
ESTAT:ISOC_SKE_ITSPE(1.0),10/02/25 23:00:00,A,10-249,C10-S951_X_K,E_ITSP2,PC_ENT_CUSE,AT,2012,30.12,,
ESTAT:ISOC_SKE_ITSPE(1.0),10/02/25 23:00:00,A,10-249,C10-S951_X_K,E_ITSP2,PC_ENT_CUSE,AT,2014,21.92,,
ESTAT:ISOC_SKE_ITSPE(1.0),10/02/25 23:00:00,A,10-249,C10-S951_X_K,E_ITSP2,PC_ENT_CUSE,AT,2015,22.18,,
ESTAT:ISOC_SKE_ITSPE(1.0),10/02/25 23:00:00,A,10-249,C10-S951_X_K,E_ITSP2,PC_ENT_CUSE,AT,2016,23.19,,
ESTAT:ISOC_SKE_ITSPE(1.0),10/02/25 23:00:00,A,10-249,C10-S951_X_K,E_ITSP2,PC_ENT_CUSE,AT,2017,21.48,,
ESTAT:ISOC_SKE_ITSPE(1.0),10/02/25 23:00:00,A,10-249,C10-S951_X_K,E_ITSP2,PC_ENT_CUSE,AT,2018,18.37,,
ESTAT:ISOC_SKE_ITSPE(1.0),10/02/25 23:00:00,A,10-249,C10-S951_X_K,E_ITSP2,PC_ENT_CUSE,AT,2019,18.04,,
ESTAT:ISOC_SKE_ITSPE(1.0),10/02/25 23:00:00,A,10-249,C10-S951_X_K,E_ITSP2,PC_ENT_CUSE,BA,2018,15.83,,
ESTAT:ISOC_SKE_ITSPE(1.0),10/02/25 23:00:00,A,10-249,C10-S951_X_K,E_ITSP2,PC_ENT_CUSE,BA,2019,15.22,,
ESTAT:ISOC_SKE_ITSPE(1.0),10/02/25 23:00:00,A,10-249,C10-S951_X_K,E_ITSP2,PC_ENT_CUSE,BE,2012,26.80,,
ESTAT:ISOC_SKE_ITSPE(1.0),10/02/25 23:00:00,A,10-249,C10-S951_X_K,E_ITSP2,PC_ENT_CUSE,BE,2014,24.88,,
ESTAT:ISOC_SKE_ITSPE(1.0),10/02/25 23:00:00,A,10-249,C10-S951_X_K,E_ITSP2,PC_ENT_CUSE,BE,2015,26.51,,
ESTAT:ISOC_SKE_ITSPE(1.0),10/02/25 23:00:00,A,10-249,C10-S951_X_K,E_ITSP2,PC_ENT_CUSE,BE,2016,23.90,,
ESTAT:ISOC_SKE_ITSPE(1.0),10/02/25 23:00:00,A,10-249,C10-S951_X_K,E_ITSP2,PC_ENT_CUSE,BE,2017,27.64,,
ESTAT:ISOC_SKE_ITSPE(1.0),10/02/25 23:00:00,A,10-249,C10-S951_X_K,E_ITSP2,PC_ENT_CUSE,BE,2018,26.31,,
ESTAT:ISOC_SKE_ITSPE(1.0),10/02/25 23:00:00,A,10-249,C10-S951_X_K,E_ITSP2,PC_ENT_CUSE,BE,2019,26.00,,
ESTAT:ISOC_SKE_ITSPE(1.0),10/02/25 23:00:00,A,10-249,C10-S951_X_K,E_ITSP2,PC_ENT_CUSE,BG,2012,14.41,,
ESTAT:ISOC_SKE_ITSPE(1.0),10/02/25 23:00:00,A,10-249,C10-S951_X_K,E_ITSP2,PC_ENT_CUSE,BG,2014,21.47,,
ESTAT:ISOC_SKE_ITSPE(1.0),10/02/25 23:00:00,A,10-249,C10-S951_X_K,E_ITSP2,PC_ENT_CUSE,BG,2015,20.91,,
ESTAT:ISOC_SKE_ITSPE(1.0),10/02/25 23:00:00,A,10-249,C10-S951_X_K,E_ITSP2,PC_ENT_CUSE,BG,2016,20.15,,
ESTAT:ISOC_SKE_ITSPE(1.0),10/02/25 23:00:00,A,10-249,C10-S951_X_K,E_ITSP2,PC_ENT_CUSE,BG,2017,18.78,,
ESTAT:ISOC_SKE_ITSPE(1.0),10/02/25 23:00:00,A,10-249,C10-S951_X_K,E_ITSP2,PC_ENT_CUSE,BG,2018,19.34,,
ESTAT:ISOC_SKE_ITSPE(1.0),10/02/25 23:00:00,A,10-249,C10-S951_X_K,E_ITSP2,PC_ENT_CUSE,BG,2019,19.97,,
ESTAT:ISOC_SKE_ITSPE(1.0),10/02/25 23:00:00,A,10-249,C10-S951_X_K,E_ITSP2,PC_ENT_CUSE,CY,2012,23.67,,
ESTAT:ISOC_SKE_ITSPE(1.0),10/02/25 23:00:00,A,10-249,C10-S951_X_K,E_ITSP2,PC_ENT_CUSE,CY,2014,24.28,,
ESTAT:ISOC_SKE_ITSPE(1.0),10/02/25 23:00:00,A,10-249,C10-S951_X_K,E_ITSP2,PC_ENT_CUSE,CY,2015,26.12,,
ESTAT:ISOC_SKE_ITSPE(1.0),10/02/25 23:00:00,A,10-249,C10-S951_X_K,E_ITSP2,PC_ENT_CUSE,CY,2016,24.00,,
ESTAT:ISOC_SKE_ITSPE(1.0),10/02/25 23:00:00,A,10-249,C10-S951_X_K,E_ITSP2,PC_ENT_CUSE,CY,2017,24.40,,
ESTAT:ISOC_SKE_ITSPE(1.0),10/02/25 23:00:00,A,10-249,C10-S951_X_K,E_ITSP2,PC_ENT_CUSE,CY,2018,22.22,,
ESTAT:ISOC_SKE_ITSPE(1.0),10/02/25 23:00:00,A,10-249,C10-S951_X_K,E_ITSP2,PC_ENT_CUSE,CY,2019,22.45,,
ESTAT:ISOC_SKE_ITSPE(1.0),10/02/25 23:00:00,A,10-249,C10-S951_X_K,E_ITSP2,PC_ENT_CUSE,CZ,2012,28.01,,
ESTAT:ISOC_SKE_ITSPE(1.0),10/02/25 23:00:00,A,10-249,C10-S951_X_K,E_ITSP2,PC_ENT_CUSE,CZ,2014,18.42,,
ESTAT:ISOC_SKE_ITSPE(1.0),10/02/25 23:00:00,A,10-249,C10-S951_X_K,E_ITSP2,PC_ENT_CUSE,CZ,2015,17.10,,
ESTAT:ISOC_SKE_ITSPE(1.0),10/02/25 23:00:00,A,10-249,C10-S951_X_K,E_ITSP2,PC_ENT_CUSE,CZ,2016,17.12,,
ESTAT:ISOC_SKE_ITSPE(1.0),10/02/25 23:00:00,A,10-249,C10-S951_X_K,E_ITSP2,PC_ENT_CUSE,CZ,2017,18.30,,
ESTAT:ISOC_SKE_ITSPE(1.0),10/02/25 23:00:00,A,10-249,C10-S951_X_K,E_ITSP2,PC_ENT_CUSE,CZ,2018,17.13,,
ESTAT:ISOC_SKE_ITSPE(1.0),10/02/25 23:00:00,A,10-249,C10-S951_X_K,E_ITSP2,PC_ENT_CUSE,CZ,2019,18.35,,
ESTAT:ISOC_SKE_ITSPE(1.0),10/02/25 23:00:00,A,10-249,C10-S951_X_K,E_ITSP2,PC_ENT_CUSE,DE,2012,19.63,,
ESTAT:ISOC_SKE_ITSPE(1.0),10/02/25 23:00:00,A,10-249,C10-S951_X_K,E_ITSP2,PC_ENT_CUSE,DE,2014,20.49,,
ESTAT:ISOC_SKE_ITSPE(1.0),10/02/25 23:00:00,A,10-249,C10-S951_X_K,E_ITSP2,PC_ENT_CUSE,DE,2015,19.42,,
ESTAT:ISOC_SKE_ITSPE(1.0),10/02/25 23:00:00,A,10-249,C10-S951_X_K,E_ITSP2,PC_ENT_CUSE,DE,2016,20.77,,
ESTAT:ISOC_SKE_ITSPE(1.0),10/02/25 23:00:00,A,10-249,C10-S951_X_K,E_ITSP2,PC_ENT_CUSE,DE,2017,17.43,,
ESTAT:ISOC_SKE_ITSPE(1.0),10/02/25 23:00:00,A,10-249,C10-S951_X_K,E_ITSP2,PC_ENT_CUSE,DE,2018,18.38,,
ESTAT:ISOC_SKE_ITSPE(1.0),10/02/25 23:00:00,A,10-249,C10-S951_X_K,E_ITSP2,PC_ENT_CUSE,DE,2019,17.24,,
ESTAT:ISOC_SKE_ITSPE(1.0),10/02/25 23:00:00,A,10-249,C10-S951_X_K,E_ITSP2,PC_ENT_CUSE,DK,2012,25.07,,
ESTAT:ISOC_SKE_ITSPE(1.0),10/02/25 23:00:00,A,10-249,C10-S951_X_K,E_ITSP2,PC_ENT_CUSE,DK,2014,25.23,,
ESTAT:ISOC_SKE_ITSPE(1.0),10/02/25 23:00:00,A,10-249,C10-S951_X_K,E_ITSP2,PC_ENT_CUSE,DK,2015,22.84,,
ESTAT:ISOC_SKE_ITSPE(1.0),10/02/25 23:00:00,A,10-249,C10-S951_X_K,E_ITSP2,PC_ENT_CUSE,DK,2016,23.76,,
ESTAT:ISOC_SKE_ITSPE(1.0),10/02/25 23:00:00,A,10-249,C10-S951_X_K,E_ITSP2,PC_ENT_CUSE,DK,2017,22.77,,
ESTAT:ISOC_SKE_ITSPE(1.0),10/02/25 23:00:00,A,10-249,C10-S951_X_K,E_ITSP2,PC_ENT_CUSE,DK,2018,26.11,,
ESTAT:ISOC_SKE_ITSPE(1.0),10/02/25 23:00:00,A,10-249,C10-S951_X_K,E_ITSP2,PC_ENT_CUSE,DK,2019,27.85,,
ESTAT:ISOC_SKE_ITSPE(1.0),10/02/25 23:00:00,A,10-249,C10-S951_X_K,E_ITSP2,PC_ENT_CUSE,EA,2012,19.40,,
ESTAT:ISOC_SKE_ITSPE(1.0),10/02/25 23:00:00,A,10-249,C10-S951_X_K,E_ITSP2,PC_ENT_CUSE,EA,2014,18.91,,
ESTAT:ISOC_SKE_ITSPE(1.0),10/02/25 23:00:00,A,10-249,C10-S951_X_K,E_ITSP2,PC_ENT_CUSE,EA,2015,19.36,,
ESTAT:ISOC_SKE_ITSPE(1.0),10/02/25 23:00:00,A,10-249,C10-S951_X_K,E_ITSP2,PC_ENT_CUSE,EA,2016,19.63,,
ESTAT:ISOC_SKE_ITSPE(1.0),10/02/25 23:00:00,A,10-249,C10-S951_X_K,E_ITSP2,PC_ENT_CUSE,EA,2017,18.27,,
ESTAT:ISOC_SKE_ITSPE(1.0),10/02/25 23:00:00,A,10-249,C10-S951_X_K,E_ITSP2,PC_ENT_CUSE,EA,2018,18.04,,
ESTAT:ISOC_SKE_ITSPE(1.0),10/02/25 23:00:00,A,10-249,C10-S951_X_K,E_ITSP2,PC_ENT_CUSE,EA,2019,17.57,,
ESTAT:ISOC_SKE_ITSPE(1.0),10/02/25 23:00:00,A,10-249,C10-S951_X_K,E_ITSP2,PC_ENT_CUSE,EE,2012,16.74,,
ESTAT:ISOC_SKE_ITSPE(1.0),10/02/25 23:00:00,A,10-249,C10-S951_X_K,E_ITSP2,PC_ENT_CUSE,EE,2014,14.31,,
ESTAT:ISOC_SKE_ITSPE(1.0),10/02/25 23:00:00,A,10-249,C10-S951_X_K,E_ITSP2,PC_ENT_CUSE,EE,2015,13.47,,
ESTAT:ISOC_SKE_ITSPE(1.0),10/02/25 23:00:00,A,10-249,C10-S951_X_K,E_ITSP2,PC_ENT_CUSE,EE,2016,13.76,,
ESTAT:ISOC_SKE_ITSPE(1.0),10/02/25 23:00:00,A,10-249,C10-S951_X_K,E_ITSP2,PC_ENT_CUSE,EE,2017,14.09,,
ESTAT:ISOC_SKE_ITSPE(1.0),10/02/25 23:00:00,A,10-249,C10-S951_X_K,E_ITSP2,PC_ENT_CUSE,EE,2018,12.19,,
ESTAT:ISOC_SKE_ITSPE(1.0),10/02/25 23:00:00,A,10-249,C10-S951_X_K,E_ITSP2,PC_ENT_CUSE,EE,2019,13.67,,
ESTAT:ISOC_SKE_ITSPE(1.0),10/02/25 23:00:00,A,10-249,C10-S951_X_K,E_ITSP2,PC_ENT_CUSE,EL,2012,36.12,,
ESTAT:ISOC_SKE_ITSPE(1.0),10/02/25 23:00:00,A,10-249,C10-S951_X_K,E_ITSP2,PC_ENT_CUSE,EL,2014,26.34,,
ESTAT:ISOC_SKE_ITSPE(1.0),10/02/25 23:00:00,A,10-249,C10-S951_X_K,E_ITSP2,PC_ENT_CUSE,EL,2015,28.47,,
ESTAT:ISOC_SKE_ITSPE(1.0),10/02/25 23:00:00,A,10-249,C10-S951_X_K,E_ITSP2,PC_ENT_CUSE,EL,2016,32.27,,
ESTAT:ISOC_SKE_ITSPE(1.0),10/02/25 23:00:00,A,10-249,C10-S951_X_K,E_ITSP2,PC_ENT_CUSE,EL,2017,21.95,,
ESTAT:ISOC_SKE_ITSPE(1.0),10/02/25 23:00:00,A,10-249,C10-S951_X_K,E_ITSP2,PC_ENT_CUSE,EL,2018,24.28,,
ESTAT:ISOC_SKE_ITSPE(1.0),10/02/25 23:00:00,A,10-249,C10-S951_X_K,E_ITSP2,PC_ENT_CUSE,EL,2019,24.30,,
ESTAT:ISOC_SKE_ITSPE(1.0),10/02/25 23:00:00,A,10-249,C10-S951_X_K,E_ITSP2,PC_ENT_CUSE,ES,2012,21.83,,
ESTAT:ISOC_SKE_ITSPE(1.0),10/02/25 23:00:00,A,10-249,C10-S951_X_K,E_ITSP2,PC_ENT_CUSE,ES,2014,23.73,,
ESTAT:ISOC_SKE_ITSPE(1.0),10/02/25 23:00:00,A,10-249,C10-S951_X_K,E_ITSP2,PC_ENT_CUSE,ES,2015,24.29,,
ESTAT:ISOC_SKE_ITSPE(1.0),10/02/25 23:00:00,A,10-249,C10-S951_X_K,E_ITSP2,PC_ENT_CUSE,ES,2016,24.16,,
ESTAT:ISOC_SKE_ITSPE(1.0),10/02/25 23:00:00,A,10-249,C10-S951_X_K,E_ITSP2,PC_ENT_CUSE,ES,2017,19.76,,
ESTAT:ISOC_SKE_ITSPE(1.0),10/02/25 23:00:00,A,10-249,C10-S951_X_K,E_ITSP2,PC_ENT_CUSE,ES,2018,16.80,,
ESTAT:ISOC_SKE_ITSPE(1.0),10/02/25 23:00:00,A,10-249,C10-S951_X_K,E_ITSP2,PC_ENT_CUSE,ES,2019,15.58,,
ESTAT:ISOC_SKE_ITSPE(1.0),10/02/25 23:00:00,A,10-249,C10-S951_X_K,E_ITSP2,PC_ENT_CUSE,EU15,2012,20.97,,
ESTAT:ISOC_SKE_ITSPE(1.0),10/02/25 23:00:00,A,10-249,C10-S951_X_K,E_ITSP2,PC_ENT_CUSE,EU15,2014,19.74,,
ESTAT:ISOC_SKE_ITSPE(1.0),10/02/25 23:00:00,A,10-249,C10-S951_X_K,E_ITSP2,PC_ENT_CUSE,EU15,2015,19.79,,
ESTAT:ISOC_SKE_ITSPE(1.0),10/02/25 23:00:00,A,10-249,C10-S951_X_K,E_ITSP2,PC_ENT_CUSE,EU15,2016,20.19,,
ESTAT:ISOC_SKE_ITSPE(1.0),10/02/25 23:00:00,A,10-249,C10-S951_X_K,E_ITSP2,PC_ENT_CUSE,EU15,2017,18.93,,
ESTAT:ISOC_SKE_ITSPE(1.0),10/02/25 23:00:00,A,10-249,C10-S951_X_K,E_ITSP2,PC_ENT_CUSE,EU15,2018,19.14,,
ESTAT:ISOC_SKE_ITSPE(1.0),10/02/25 23:00:00,A,10-249,C10-S951_X_K,E_ITSP2,PC_ENT_CUSE,EU27_2007,2012,20.30,,
ESTAT:ISOC_SKE_ITSPE(1.0),10/02/25 23:00:00,A,10-249,C10-S951_X_K,E_ITSP2,PC_ENT_CUSE,EU27_2007,2014,18.83,,
ESTAT:ISOC_SKE_ITSPE(1.0),10/02/25 23:00:00,A,10-249,C10-S951_X_K,E_ITSP2,PC_ENT_CUSE,EU27_2007,2015,18.97,,
ESTAT:ISOC_SKE_ITSPE(1.0),10/02/25 23:00:00,A,10-249,C10-S951_X_K,E_ITSP2,PC_ENT_CUSE,EU27_2007,2016,19.33,,
ESTAT:ISOC_SKE_ITSPE(1.0),10/02/25 23:00:00,A,10-249,C10-S951_X_K,E_ITSP2,PC_ENT_CUSE,EU27_2007,2017,18.24,,
ESTAT:ISOC_SKE_ITSPE(1.0),10/02/25 23:00:00,A,10-249,C10-S951_X_K,E_ITSP2,PC_ENT_CUSE,EU27_2007,2018,18.45,,
ESTAT:ISOC_SKE_ITSPE(1.0),10/02/25 23:00:00,A,10-249,C10-S951_X_K,E_ITSP2,PC_ENT_CUSE,EU27_2020,2012,19.04,,
ESTAT:ISOC_SKE_ITSPE(1.0),10/02/25 23:00:00,A,10-249,C10-S951_X_K,E_ITSP2,PC_ENT_CUSE,EU27_2020,2014,18.14,,
ESTAT:ISOC_SKE_ITSPE(1.0),10/02/25 23:00:00,A,10-249,C10-S951_X_K,E_ITSP2,PC_ENT_CUSE,EU27_2020,2015,18.63,,
ESTAT:ISOC_SKE_ITSPE(1.0),10/02/25 23:00:00,A,10-249,C10-S951_X_K,E_ITSP2,PC_ENT_CUSE,EU27_2020,2016,18.80,,
ESTAT:ISOC_SKE_ITSPE(1.0),10/02/25 23:00:00,A,10-249,C10-S951_X_K,E_ITSP2,PC_ENT_CUSE,EU27_2020,2017,17.76,,
ESTAT:ISOC_SKE_ITSPE(1.0),10/02/25 23:00:00,A,10-249,C10-S951_X_K,E_ITSP2,PC_ENT_CUSE,EU27_2020,2018,17.66,,
ESTAT:ISOC_SKE_ITSPE(1.0),10/02/25 23:00:00,A,10-249,C10-S951_X_K,E_ITSP2,PC_ENT_CUSE,EU27_2020,2019,18.07,,
ESTAT:ISOC_SKE_ITSPE(1.0),10/02/25 23:00:00,A,10-249,C10-S951_X_K,E_ITSP2,PC_ENT_CUSE,EU28,2012,20.29,,
ESTAT:ISOC_SKE_ITSPE(1.0),10/02/25 23:00:00,A,10-249,C10-S951_X_K,E_ITSP2,PC_ENT_CUSE,EU28,2014,18.82,,
ESTAT:ISOC_SKE_ITSPE(1.0),10/02/25 23:00:00,A,10-249,C10-S951_X_K,E_ITSP2,PC_ENT_CUSE,EU28,2015,18.99,,
ESTAT:ISOC_SKE_ITSPE(1.0),10/02/25 23:00:00,A,10-249,C10-S951_X_K,E_ITSP2,PC_ENT_CUSE,EU28,2016,19.31,,
ESTAT:ISOC_SKE_ITSPE(1.0),10/02/25 23:00:00,A,10-249,C10-S951_X_K,E_ITSP2,PC_ENT_CUSE,EU28,2017,18.24,,
ESTAT:ISOC_SKE_ITSPE(1.0),10/02/25 23:00:00,A,10-249,C10-S951_X_K,E_ITSP2,PC_ENT_CUSE,EU28,2018,18.45,,
ESTAT:ISOC_SKE_ITSPE(1.0),10/02/25 23:00:00,A,10-249,C10-S951_X_K,E_ITSP2,PC_ENT_CUSE,EU28,2019,19.13,,
ESTAT:ISOC_SKE_ITSPE(1.0),10/02/25 23:00:00,A,10-249,C10-S951_X_K,E_ITSP2,PC_ENT_CUSE,FI,2012,30.63,,
ESTAT:ISOC_SKE_ITSPE(1.0),10/02/25 23:00:00,A,10-249,C10-S951_X_K,E_ITSP2,PC_ENT_CUSE,FI,2014,26.37,,
ESTAT:ISOC_SKE_ITSPE(1.0),10/02/25 23:00:00,A,10-249,C10-S951_X_K,E_ITSP2,PC_ENT_CUSE,FI,2015,23.16,,
ESTAT:ISOC_SKE_ITSPE(1.0),10/02/25 23:00:00,A,10-249,C10-S951_X_K,E_ITSP2,PC_ENT_CUSE,FI,2016,22.53,,
ESTAT:ISOC_SKE_ITSPE(1.0),10/02/25 23:00:00,A,10-249,C10-S951_X_K,E_ITSP2,PC_ENT_CUSE,FI,2017,24.16,,
ESTAT:ISOC_SKE_ITSPE(1.0),10/02/25 23:00:00,A,10-249,C10-S951_X_K,E_ITSP2,PC_ENT_CUSE,FI,2018,23.91,,
ESTAT:ISOC_SKE_ITSPE(1.0),10/02/25 23:00:00,A,10-249,C10-S951_X_K,E_ITSP2,PC_ENT_CUSE,FI,2019,23.78,,
ESTAT:ISOC_SKE_ITSPE(1.0),10/02/25 23:00:00,A,10-249,C10-S951_X_K,E_ITSP2,PC_ENT_CUSE,FR,2012,13.59,,
ESTAT:ISOC_SKE_ITSPE(1.0),10/02/25 23:00:00,A,10-249,C10-S951_X_K,E_ITSP2,PC_ENT_CUSE,FR,2014,13.24,,
ESTAT:ISOC_SKE_ITSPE(1.0),10/02/25 23:00:00,A,10-249,C10-S951_X_K,E_ITSP2,PC_ENT_CUSE,FR,2015,14.58,,
ESTAT:ISOC_SKE_ITSPE(1.0),10/02/25 23:00:00,A,10-249,C10-S951_X_K,E_ITSP2,PC_ENT_CUSE,FR,2016,13.98,,
ESTAT:ISOC_SKE_ITSPE(1.0),10/02/25 23:00:00,A,10-249,C10-S951_X_K,E_ITSP2,PC_ENT_CUSE,FR,2017,15.77,,
ESTAT:ISOC_SKE_ITSPE(1.0),10/02/25 23:00:00,A,10-249,C10-S951_X_K,E_ITSP2,PC_ENT_CUSE,FR,2018,15.43,,
ESTAT:ISOC_SKE_ITSPE(1.0),10/02/25 23:00:00,A,10-249,C10-S951_X_K,E_ITSP2,PC_ENT_CUSE,FR,2019,15.81,,
ESTAT:ISOC_SKE_ITSPE(1.0),10/02/25 23:00:00,A,10-249,C10-S951_X_K,E_ITSP2,PC_ENT_CUSE,HR,2012,19.06,,
ESTAT:ISOC_SKE_ITSPE(1.0),10/02/25 23:00:00,A,10-249,C10-S951_X_K,E_ITSP2,PC_ENT_CUSE,HR,2014,17.91,,
ESTAT:ISOC_SKE_ITSPE(1.0),10/02/25 23:00:00,A,10-249,C10-S951_X_K,E_ITSP2,PC_ENT_CUSE,HR,2015,21.68,,
ESTAT:ISOC_SKE_ITSPE(1.0),10/02/25 23:00:00,A,10-249,C10-S951_X_K,E_ITSP2,PC_ENT_CUSE,HR,2016,16.41,,
ESTAT:ISOC_SKE_ITSPE(1.0),10/02/25 23:00:00,A,10-249,C10-S951_X_K,E_ITSP2,PC_ENT_CUSE,HR,2017,18.67,,
ESTAT:ISOC_SKE_ITSPE(1.0),10/02/25 23:00:00,A,10-249,C10-S951_X_K,E_ITSP2,PC_ENT_CUSE,HR,2018,18.65,,
ESTAT:ISOC_SKE_ITSPE(1.0),10/02/25 23:00:00,A,10-249,C10-S951_X_K,E_ITSP2,PC_ENT_CUSE,HR,2019,17.49,,
ESTAT:ISOC_SKE_ITSPE(1.0),10/02/25 23:00:00,A,10-249,C10-S951_X_K,E_ITSP2,PC_ENT_CUSE,HU,2012,31.47,,
ESTAT:ISOC_SKE_ITSPE(1.0),10/02/25 23:00:00,A,10-249,C10-S951_X_K,E_ITSP2,PC_ENT_CUSE,HU,2014,27.60,,
ESTAT:ISOC_SKE_ITSPE(1.0),10/02/25 23:00:00,A,10-249,C10-S951_X_K,E_ITSP2,PC_ENT_CUSE,HU,2015,25.88,,
ESTAT:ISOC_SKE_ITSPE(1.0),10/02/25 23:00:00,A,10-249,C10-S951_X_K,E_ITSP2,PC_ENT_CUSE,HU,2016,25.91,,
ESTAT:ISOC_SKE_ITSPE(1.0),10/02/25 23:00:00,A,10-249,C10-S951_X_K,E_ITSP2,PC_ENT_CUSE,HU,2017,27.24,,
ESTAT:ISOC_SKE_ITSPE(1.0),10/02/25 23:00:00,A,10-249,C10-S951_X_K,E_ITSP2,PC_ENT_CUSE,HU,2018,26.38,,
ESTAT:ISOC_SKE_ITSPE(1.0),10/02/25 23:00:00,A,10-249,C10-S951_X_K,E_ITSP2,PC_ENT_CUSE,HU,2019,25.87,,
ESTAT:ISOC_SKE_ITSPE(1.0),10/02/25 23:00:00,A,10-249,C10-S951_X_K,E_ITSP2,PC_ENT_CUSE,IE,2012,32.51,,
ESTAT:ISOC_SKE_ITSPE(1.0),10/02/25 23:00:00,A,10-249,C10-S951_X_K,E_ITSP2,PC_ENT_CUSE,IE,2014,26.83,,
ESTAT:ISOC_SKE_ITSPE(1.0),10/02/25 23:00:00,A,10-249,C10-S951_X_K,E_ITSP2,PC_ENT_CUSE,IE,2015,29.69,,
ESTAT:ISOC_SKE_ITSPE(1.0),10/02/25 23:00:00,A,10-249,C10-S951_X_K,E_ITSP2,PC_ENT_CUSE,IE,2016,34.23,,
ESTAT:ISOC_SKE_ITSPE(1.0),10/02/25 23:00:00,A,10-249,C10-S951_X_K,E_ITSP2,PC_ENT_CUSE,IE,2017,32.01,,
ESTAT:ISOC_SKE_ITSPE(1.0),10/02/25 23:00:00,A,10-249,C10-S951_X_K,E_ITSP2,PC_ENT_CUSE,IE,2018,31.91,,
ESTAT:ISOC_SKE_ITSPE(1.0),10/02/25 23:00:00,A,10-249,C10-S951_X_K,E_ITSP2,PC_ENT_CUSE,IE,2019,31.18,,
ESTAT:ISOC_SKE_ITSPE(1.0),10/02/25 23:00:00,A,10-249,C10-S951_X_K,E_ITSP2,PC_ENT_CUSE,IS,2012,24.75,,
ESTAT:ISOC_SKE_ITSPE(1.0),10/02/25 23:00:00,A,10-249,C10-S951_X_K,E_ITSP2,PC_ENT_CUSE,IS,2014,20.81,,
ESTAT:ISOC_SKE_ITSPE(1.0),10/02/25 23:00:00,A,10-249,C10-S951_X_K,E_ITSP2,PC_ENT_CUSE,IS,2017,15.79,,
ESTAT:ISOC_SKE_ITSPE(1.0),10/02/25 23:00:00,A,10-249,C10-S951_X_K,E_ITSP2,PC_ENT_CUSE,IT,2012,13.54,,
ESTAT:ISOC_SKE_ITSPE(1.0),10/02/25 23:00:00,A,10-249,C10-S951_X_K,E_ITSP2,PC_ENT_CUSE,IT,2014,14.46,,
ESTAT:ISOC_SKE_ITSPE(1.0),10/02/25 23:00:00,A,10-249,C10-S951_X_K,E_ITSP2,PC_ENT_CUSE,IT,2015,15.97,,
ESTAT:ISOC_SKE_ITSPE(1.0),10/02/25 23:00:00,A,10-249,C10-S951_X_K,E_ITSP2,PC_ENT_CUSE,IT,2016,15.99,,
ESTAT:ISOC_SKE_ITSPE(1.0),10/02/25 23:00:00,A,10-249,C10-S951_X_K,E_ITSP2,PC_ENT_CUSE,IT,2017,15.37,,
ESTAT:ISOC_SKE_ITSPE(1.0),10/02/25 23:00:00,A,10-249,C10-S951_X_K,E_ITSP2,PC_ENT_CUSE,IT,2018,15.46,,
ESTAT:ISOC_SKE_ITSPE(1.0),10/02/25 23:00:00,A,10-249,C10-S951_X_K,E_ITSP2,PC_ENT_CUSE,IT,2019,15.16,,
ESTAT:ISOC_SKE_ITSPE(1.0),10/02/25 23:00:00,A,10-249,C10-S951_X_K,E_ITSP2,PC_ENT_CUSE,LT,2012,20.67,,
ESTAT:ISOC_SKE_ITSPE(1.0),10/02/25 23:00:00,A,10-249,C10-S951_X_K,E_ITSP2,PC_ENT_CUSE,LT,2014,14.49,,
ESTAT:ISOC_SKE_ITSPE(1.0),10/02/25 23:00:00,A,10-249,C10-S951_X_K,E_ITSP2,PC_ENT_CUSE,LT,2015,13.49,,
ESTAT:ISOC_SKE_ITSPE(1.0),10/02/25 23:00:00,A,10-249,C10-S951_X_K,E_ITSP2,PC_ENT_CUSE,LT,2016,13.93,,
ESTAT:ISOC_SKE_ITSPE(1.0),10/02/25 23:00:00,A,10-249,C10-S951_X_K,E_ITSP2,PC_ENT_CUSE,LT,2017,16.47,,
ESTAT:ISOC_SKE_ITSPE(1.0),10/02/25 23:00:00,A,10-249,C10-S951_X_K,E_ITSP2,PC_ENT_CUSE,LT,2018,15.43,,
ESTAT:ISOC_SKE_ITSPE(1.0),10/02/25 23:00:00,A,10-249,C10-S951_X_K,E_ITSP2,PC_ENT_CUSE,LT,2019,13.53,,
ESTAT:ISOC_SKE_ITSPE(1.0),10/02/25 23:00:00,A,10-249,C10-S951_X_K,E_ITSP2,PC_ENT_CUSE,LU,2012,30.78,,
ESTAT:ISOC_SKE_ITSPE(1.0),10/02/25 23:00:00,A,10-249,C10-S951_X_K,E_ITSP2,PC_ENT_CUSE,LU,2014,18.65,,
ESTAT:ISOC_SKE_ITSPE(1.0),10/02/25 23:00:00,A,10-249,C10-S951_X_K,E_ITSP2,PC_ENT_CUSE,LU,2015,23.26,,
ESTAT:ISOC_SKE_ITSPE(1.0),10/02/25 23:00:00,A,10-249,C10-S951_X_K,E_ITSP2,PC_ENT_CUSE,LU,2016,22.30,,
ESTAT:ISOC_SKE_ITSPE(1.0),10/02/25 23:00:00,A,10-249,C10-S951_X_K,E_ITSP2,PC_ENT_CUSE,LU,2017,22.97,,
ESTAT:ISOC_SKE_ITSPE(1.0),10/02/25 23:00:00,A,10-249,C10-S951_X_K,E_ITSP2,PC_ENT_CUSE,LU,2018,22.02,,
ESTAT:ISOC_SKE_ITSPE(1.0),10/02/25 23:00:00,A,10-249,C10-S951_X_K,E_ITSP2,PC_ENT_CUSE,LU,2019,22.91,,
ESTAT:ISOC_SKE_ITSPE(1.0),10/02/25 23:00:00,A,10-249,C10-S951_X_K,E_ITSP2,PC_ENT_CUSE,LV,2012,22.68,,
ESTAT:ISOC_SKE_ITSPE(1.0),10/02/25 23:00:00,A,10-249,C10-S951_X_K,E_ITSP2,PC_ENT_CUSE,LV,2014,19.80,,
ESTAT:ISOC_SKE_ITSPE(1.0),10/02/25 23:00:00,A,10-249,C10-S951_X_K,E_ITSP2,PC_ENT_CUSE,LV,2015,17.62,,
ESTAT:ISOC_SKE_ITSPE(1.0),10/02/25 23:00:00,A,10-249,C10-S951_X_K,E_ITSP2,PC_ENT_CUSE,LV,2016,16.24,,
ESTAT:ISOC_SKE_ITSPE(1.0),10/02/25 23:00:00,A,10-249,C10-S951_X_K,E_ITSP2,PC_ENT_CUSE,LV,2017,12.28,,
ESTAT:ISOC_SKE_ITSPE(1.0),10/02/25 23:00:00,A,10-249,C10-S951_X_K,E_ITSP2,PC_ENT_CUSE,LV,2018,14.06,,
ESTAT:ISOC_SKE_ITSPE(1.0),10/02/25 23:00:00,A,10-249,C10-S951_X_K,E_ITSP2,PC_ENT_CUSE,LV,2019,18.89,,
ESTAT:ISOC_SKE_ITSPE(1.0),10/02/25 23:00:00,A,10-249,C10-S951_X_K,E_ITSP2,PC_ENT_CUSE,ME,2016,17.22,,
ESTAT:ISOC_SKE_ITSPE(1.0),10/02/25 23:00:00,A,10-249,C10-S951_X_K,E_ITSP2,PC_ENT_CUSE,ME,2017,17.85,,
ESTAT:ISOC_SKE_ITSPE(1.0),10/02/25 23:00:00,A,10-249,C10-S951_X_K,E_ITSP2,PC_ENT_CUSE,ME,2018,18.30,,
ESTAT:ISOC_SKE_ITSPE(1.0),10/02/25 23:00:00,A,10-249,C10-S951_X_K,E_ITSP2,PC_ENT_CUSE,ME,2019,19.82,,
ESTAT:ISOC_SKE_ITSPE(1.0),10/02/25 23:00:00,A,10-249,C10-S951_X_K,E_ITSP2,PC_ENT_CUSE,MK,2012,16.92,,
ESTAT:ISOC_SKE_ITSPE(1.0),10/02/25 23:00:00,A,10-249,C10-S951_X_K,E_ITSP2,PC_ENT_CUSE,MK,2014,13.05,,
ESTAT:ISOC_SKE_ITSPE(1.0),10/02/25 23:00:00,A,10-249,C10-S951_X_K,E_ITSP2,PC_ENT_CUSE,MK,2015,11.65,,
ESTAT:ISOC_SKE_ITSPE(1.0),10/02/25 23:00:00,A,10-249,C10-S951_X_K,E_ITSP2,PC_ENT_CUSE,MK,2016,14.08,,
ESTAT:ISOC_SKE_ITSPE(1.0),10/02/25 23:00:00,A,10-249,C10-S951_X_K,E_ITSP2,PC_ENT_CUSE,MT,2012,25.22,,
ESTAT:ISOC_SKE_ITSPE(1.0),10/02/25 23:00:00,A,10-249,C10-S951_X_K,E_ITSP2,PC_ENT_CUSE,MT,2014,24.11,,
ESTAT:ISOC_SKE_ITSPE(1.0),10/02/25 23:00:00,A,10-249,C10-S951_X_K,E_ITSP2,PC_ENT_CUSE,MT,2015,24.90,,
ESTAT:ISOC_SKE_ITSPE(1.0),10/02/25 23:00:00,A,10-249,C10-S951_X_K,E_ITSP2,PC_ENT_CUSE,MT,2016,25.16,,
ESTAT:ISOC_SKE_ITSPE(1.0),10/02/25 23:00:00,A,10-249,C10-S951_X_K,E_ITSP2,PC_ENT_CUSE,MT,2017,22.90,,
ESTAT:ISOC_SKE_ITSPE(1.0),10/02/25 23:00:00,A,10-249,C10-S951_X_K,E_ITSP2,PC_ENT_CUSE,MT,2018,22.82,,
ESTAT:ISOC_SKE_ITSPE(1.0),10/02/25 23:00:00,A,10-249,C10-S951_X_K,E_ITSP2,PC_ENT_CUSE,MT,2019,26.59,,
ESTAT:ISOC_SKE_ITSPE(1.0),10/02/25 23:00:00,A,10-249,C10-S951_X_K,E_ITSP2,PC_ENT_CUSE,NL,2012,23.71,,
ESTAT:ISOC_SKE_ITSPE(1.0),10/02/25 23:00:00,A,10-249,C10-S951_X_K,E_ITSP2,PC_ENT_CUSE,NL,2014,25.11,,
ESTAT:ISOC_SKE_ITSPE(1.0),10/02/25 23:00:00,A,10-249,C10-S951_X_K,E_ITSP2,PC_ENT_CUSE,NL,2015,26.29,,
ESTAT:ISOC_SKE_ITSPE(1.0),10/02/25 23:00:00,A,10-249,C10-S951_X_K,E_ITSP2,PC_ENT_CUSE,NL,2016,24.48,,
ESTAT:ISOC_SKE_ITSPE(1.0),10/02/25 23:00:00,A,10-249,C10-S951_X_K,E_ITSP2,PC_ENT_CUSE,NL,2017,25.03,,
ESTAT:ISOC_SKE_ITSPE(1.0),10/02/25 23:00:00,A,10-249,C10-S951_X_K,E_ITSP2,PC_ENT_CUSE,NL,2018,25.55,,
ESTAT:ISOC_SKE_ITSPE(1.0),10/02/25 23:00:00,A,10-249,C10-S951_X_K,E_ITSP2,PC_ENT_CUSE,NL,2019,23.65,,
ESTAT:ISOC_SKE_ITSPE(1.0),10/02/25 23:00:00,A,10-249,C10-S951_X_K,E_ITSP2,PC_ENT_CUSE,NO,2012,30.21,,
ESTAT:ISOC_SKE_ITSPE(1.0),10/02/25 23:00:00,A,10-249,C10-S951_X_K,E_ITSP2,PC_ENT_CUSE,NO,2014,18.74,,
ESTAT:ISOC_SKE_ITSPE(1.0),10/02/25 23:00:00,A,10-249,C10-S951_X_K,E_ITSP2,PC_ENT_CUSE,NO,2015,18.05,,
ESTAT:ISOC_SKE_ITSPE(1.0),10/02/25 23:00:00,A,10-249,C10-S951_X_K,E_ITSP2,PC_ENT_CUSE,NO,2016,17.86,,
ESTAT:ISOC_SKE_ITSPE(1.0),10/02/25 23:00:00,A,10-249,C10-S951_X_K,E_ITSP2,PC_ENT_CUSE,NO,2017,17.52,,
ESTAT:ISOC_SKE_ITSPE(1.0),10/02/25 23:00:00,A,10-249,C10-S951_X_K,E_ITSP2,PC_ENT_CUSE,NO,2018,17.42,,
ESTAT:ISOC_SKE_ITSPE(1.0),10/02/25 23:00:00,A,10-249,C10-S951_X_K,E_ITSP2,PC_ENT_CUSE,NO,2019,17.91,,
ESTAT:ISOC_SKE_ITSPE(1.0),10/02/25 23:00:00,A,10-249,C10-S951_X_K,E_ITSP2,PC_ENT_CUSE,PL,2012,12.94,,
ESTAT:ISOC_SKE_ITSPE(1.0),10/02/25 23:00:00,A,10-249,C10-S951_X_K,E_ITSP2,PC_ENT_CUSE,PL,2014,8.82,,
ESTAT:ISOC_SKE_ITSPE(1.0),10/02/25 23:00:00,A,10-249,C10-S951_X_K,E_ITSP2,PC_ENT_CUSE,PL,2015,10.77,,
ESTAT:ISOC_SKE_ITSPE(1.0),10/02/25 23:00:00,A,10-249,C10-S951_X_K,E_ITSP2,PC_ENT_CUSE,PL,2016,10.98,,
ESTAT:ISOC_SKE_ITSPE(1.0),10/02/25 23:00:00,A,10-249,C10-S951_X_K,E_ITSP2,PC_ENT_CUSE,PL,2017,10.73,,
ESTAT:ISOC_SKE_ITSPE(1.0),10/02/25 23:00:00,A,10-249,C10-S951_X_K,E_ITSP2,PC_ENT_CUSE,PL,2018,11.58,,
ESTAT:ISOC_SKE_ITSPE(1.0),10/02/25 23:00:00,A,10-249,C10-S951_X_K,E_ITSP2,PC_ENT_CUSE,PL,2019,22.24,,
ESTAT:ISOC_SKE_ITSPE(1.0),10/02/25 23:00:00,A,10-249,C10-S951_X_K,E_ITSP2,PC_ENT_CUSE,PT,2012,28.46,,
ESTAT:ISOC_SKE_ITSPE(1.0),10/02/25 23:00:00,A,10-249,C10-S951_X_K,E_ITSP2,PC_ENT_CUSE,PT,2014,18.17,,
ESTAT:ISOC_SKE_ITSPE(1.0),10/02/25 23:00:00,A,10-249,C10-S951_X_K,E_ITSP2,PC_ENT_CUSE,PT,2015,18.69,,
ESTAT:ISOC_SKE_ITSPE(1.0),10/02/25 23:00:00,A,10-249,C10-S951_X_K,E_ITSP2,PC_ENT_CUSE,PT,2016,17.82,,
ESTAT:ISOC_SKE_ITSPE(1.0),10/02/25 23:00:00,A,10-249,C10-S951_X_K,E_ITSP2,PC_ENT_CUSE,PT,2017,18.69,,
ESTAT:ISOC_SKE_ITSPE(1.0),10/02/25 23:00:00,A,10-249,C10-S951_X_K,E_ITSP2,PC_ENT_CUSE,PT,2018,17.30,,
ESTAT:ISOC_SKE_ITSPE(1.0),10/02/25 23:00:00,A,10-249,C10-S951_X_K,E_ITSP2,PC_ENT_CUSE,PT,2019,19.87,,
ESTAT:ISOC_SKE_ITSPE(1.0),10/02/25 23:00:00,A,10-249,C10-S951_X_K,E_ITSP2,PC_ENT_CUSE,RO,2012,4.71,,
ESTAT:ISOC_SKE_ITSPE(1.0),10/02/25 23:00:00,A,10-249,C10-S951_X_K,E_ITSP2,PC_ENT_CUSE,RO,2014,12.23,,
ESTAT:ISOC_SKE_ITSPE(1.0),10/02/25 23:00:00,A,10-249,C10-S951_X_K,E_ITSP2,PC_ENT_CUSE,RO,2015,13.53,,
ESTAT:ISOC_SKE_ITSPE(1.0),10/02/25 23:00:00,A,10-249,C10-S951_X_K,E_ITSP2,PC_ENT_CUSE,RO,2016,11.83,,
ESTAT:ISOC_SKE_ITSPE(1.0),10/02/25 23:00:00,A,10-249,C10-S951_X_K,E_ITSP2,PC_ENT_CUSE,RO,2017,9.98,,
ESTAT:ISOC_SKE_ITSPE(1.0),10/02/25 23:00:00,A,10-249,C10-S951_X_K,E_ITSP2,PC_ENT_CUSE,RO,2018,11.57,,
ESTAT:ISOC_SKE_ITSPE(1.0),10/02/25 23:00:00,A,10-249,C10-S951_X_K,E_ITSP2,PC_ENT_CUSE,RO,2019,11.28,,
ESTAT:ISOC_SKE_ITSPE(1.0),10/02/25 23:00:00,A,10-249,C10-S951_X_K,E_ITSP2,PC_ENT_CUSE,RS,2014,20.71,,
ESTAT:ISOC_SKE_ITSPE(1.0),10/02/25 23:00:00,A,10-249,C10-S951_X_K,E_ITSP2,PC_ENT_CUSE,RS,2017,20.66,,
ESTAT:ISOC_SKE_ITSPE(1.0),10/02/25 23:00:00,A,10-249,C10-S951_X_K,E_ITSP2,PC_ENT_CUSE,RS,2018,18.36,,
ESTAT:ISOC_SKE_ITSPE(1.0),10/02/25 23:00:00,A,10-249,C10-S951_X_K,E_ITSP2,PC_ENT_CUSE,RS,2019,18.55,,
ESTAT:ISOC_SKE_ITSPE(1.0),10/02/25 23:00:00,A,10-249,C10-S951_X_K,E_ITSP2,PC_ENT_CUSE,SE,2012,21.05,,
ESTAT:ISOC_SKE_ITSPE(1.0),10/02/25 23:00:00,A,10-249,C10-S951_X_K,E_ITSP2,PC_ENT_CUSE,SE,2014,18.62,,
ESTAT:ISOC_SKE_ITSPE(1.0),10/02/25 23:00:00,A,10-249,C10-S951_X_K,E_ITSP2,PC_ENT_CUSE,SE,2015,17.90,,
ESTAT:ISOC_SKE_ITSPE(1.0),10/02/25 23:00:00,A,10-249,C10-S951_X_K,E_ITSP2,PC_ENT_CUSE,SE,2016,16.24,,
ESTAT:ISOC_SKE_ITSPE(1.0),10/02/25 23:00:00,A,10-249,C10-S951_X_K,E_ITSP2,PC_ENT_CUSE,SE,2017,18.88,,
ESTAT:ISOC_SKE_ITSPE(1.0),10/02/25 23:00:00,A,10-249,C10-S951_X_K,E_ITSP2,PC_ENT_CUSE,SE,2018,17.66,,
ESTAT:ISOC_SKE_ITSPE(1.0),10/02/25 23:00:00,A,10-249,C10-S951_X_K,E_ITSP2,PC_ENT_CUSE,SE,2019,16.75,,
ESTAT:ISOC_SKE_ITSPE(1.0),10/02/25 23:00:00,A,10-249,C10-S951_X_K,E_ITSP2,PC_ENT_CUSE,SI,2012,18.99,,
ESTAT:ISOC_SKE_ITSPE(1.0),10/02/25 23:00:00,A,10-249,C10-S951_X_K,E_ITSP2,PC_ENT_CUSE,SI,2014,17.65,,
ESTAT:ISOC_SKE_ITSPE(1.0),10/02/25 23:00:00,A,10-249,C10-S951_X_K,E_ITSP2,PC_ENT_CUSE,SI,2015,18.03,,
ESTAT:ISOC_SKE_ITSPE(1.0),10/02/25 23:00:00,A,10-249,C10-S951_X_K,E_ITSP2,PC_ENT_CUSE,SI,2016,18.24,,
ESTAT:ISOC_SKE_ITSPE(1.0),10/02/25 23:00:00,A,10-249,C10-S951_X_K,E_ITSP2,PC_ENT_CUSE,SI,2017,17.27,,
ESTAT:ISOC_SKE_ITSPE(1.0),10/02/25 23:00:00,A,10-249,C10-S951_X_K,E_ITSP2,PC_ENT_CUSE,SI,2018,18.57,,
ESTAT:ISOC_SKE_ITSPE(1.0),10/02/25 23:00:00,A,10-249,C10-S951_X_K,E_ITSP2,PC_ENT_CUSE,SI,2019,16.13,,
ESTAT:ISOC_SKE_ITSPE(1.0),10/02/25 23:00:00,A,10-249,C10-S951_X_K,E_ITSP2,PC_ENT_CUSE,SK,2012,22.92,,
ESTAT:ISOC_SKE_ITSPE(1.0),10/02/25 23:00:00,A,10-249,C10-S951_X_K,E_ITSP2,PC_ENT_CUSE,SK,2014,16.21,,
ESTAT:ISOC_SKE_ITSPE(1.0),10/02/25 23:00:00,A,10-249,C10-S951_X_K,E_ITSP2,PC_ENT_CUSE,SK,2015,17.55,,
ESTAT:ISOC_SKE_ITSPE(1.0),10/02/25 23:00:00,A,10-249,C10-S951_X_K,E_ITSP2,PC_ENT_CUSE,SK,2016,17.94,,
ESTAT:ISOC_SKE_ITSPE(1.0),10/02/25 23:00:00,A,10-249,C10-S951_X_K,E_ITSP2,PC_ENT_CUSE,SK,2017,17.47,,
ESTAT:ISOC_SKE_ITSPE(1.0),10/02/25 23:00:00,A,10-249,C10-S951_X_K,E_ITSP2,PC_ENT_CUSE,SK,2018,15.55,,
ESTAT:ISOC_SKE_ITSPE(1.0),10/02/25 23:00:00,A,10-249,C10-S951_X_K,E_ITSP2,PC_ENT_CUSE,SK,2019,15.86,,
ESTAT:ISOC_SKE_ITSPE(1.0),10/02/25 23:00:00,A,10-249,C10-S951_X_K,E_ITSP2,PC_ENT_CUSE,TR,2015,,u,
ESTAT:ISOC_SKE_ITSPE(1.0),10/02/25 23:00:00,A,10-249,C10-S951_X_K,E_ITSP2,PC_ENT_CUSE,TR,2018,10.78,,
ESTAT:ISOC_SKE_ITSPE(1.0),10/02/25 23:00:00,A,10-249,C10-S951_X_K,E_ITSP2,PC_ENT_CUSE,TR,2019,12.83,,
ESTAT:ISOC_SKE_ITSPE(1.0),10/02/25 23:00:00,A,10-249,C10-S951_X_K,E_ITSP2,PC_ENT_CUSE,UK,2012,29.97,,
ESTAT:ISOC_SKE_ITSPE(1.0),10/02/25 23:00:00,A,10-249,C10-S951_X_K,E_ITSP2,PC_ENT_CUSE,UK,2014,23.61,,
ESTAT:ISOC_SKE_ITSPE(1.0),10/02/25 23:00:00,A,10-249,C10-S951_X_K,E_ITSP2,PC_ENT_CUSE,UK,2015,21.34,,
ESTAT:ISOC_SKE_ITSPE(1.0),10/02/25 23:00:00,A,10-249,C10-S951_X_K,E_ITSP2,PC_ENT_CUSE,UK,2016,22.82,,
ESTAT:ISOC_SKE_ITSPE(1.0),10/02/25 23:00:00,A,10-249,C10-S951_X_K,E_ITSP2,PC_ENT_CUSE,UK,2017,21.62,,
ESTAT:ISOC_SKE_ITSPE(1.0),10/02/25 23:00:00,A,10-249,C10-S951_X_K,E_ITSP2,PC_ENT_CUSE,UK,2018,24.13,,
ESTAT:ISOC_SKE_ITSPE(1.0),10/02/25 23:00:00,A,10-249,C10-S951_X_K,E_ITSP2,PC_ENT_CUSE,UK,2019,26.66,,
ESTAT:ISOC_SKE_ITSPE(1.0),10/02/25 23:00:00,A,10-49,C10-S951_X_K,E_ITSP2,PC_ENT,AL,2022,20.36,b,
ESTAT:ISOC_SKE_ITSPE(1.0),10/02/25 23:00:00,A,10-49,C10-S951_X_K,E_ITSP2,PC_ENT,AT,2012,25.30,,
ESTAT:ISOC_SKE_ITSPE(1.0),10/02/25 23:00:00,A,10-49,C10-S951_X_K,E_ITSP2,PC_ENT,AT,2014,17.11,,
ESTAT:ISOC_SKE_ITSPE(1.0),10/02/25 23:00:00,A,10-49,C10-S951_X_K,E_ITSP2,PC_ENT,AT,2015,17.53,,
ESTAT:ISOC_SKE_ITSPE(1.0),10/02/25 23:00:00,A,10-49,C10-S951_X_K,E_ITSP2,PC_ENT,AT,2016,18.37,,
ESTAT:ISOC_SKE_ITSPE(1.0),10/02/25 23:00:00,A,10-49,C10-S951_X_K,E_ITSP2,PC_ENT,AT,2017,17.12,,
ESTAT:ISOC_SKE_ITSPE(1.0),10/02/25 23:00:00,A,10-49,C10-S951_X_K,E_ITSP2,PC_ENT,AT,2018,14.28,,
ESTAT:ISOC_SKE_ITSPE(1.0),10/02/25 23:00:00,A,10-49,C10-S951_X_K,E_ITSP2,PC_ENT,AT,2019,13.79,,
ESTAT:ISOC_SKE_ITSPE(1.0),10/02/25 23:00:00,A,10-49,C10-S951_X_K,E_ITSP2,PC_ENT,AT,2020,13.68,,
ESTAT:ISOC_SKE_ITSPE(1.0),10/02/25 23:00:00,A,10-49,C10-S951_X_K,E_ITSP2,PC_ENT,AT,2022,16.88,,
ESTAT:ISOC_SKE_ITSPE(1.0),10/02/25 23:00:00,A,10-49,C10-S951_X_K,E_ITSP2,PC_ENT,AT,2024,13.90,,
ESTAT:ISOC_SKE_ITSPE(1.0),10/02/25 23:00:00,A,10-49,C10-S951_X_K,E_ITSP2,PC_ENT,BA,2018,12.42,,
ESTAT:ISOC_SKE_ITSPE(1.0),10/02/25 23:00:00,A,10-49,C10-S951_X_K,E_ITSP2,PC_ENT,BA,2019,12.10,,
ESTAT:ISOC_SKE_ITSPE(1.0),10/02/25 23:00:00,A,10-49,C10-S951_X_K,E_ITSP2,PC_ENT,BA,2020,9.41,,
ESTAT:ISOC_SKE_ITSPE(1.0),10/02/25 23:00:00,A,10-49,C10-S951_X_K,E_ITSP2,PC_ENT,BA,2022,9.33,,
ESTAT:ISOC_SKE_ITSPE(1.0),10/02/25 23:00:00,A,10-49,C10-S951_X_K,E_ITSP2,PC_ENT,BA,2024,13.31,,
ESTAT:ISOC_SKE_ITSPE(1.0),10/02/25 23:00:00,A,10-49,C10-S951_X_K,E_ITSP2,PC_ENT,BE,2012,21.34,,
ESTAT:ISOC_SKE_ITSPE(1.0),10/02/25 23:00:00,A,10-49,C10-S951_X_K,E_ITSP2,PC_ENT,BE,2014,19.80,,
ESTAT:ISOC_SKE_ITSPE(1.0),10/02/25 23:00:00,A,10-49,C10-S951_X_K,E_ITSP2,PC_ENT,BE,2015,21.90,,
ESTAT:ISOC_SKE_ITSPE(1.0),10/02/25 23:00:00,A,10-49,C10-S951_X_K,E_ITSP2,PC_ENT,BE,2016,19.09,,
ESTAT:ISOC_SKE_ITSPE(1.0),10/02/25 23:00:00,A,10-49,C10-S951_X_K,E_ITSP2,PC_ENT,BE,2017,23.14,,
ESTAT:ISOC_SKE_ITSPE(1.0),10/02/25 23:00:00,A,10-49,C10-S951_X_K,E_ITSP2,PC_ENT,BE,2018,20.90,,
ESTAT:ISOC_SKE_ITSPE(1.0),10/02/25 23:00:00,A,10-49,C10-S951_X_K,E_ITSP2,PC_ENT,BE,2019,21.16,,
ESTAT:ISOC_SKE_ITSPE(1.0),10/02/25 23:00:00,A,10-49,C10-S951_X_K,E_ITSP2,PC_ENT,BE,2020,23.34,,
ESTAT:ISOC_SKE_ITSPE(1.0),10/02/25 23:00:00,A,10-49,C10-S951_X_K,E_ITSP2,PC_ENT,BE,2022,26.00,,
ESTAT:ISOC_SKE_ITSPE(1.0),10/02/25 23:00:00,A,10-49,C10-S951_X_K,E_ITSP2,PC_ENT,BE,2024,20.86,,
ESTAT:ISOC_SKE_ITSPE(1.0),10/02/25 23:00:00,A,10-49,C10-S951_X_K,E_ITSP2,PC_ENT,BG,2012,11.77,,
ESTAT:ISOC_SKE_ITSPE(1.0),10/02/25 23:00:00,A,10-49,C10-S951_X_K,E_ITSP2,PC_ENT,BG,2014,17.46,,
ESTAT:ISOC_SKE_ITSPE(1.0),10/02/25 23:00:00,A,10-49,C10-S951_X_K,E_ITSP2,PC_ENT,BG,2015,17.00,,
ESTAT:ISOC_SKE_ITSPE(1.0),10/02/25 23:00:00,A,10-49,C10-S951_X_K,E_ITSP2,PC_ENT,BG,2016,16.25,,
ESTAT:ISOC_SKE_ITSPE(1.0),10/02/25 23:00:00,A,10-49,C10-S951_X_K,E_ITSP2,PC_ENT,BG,2017,15.62,,
ESTAT:ISOC_SKE_ITSPE(1.0),10/02/25 23:00:00,A,10-49,C10-S951_X_K,E_ITSP2,PC_ENT,BG,2018,16.33,,
ESTAT:ISOC_SKE_ITSPE(1.0),10/02/25 23:00:00,A,10-49,C10-S951_X_K,E_ITSP2,PC_ENT,BG,2019,16.62,,
ESTAT:ISOC_SKE_ITSPE(1.0),10/02/25 23:00:00,A,10-49,C10-S951_X_K,E_ITSP2,PC_ENT,BG,2020,12.39,,
ESTAT:ISOC_SKE_ITSPE(1.0),10/02/25 23:00:00,A,10-49,C10-S951_X_K,E_ITSP2,PC_ENT,BG,2022,11.90,,
ESTAT:ISOC_SKE_ITSPE(1.0),10/02/25 23:00:00,A,10-49,C10-S951_X_K,E_ITSP2,PC_ENT,BG,2024,14.12,,
ESTAT:ISOC_SKE_ITSPE(1.0),10/02/25 23:00:00,A,10-49,C10-S951_X_K,E_ITSP2,PC_ENT,CY,2012,19.65,,
ESTAT:ISOC_SKE_ITSPE(1.0),10/02/25 23:00:00,A,10-49,C10-S951_X_K,E_ITSP2,PC_ENT,CY,2014,19.50,,
ESTAT:ISOC_SKE_ITSPE(1.0),10/02/25 23:00:00,A,10-49,C10-S951_X_K,E_ITSP2,PC_ENT,CY,2015,20.94,,
ESTAT:ISOC_SKE_ITSPE(1.0),10/02/25 23:00:00,A,10-49,C10-S951_X_K,E_ITSP2,PC_ENT,CY,2016,19.58,,
ESTAT:ISOC_SKE_ITSPE(1.0),10/02/25 23:00:00,A,10-49,C10-S951_X_K,E_ITSP2,PC_ENT,CY,2017,19.75,,
ESTAT:ISOC_SKE_ITSPE(1.0),10/02/25 23:00:00,A,10-49,C10-S951_X_K,E_ITSP2,PC_ENT,CY,2018,17.52,,
ESTAT:ISOC_SKE_ITSPE(1.0),10/02/25 23:00:00,A,10-49,C10-S951_X_K,E_ITSP2,PC_ENT,CY,2019,18.18,,
ESTAT:ISOC_SKE_ITSPE(1.0),10/02/25 23:00:00,A,10-49,C10-S951_X_K,E_ITSP2,PC_ENT,CY,2020,19.78,,
ESTAT:ISOC_SKE_ITSPE(1.0),10/02/25 23:00:00,A,10-49,C10-S951_X_K,E_ITSP2,PC_ENT,CY,2022,20.11,,
ESTAT:ISOC_SKE_ITSPE(1.0),10/02/25 23:00:00,A,10-49,C10-S951_X_K,E_ITSP2,PC_ENT,CY,2024,22.80,,
ESTAT:ISOC_SKE_ITSPE(1.0),10/02/25 23:00:00,A,10-49,C10-S951_X_K,E_ITSP2,PC_ENT,CZ,2012,21.44,,
ESTAT:ISOC_SKE_ITSPE(1.0),10/02/25 23:00:00,A,10-49,C10-S951_X_K,E_ITSP2,PC_ENT,CZ,2014,13.15,,
ESTAT:ISOC_SKE_ITSPE(1.0),10/02/25 23:00:00,A,10-49,C10-S951_X_K,E_ITSP2,PC_ENT,CZ,2015,11.48,,
ESTAT:ISOC_SKE_ITSPE(1.0),10/02/25 23:00:00,A,10-49,C10-S951_X_K,E_ITSP2,PC_ENT,CZ,2016,11.55,,
ESTAT:ISOC_SKE_ITSPE(1.0),10/02/25 23:00:00,A,10-49,C10-S951_X_K,E_ITSP2,PC_ENT,CZ,2017,13.16,,
ESTAT:ISOC_SKE_ITSPE(1.0),10/02/25 23:00:00,A,10-49,C10-S951_X_K,E_ITSP2,PC_ENT,CZ,2018,11.83,,
ESTAT:ISOC_SKE_ITSPE(1.0),10/02/25 23:00:00,A,10-49,C10-S951_X_K,E_ITSP2,PC_ENT,CZ,2019,12.74,,
ESTAT:ISOC_SKE_ITSPE(1.0),10/02/25 23:00:00,A,10-49,C10-S951_X_K,E_ITSP2,PC_ENT,CZ,2020,11.53,,
ESTAT:ISOC_SKE_ITSPE(1.0),10/02/25 23:00:00,A,10-49,C10-S951_X_K,E_ITSP2,PC_ENT,CZ,2022,12.42,,
ESTAT:ISOC_SKE_ITSPE(1.0),10/02/25 23:00:00,A,10-49,C10-S951_X_K,E_ITSP2,PC_ENT,CZ,2024,13.20,,
ESTAT:ISOC_SKE_ITSPE(1.0),10/02/25 23:00:00,A,10-49,C10-S951_X_K,E_ITSP2,PC_ENT,DE,2012,13.23,,
ESTAT:ISOC_SKE_ITSPE(1.0),10/02/25 23:00:00,A,10-49,C10-S951_X_K,E_ITSP2,PC_ENT,DE,2014,14.71,,
ESTAT:ISOC_SKE_ITSPE(1.0),10/02/25 23:00:00,A,10-49,C10-S951_X_K,E_ITSP2,PC_ENT,DE,2015,13.58,,
ESTAT:ISOC_SKE_ITSPE(1.0),10/02/25 23:00:00,A,10-49,C10-S951_X_K,E_ITSP2,PC_ENT,DE,2016,15.77,,
ESTAT:ISOC_SKE_ITSPE(1.0),10/02/25 23:00:00,A,10-49,C10-S951_X_K,E_ITSP2,PC_ENT,DE,2017,12.27,,
ESTAT:ISOC_SKE_ITSPE(1.0),10/02/25 23:00:00,A,10-49,C10-S951_X_K,E_ITSP2,PC_ENT,DE,2018,13.08,,
ESTAT:ISOC_SKE_ITSPE(1.0),10/02/25 23:00:00,A,10-49,C10-S951_X_K,E_ITSP2,PC_ENT,DE,2019,11.95,,
ESTAT:ISOC_SKE_ITSPE(1.0),10/02/25 23:00:00,A,10-49,C10-S951_X_K,E_ITSP2,PC_ENT,DE,2020,12.42,,
ESTAT:ISOC_SKE_ITSPE(1.0),10/02/25 23:00:00,A,10-49,C10-S951_X_K,E_ITSP2,PC_ENT,DE,2022,15.07,,
ESTAT:ISOC_SKE_ITSPE(1.0),10/02/25 23:00:00,A,10-49,C10-S951_X_K,E_ITSP2,PC_ENT,DE,2024,15.55,,
ESTAT:ISOC_SKE_ITSPE(1.0),10/02/25 23:00:00,A,10-49,C10-S951_X_K,E_ITSP2,PC_ENT,DK,2012,18.84,,
ESTAT:ISOC_SKE_ITSPE(1.0),10/02/25 23:00:00,A,10-49,C10-S951_X_K,E_ITSP2,PC_ENT,DK,2014,19.73,,
ESTAT:ISOC_SKE_ITSPE(1.0),10/02/25 23:00:00,A,10-49,C10-S951_X_K,E_ITSP2,PC_ENT,DK,2015,17.22,,
ESTAT:ISOC_SKE_ITSPE(1.0),10/02/25 23:00:00,A,10-49,C10-S951_X_K,E_ITSP2,PC_ENT,DK,2016,18.06,,
ESTAT:ISOC_SKE_ITSPE(1.0),10/02/25 23:00:00,A,10-49,C10-S951_X_K,E_ITSP2,PC_ENT,DK,2017,17.74,,
ESTAT:ISOC_SKE_ITSPE(1.0),10/02/25 23:00:00,A,10-49,C10-S951_X_K,E_ITSP2,PC_ENT,DK,2018,21.14,,
ESTAT:ISOC_SKE_ITSPE(1.0),10/02/25 23:00:00,A,10-49,C10-S951_X_K,E_ITSP2,PC_ENT,DK,2019,22.76,,
ESTAT:ISOC_SKE_ITSPE(1.0),10/02/25 23:00:00,A,10-49,C10-S951_X_K,E_ITSP2,PC_ENT,DK,2020,22.04,,
ESTAT:ISOC_SKE_ITSPE(1.0),10/02/25 23:00:00,A,10-49,C10-S951_X_K,E_ITSP2,PC_ENT,DK,2022,26.93,,
ESTAT:ISOC_SKE_ITSPE(1.0),10/02/25 23:00:00,A,10-49,C10-S951_X_K,E_ITSP2,PC_ENT,DK,2024,23.18,,
ESTAT:ISOC_SKE_ITSPE(1.0),10/02/25 23:00:00,A,10-49,C10-S951_X_K,E_ITSP2,PC_ENT,EA,2012,14.84,,
ESTAT:ISOC_SKE_ITSPE(1.0),10/02/25 23:00:00,A,10-49,C10-S951_X_K,E_ITSP2,PC_ENT,EA,2014,14.41,,
ESTAT:ISOC_SKE_ITSPE(1.0),10/02/25 23:00:00,A,10-49,C10-S951_X_K,E_ITSP2,PC_ENT,EA,2015,14.80,,
ESTAT:ISOC_SKE_ITSPE(1.0),10/02/25 23:00:00,A,10-49,C10-S951_X_K,E_ITSP2,PC_ENT,EA,2016,15.25,,
ESTAT:ISOC_SKE_ITSPE(1.0),10/02/25 23:00:00,A,10-49,C10-S951_X_K,E_ITSP2,PC_ENT,EA,2017,13.83,,
ESTAT:ISOC_SKE_ITSPE(1.0),10/02/25 23:00:00,A,10-49,C10-S951_X_K,E_ITSP2,PC_ENT,EA,2018,13.52,,
ESTAT:ISOC_SKE_ITSPE(1.0),10/02/25 23:00:00,A,10-49,C10-S951_X_K,E_ITSP2,PC_ENT,EA,2019,13.18,,
ESTAT:ISOC_SKE_ITSPE(1.0),10/02/25 23:00:00,A,10-49,C10-S951_X_K,E_ITSP2,PC_ENT,EA,2020,12.74,,
ESTAT:ISOC_SKE_ITSPE(1.0),10/02/25 23:00:00,A,10-49,C10-S951_X_K,E_ITSP2,PC_ENT,EA,2022,14.20,,
ESTAT:ISOC_SKE_ITSPE(1.0),10/02/25 23:00:00,A,10-49,C10-S951_X_K,E_ITSP2,PC_ENT,EA,2024,13.28,,
ESTAT:ISOC_SKE_ITSPE(1.0),10/02/25 23:00:00,A,10-49,C10-S951_X_K,E_ITSP2,PC_ENT,EE,2012,11.92,,
ESTAT:ISOC_SKE_ITSPE(1.0),10/02/25 23:00:00,A,10-49,C10-S951_X_K,E_ITSP2,PC_ENT,EE,2014,10.18,,
ESTAT:ISOC_SKE_ITSPE(1.0),10/02/25 23:00:00,A,10-49,C10-S951_X_K,E_ITSP2,PC_ENT,EE,2015,9.69,,
ESTAT:ISOC_SKE_ITSPE(1.0),10/02/25 23:00:00,A,10-49,C10-S951_X_K,E_ITSP2,PC_ENT,EE,2016,9.74,,
ESTAT:ISOC_SKE_ITSPE(1.0),10/02/25 23:00:00,A,10-49,C10-S951_X_K,E_ITSP2,PC_ENT,EE,2017,9.91,,
ESTAT:ISOC_SKE_ITSPE(1.0),10/02/25 23:00:00,A,10-49,C10-S951_X_K,E_ITSP2,PC_ENT,EE,2018,8.25,,
ESTAT:ISOC_SKE_ITSPE(1.0),10/02/25 23:00:00,A,10-49,C10-S951_X_K,E_ITSP2,PC_ENT,EE,2019,10.03,,
ESTAT:ISOC_SKE_ITSPE(1.0),10/02/25 23:00:00,A,10-49,C10-S951_X_K,E_ITSP2,PC_ENT,EE,2020,11.63,,
ESTAT:ISOC_SKE_ITSPE(1.0),10/02/25 23:00:00,A,10-49,C10-S951_X_K,E_ITSP2,PC_ENT,EE,2022,11.77,,
ESTAT:ISOC_SKE_ITSPE(1.0),10/02/25 23:00:00,A,10-49,C10-S951_X_K,E_ITSP2,PC_ENT,EE,2024,13.15,,
ESTAT:ISOC_SKE_ITSPE(1.0),10/02/25 23:00:00,A,10-49,C10-S951_X_K,E_ITSP2,PC_ENT,EL,2012,29.53,,
ESTAT:ISOC_SKE_ITSPE(1.0),10/02/25 23:00:00,A,10-49,C10-S951_X_K,E_ITSP2,PC_ENT,EL,2014,20.87,,
ESTAT:ISOC_SKE_ITSPE(1.0),10/02/25 23:00:00,A,10-49,C10-S951_X_K,E_ITSP2,PC_ENT,EL,2015,20.74,,
ESTAT:ISOC_SKE_ITSPE(1.0),10/02/25 23:00:00,A,10-49,C10-S951_X_K,E_ITSP2,PC_ENT,EL,2016,24.95,,
ESTAT:ISOC_SKE_ITSPE(1.0),10/02/25 23:00:00,A,10-49,C10-S951_X_K,E_ITSP2,PC_ENT,EL,2017,15.65,,
ESTAT:ISOC_SKE_ITSPE(1.0),10/02/25 23:00:00,A,10-49,C10-S951_X_K,E_ITSP2,PC_ENT,EL,2018,16.97,,
ESTAT:ISOC_SKE_ITSPE(1.0),10/02/25 23:00:00,A,10-49,C10-S951_X_K,E_ITSP2,PC_ENT,EL,2019,17.30,,
ESTAT:ISOC_SKE_ITSPE(1.0),10/02/25 23:00:00,A,10-49,C10-S951_X_K,E_ITSP2,PC_ENT,EL,2020,15.21,,
ESTAT:ISOC_SKE_ITSPE(1.0),10/02/25 23:00:00,A,10-49,C10-S951_X_K,E_ITSP2,PC_ENT,EL,2022,15.88,,
ESTAT:ISOC_SKE_ITSPE(1.0),10/02/25 23:00:00,A,10-49,C10-S951_X_K,E_ITSP2,PC_ENT,EL,2024,16.37,,
ESTAT:ISOC_SKE_ITSPE(1.0),10/02/25 23:00:00,A,10-49,C10-S951_X_K,E_ITSP2,PC_ENT,ES,2012,17.86,,
ESTAT:ISOC_SKE_ITSPE(1.0),10/02/25 23:00:00,A,10-49,C10-S951_X_K,E_ITSP2,PC_ENT,ES,2014,19.89,,
ESTAT:ISOC_SKE_ITSPE(1.0),10/02/25 23:00:00,A,10-49,C10-S951_X_K,E_ITSP2,PC_ENT,ES,2015,19.95,,
ESTAT:ISOC_SKE_ITSPE(1.0),10/02/25 23:00:00,A,10-49,C10-S951_X_K,E_ITSP2,PC_ENT,ES,2016,19.58,,
ESTAT:ISOC_SKE_ITSPE(1.0),10/02/25 23:00:00,A,10-49,C10-S951_X_K,E_ITSP2,PC_ENT,ES,2017,15.88,,
ESTAT:ISOC_SKE_ITSPE(1.0),10/02/25 23:00:00,A,10-49,C10-S951_X_K,E_ITSP2,PC_ENT,ES,2018,12.56,,
ESTAT:ISOC_SKE_ITSPE(1.0),10/02/25 23:00:00,A,10-49,C10-S951_X_K,E_ITSP2,PC_ENT,ES,2019,11.79,,
ESTAT:ISOC_SKE_ITSPE(1.0),10/02/25 23:00:00,A,10-49,C10-S951_X_K,E_ITSP2,PC_ENT,ES,2020,11.87,,
ESTAT:ISOC_SKE_ITSPE(1.0),10/02/25 23:00:00,A,10-49,C10-S951_X_K,E_ITSP2,PC_ENT,ES,2022,11.09,,
ESTAT:ISOC_SKE_ITSPE(1.0),10/02/25 23:00:00,A,10-49,C10-S951_X_K,E_ITSP2,PC_ENT,ES,2024,9.19,,
ESTAT:ISOC_SKE_ITSPE(1.0),10/02/25 23:00:00,A,10-49,C10-S951_X_K,E_ITSP2,PC_ENT,EU15,2012,16.26,,
ESTAT:ISOC_SKE_ITSPE(1.0),10/02/25 23:00:00,A,10-49,C10-S951_X_K,E_ITSP2,PC_ENT,EU15,2014,15.19,,
ESTAT:ISOC_SKE_ITSPE(1.0),10/02/25 23:00:00,A,10-49,C10-S951_X_K,E_ITSP2,PC_ENT,EU15,2015,15.18,,
ESTAT:ISOC_SKE_ITSPE(1.0),10/02/25 23:00:00,A,10-49,C10-S951_X_K,E_ITSP2,PC_ENT,EU15,2016,15.68,,
ESTAT:ISOC_SKE_ITSPE(1.0),10/02/25 23:00:00,A,10-49,C10-S951_X_K,E_ITSP2,PC_ENT,EU15,2017,14.31,,
ESTAT:ISOC_SKE_ITSPE(1.0),10/02/25 23:00:00,A,10-49,C10-S951_X_K,E_ITSP2,PC_ENT,EU15,2018,14.50,,
ESTAT:ISOC_SKE_ITSPE(1.0),10/02/25 23:00:00,A,10-49,C10-S951_X_K,E_ITSP2,PC_ENT,EU27_2007,2012,15.62,,
ESTAT:ISOC_SKE_ITSPE(1.0),10/02/25 23:00:00,A,10-49,C10-S951_X_K,E_ITSP2,PC_ENT,EU27_2007,2014,14.33,,
ESTAT:ISOC_SKE_ITSPE(1.0),10/02/25 23:00:00,A,10-49,C10-S951_X_K,E_ITSP2,PC_ENT,EU27_2007,2015,14.40,,
ESTAT:ISOC_SKE_ITSPE(1.0),10/02/25 23:00:00,A,10-49,C10-S951_X_K,E_ITSP2,PC_ENT,EU27_2007,2016,14.84,,
ESTAT:ISOC_SKE_ITSPE(1.0),10/02/25 23:00:00,A,10-49,C10-S951_X_K,E_ITSP2,PC_ENT,EU27_2007,2017,13.71,,
ESTAT:ISOC_SKE_ITSPE(1.0),10/02/25 23:00:00,A,10-49,C10-S951_X_K,E_ITSP2,PC_ENT,EU27_2007,2018,13.92,,
ESTAT:ISOC_SKE_ITSPE(1.0),10/02/25 23:00:00,A,10-49,C10-S951_X_K,E_ITSP2,PC_ENT,EU27_2020,2012,14.47,,
ESTAT:ISOC_SKE_ITSPE(1.0),10/02/25 23:00:00,A,10-49,C10-S951_X_K,E_ITSP2,PC_ENT,EU27_2020,2014,13.69,,
ESTAT:ISOC_SKE_ITSPE(1.0),10/02/25 23:00:00,A,10-49,C10-S951_X_K,E_ITSP2,PC_ENT,EU27_2020,2015,14.08,,
ESTAT:ISOC_SKE_ITSPE(1.0),10/02/25 23:00:00,A,10-49,C10-S951_X_K,E_ITSP2,PC_ENT,EU27_2020,2016,14.41,,
ESTAT:ISOC_SKE_ITSPE(1.0),10/02/25 23:00:00,A,10-49,C10-S951_X_K,E_ITSP2,PC_ENT,EU27_2020,2017,13.37,,
ESTAT:ISOC_SKE_ITSPE(1.0),10/02/25 23:00:00,A,10-49,C10-S951_X_K,E_ITSP2,PC_ENT,EU27_2020,2018,13.24,,
ESTAT:ISOC_SKE_ITSPE(1.0),10/02/25 23:00:00,A,10-49,C10-S951_X_K,E_ITSP2,PC_ENT,EU27_2020,2019,13.66,,
ESTAT:ISOC_SKE_ITSPE(1.0),10/02/25 23:00:00,A,10-49,C10-S951_X_K,E_ITSP2,PC_ENT,EU27_2020,2020,13.57,,
ESTAT:ISOC_SKE_ITSPE(1.0),10/02/25 23:00:00,A,10-49,C10-S951_X_K,E_ITSP2,PC_ENT,EU27_2020,2022,15.14,,
ESTAT:ISOC_SKE_ITSPE(1.0),10/02/25 23:00:00,A,10-49,C10-S951_X_K,E_ITSP2,PC_ENT,EU27_2020,2024,14.04,,
ESTAT:ISOC_SKE_ITSPE(1.0),10/02/25 23:00:00,A,10-49,C10-S951_X_K,E_ITSP2,PC_ENT,EU28,2012,15.61,,
ESTAT:ISOC_SKE_ITSPE(1.0),10/02/25 23:00:00,A,10-49,C10-S951_X_K,E_ITSP2,PC_ENT,EU28,2014,14.33,,
ESTAT:ISOC_SKE_ITSPE(1.0),10/02/25 23:00:00,A,10-49,C10-S951_X_K,E_ITSP2,PC_ENT,EU28,2015,14.40,,
ESTAT:ISOC_SKE_ITSPE(1.0),10/02/25 23:00:00,A,10-49,C10-S951_X_K,E_ITSP2,PC_ENT,EU28,2016,14.81,,
ESTAT:ISOC_SKE_ITSPE(1.0),10/02/25 23:00:00,A,10-49,C10-S951_X_K,E_ITSP2,PC_ENT,EU28,2017,13.72,,
ESTAT:ISOC_SKE_ITSPE(1.0),10/02/25 23:00:00,A,10-49,C10-S951_X_K,E_ITSP2,PC_ENT,EU28,2018,13.92,,
ESTAT:ISOC_SKE_ITSPE(1.0),10/02/25 23:00:00,A,10-49,C10-S951_X_K,E_ITSP2,PC_ENT,EU28,2019,14.63,,
ESTAT:ISOC_SKE_ITSPE(1.0),10/02/25 23:00:00,A,10-49,C10-S951_X_K,E_ITSP2,PC_ENT,FI,2012,26.33,,
ESTAT:ISOC_SKE_ITSPE(1.0),10/02/25 23:00:00,A,10-49,C10-S951_X_K,E_ITSP2,PC_ENT,FI,2014,22.15,,
ESTAT:ISOC_SKE_ITSPE(1.0),10/02/25 23:00:00,A,10-49,C10-S951_X_K,E_ITSP2,PC_ENT,FI,2015,19.04,,
ESTAT:ISOC_SKE_ITSPE(1.0),10/02/25 23:00:00,A,10-49,C10-S951_X_K,E_ITSP2,PC_ENT,FI,2016,18.53,,
ESTAT:ISOC_SKE_ITSPE(1.0),10/02/25 23:00:00,A,10-49,C10-S951_X_K,E_ITSP2,PC_ENT,FI,2017,20.68,,
ESTAT:ISOC_SKE_ITSPE(1.0),10/02/25 23:00:00,A,10-49,C10-S951_X_K,E_ITSP2,PC_ENT,FI,2018,20.08,,
ESTAT:ISOC_SKE_ITSPE(1.0),10/02/25 23:00:00,A,10-49,C10-S951_X_K,E_ITSP2,PC_ENT,FI,2019,19.67,,
ESTAT:ISOC_SKE_ITSPE(1.0),10/02/25 23:00:00,A,10-49,C10-S951_X_K,E_ITSP2,PC_ENT,FI,2020,21.55,,
ESTAT:ISOC_SKE_ITSPE(1.0),10/02/25 23:00:00,A,10-49,C10-S951_X_K,E_ITSP2,PC_ENT,FI,2022,21.99,,
ESTAT:ISOC_SKE_ITSPE(1.0),10/02/25 23:00:00,A,10-49,C10-S951_X_K,E_ITSP2,PC_ENT,FI,2024,23.02,,
ESTAT:ISOC_SKE_ITSPE(1.0),10/02/25 23:00:00,A,10-49,C10-S951_X_K,E_ITSP2,PC_ENT,FR,2012,10.20,,
ESTAT:ISOC_SKE_ITSPE(1.0),10/02/25 23:00:00,A,10-49,C10-S951_X_K,E_ITSP2,PC_ENT,FR,2014,9.80,,
ESTAT:ISOC_SKE_ITSPE(1.0),10/02/25 23:00:00,A,10-49,C10-S951_X_K,E_ITSP2,PC_ENT,FR,2015,11.25,,
ESTAT:ISOC_SKE_ITSPE(1.0),10/02/25 23:00:00,A,10-49,C10-S951_X_K,E_ITSP2,PC_ENT,FR,2016,10.61,,
ESTAT:ISOC_SKE_ITSPE(1.0),10/02/25 23:00:00,A,10-49,C10-S951_X_K,E_ITSP2,PC_ENT,FR,2017,11.87,,
ESTAT:ISOC_SKE_ITSPE(1.0),10/02/25 23:00:00,A,10-49,C10-S951_X_K,E_ITSP2,PC_ENT,FR,2018,11.56,,
ESTAT:ISOC_SKE_ITSPE(1.0),10/02/25 23:00:00,A,10-49,C10-S951_X_K,E_ITSP2,PC_ENT,FR,2019,11.95,,
ESTAT:ISOC_SKE_ITSPE(1.0),10/02/25 23:00:00,A,10-49,C10-S951_X_K,E_ITSP2,PC_ENT,FR,2020,12.77,,
ESTAT:ISOC_SKE_ITSPE(1.0),10/02/25 23:00:00,A,10-49,C10-S951_X_K,E_ITSP2,PC_ENT,FR,2022,12.89,b,
ESTAT:ISOC_SKE_ITSPE(1.0),10/02/25 23:00:00,A,10-49,C10-S951_X_K,E_ITSP2,PC_ENT,FR,2024,11.39,,
ESTAT:ISOC_SKE_ITSPE(1.0),10/02/25 23:00:00,A,10-49,C10-S951_X_K,E_ITSP2,PC_ENT,HR,2012,14.69,,
ESTAT:ISOC_SKE_ITSPE(1.0),10/02/25 23:00:00,A,10-49,C10-S951_X_K,E_ITSP2,PC_ENT,HR,2014,13.03,,
ESTAT:ISOC_SKE_ITSPE(1.0),10/02/25 23:00:00,A,10-49,C10-S951_X_K,E_ITSP2,PC_ENT,HR,2015,14.58,,
ESTAT:ISOC_SKE_ITSPE(1.0),10/02/25 23:00:00,A,10-49,C10-S951_X_K,E_ITSP2,PC_ENT,HR,2016,10.93,,
ESTAT:ISOC_SKE_ITSPE(1.0),10/02/25 23:00:00,A,10-49,C10-S951_X_K,E_ITSP2,PC_ENT,HR,2017,14.12,,
ESTAT:ISOC_SKE_ITSPE(1.0),10/02/25 23:00:00,A,10-49,C10-S951_X_K,E_ITSP2,PC_ENT,HR,2018,14.15,,
ESTAT:ISOC_SKE_ITSPE(1.0),10/02/25 23:00:00,A,10-49,C10-S951_X_K,E_ITSP2,PC_ENT,HR,2019,13.28,,
ESTAT:ISOC_SKE_ITSPE(1.0),10/02/25 23:00:00,A,10-49,C10-S951_X_K,E_ITSP2,PC_ENT,HR,2020,12.18,,
ESTAT:ISOC_SKE_ITSPE(1.0),10/02/25 23:00:00,A,10-49,C10-S951_X_K,E_ITSP2,PC_ENT,HR,2022,11.47,,
ESTAT:ISOC_SKE_ITSPE(1.0),10/02/25 23:00:00,A,10-49,C10-S951_X_K,E_ITSP2,PC_ENT,HR,2024,10.88,,
ESTAT:ISOC_SKE_ITSPE(1.0),10/02/25 23:00:00,A,10-49,C10-S951_X_K,E_ITSP2,PC_ENT,HU,2012,25.89,,
ESTAT:ISOC_SKE_ITSPE(1.0),10/02/25 23:00:00,A,10-49,C10-S951_X_K,E_ITSP2,PC_ENT,HU,2014,21.55,,
ESTAT:ISOC_SKE_ITSPE(1.0),10/02/25 23:00:00,A,10-49,C10-S951_X_K,E_ITSP2,PC_ENT,HU,2015,20.36,,
ESTAT:ISOC_SKE_ITSPE(1.0),10/02/25 23:00:00,A,10-49,C10-S951_X_K,E_ITSP2,PC_ENT,HU,2016,20.77,,
ESTAT:ISOC_SKE_ITSPE(1.0),10/02/25 23:00:00,A,10-49,C10-S951_X_K,E_ITSP2,PC_ENT,HU,2017,22.49,,
ESTAT:ISOC_SKE_ITSPE(1.0),10/02/25 23:00:00,A,10-49,C10-S951_X_K,E_ITSP2,PC_ENT,HU,2018,21.24,,
ESTAT:ISOC_SKE_ITSPE(1.0),10/02/25 23:00:00,A,10-49,C10-S951_X_K,E_ITSP2,PC_ENT,HU,2019,21.19,,
ESTAT:ISOC_SKE_ITSPE(1.0),10/02/25 23:00:00,A,10-49,C10-S951_X_K,E_ITSP2,PC_ENT,HU,2020,23.80,,
ESTAT:ISOC_SKE_ITSPE(1.0),10/02/25 23:00:00,A,10-49,C10-S951_X_K,E_ITSP2,PC_ENT,HU,2022,24.62,,
ESTAT:ISOC_SKE_ITSPE(1.0),10/02/25 23:00:00,A,10-49,C10-S951_X_K,E_ITSP2,PC_ENT,HU,2024,23.99,,
ESTAT:ISOC_SKE_ITSPE(1.0),10/02/25 23:00:00,A,10-49,C10-S951_X_K,E_ITSP2,PC_ENT,IE,2012,27.21,,
ESTAT:ISOC_SKE_ITSPE(1.0),10/02/25 23:00:00,A,10-49,C10-S951_X_K,E_ITSP2,PC_ENT,IE,2014,22.75,,
ESTAT:ISOC_SKE_ITSPE(1.0),10/02/25 23:00:00,A,10-49,C10-S951_X_K,E_ITSP2,PC_ENT,IE,2015,25.40,,
ESTAT:ISOC_SKE_ITSPE(1.0),10/02/25 23:00:00,A,10-49,C10-S951_X_K,E_ITSP2,PC_ENT,IE,2016,30.33,,
ESTAT:ISOC_SKE_ITSPE(1.0),10/02/25 23:00:00,A,10-49,C10-S951_X_K,E_ITSP2,PC_ENT,IE,2017,28.14,,
ESTAT:ISOC_SKE_ITSPE(1.0),10/02/25 23:00:00,A,10-49,C10-S951_X_K,E_ITSP2,PC_ENT,IE,2018,27.42,,
ESTAT:ISOC_SKE_ITSPE(1.0),10/02/25 23:00:00,A,10-49,C10-S951_X_K,E_ITSP2,PC_ENT,IE,2019,26.89,,
ESTAT:ISOC_SKE_ITSPE(1.0),10/02/25 23:00:00,A,10-49,C10-S951_X_K,E_ITSP2,PC_ENT,IE,2020,25.63,,
ESTAT:ISOC_SKE_ITSPE(1.0),10/02/25 23:00:00,A,10-49,C10-S951_X_K,E_ITSP2,PC_ENT,IE,2022,25.44,,
ESTAT:ISOC_SKE_ITSPE(1.0),10/02/25 23:00:00,A,10-49,C10-S951_X_K,E_ITSP2,PC_ENT,IE,2024,25.39,,
ESTAT:ISOC_SKE_ITSPE(1.0),10/02/25 23:00:00,A,10-49,C10-S951_X_K,E_ITSP2,PC_ENT,IS,2012,17.68,,
ESTAT:ISOC_SKE_ITSPE(1.0),10/02/25 23:00:00,A,10-49,C10-S951_X_K,E_ITSP2,PC_ENT,IS,2014,17.05,,
ESTAT:ISOC_SKE_ITSPE(1.0),10/02/25 23:00:00,A,10-49,C10-S951_X_K,E_ITSP2,PC_ENT,IS,2017,12.25,,
ESTAT:ISOC_SKE_ITSPE(1.0),10/02/25 23:00:00,A,10-49,C10-S951_X_K,E_ITSP2,PC_ENT,IS,2020,8.01,,
ESTAT:ISOC_SKE_ITSPE(1.0),10/02/25 23:00:00,A,10-49,C10-S951_X_K,E_ITSP2,PC_ENT,IT,2012,10.42,,
ESTAT:ISOC_SKE_ITSPE(1.0),10/02/25 23:00:00,A,10-49,C10-S951_X_K,E_ITSP2,PC_ENT,IT,2014,11.11,,
ESTAT:ISOC_SKE_ITSPE(1.0),10/02/25 23:00:00,A,10-49,C10-S951_X_K,E_ITSP2,PC_ENT,IT,2015,12.59,,
ESTAT:ISOC_SKE_ITSPE(1.0),10/02/25 23:00:00,A,10-49,C10-S951_X_K,E_ITSP2,PC_ENT,IT,2016,12.69,,
ESTAT:ISOC_SKE_ITSPE(1.0),10/02/25 23:00:00,A,10-49,C10-S951_X_K,E_ITSP2,PC_ENT,IT,2017,12.08,,
ESTAT:ISOC_SKE_ITSPE(1.0),10/02/25 23:00:00,A,10-49,C10-S951_X_K,E_ITSP2,PC_ENT,IT,2018,12.24,,
ESTAT:ISOC_SKE_ITSPE(1.0),10/02/25 23:00:00,A,10-49,C10-S951_X_K,E_ITSP2,PC_ENT,IT,2019,11.83,,
ESTAT:ISOC_SKE_ITSPE(1.0),10/02/25 23:00:00,A,10-49,C10-S951_X_K,E_ITSP2,PC_ENT,IT,2020,8.53,,
ESTAT:ISOC_SKE_ITSPE(1.0),10/02/25 23:00:00,A,10-49,C10-S951_X_K,E_ITSP2,PC_ENT,IT,2022,8.96,,
ESTAT:ISOC_SKE_ITSPE(1.0),10/02/25 23:00:00,A,10-49,C10-S951_X_K,E_ITSP2,PC_ENT,IT,2024,7.91,,
ESTAT:ISOC_SKE_ITSPE(1.0),10/02/25 23:00:00,A,10-49,C10-S951_X_K,E_ITSP2,PC_ENT,LT,2012,16.37,,
ESTAT:ISOC_SKE_ITSPE(1.0),10/02/25 23:00:00,A,10-49,C10-S951_X_K,E_ITSP2,PC_ENT,LT,2014,10.19,,
ESTAT:ISOC_SKE_ITSPE(1.0),10/02/25 23:00:00,A,10-49,C10-S951_X_K,E_ITSP2,PC_ENT,LT,2015,8.88,,
ESTAT:ISOC_SKE_ITSPE(1.0),10/02/25 23:00:00,A,10-49,C10-S951_X_K,E_ITSP2,PC_ENT,LT,2016,9.14,,
ESTAT:ISOC_SKE_ITSPE(1.0),10/02/25 23:00:00,A,10-49,C10-S951_X_K,E_ITSP2,PC_ENT,LT,2017,12.07,,
ESTAT:ISOC_SKE_ITSPE(1.0),10/02/25 23:00:00,A,10-49,C10-S951_X_K,E_ITSP2,PC_ENT,LT,2018,11.47,,
ESTAT:ISOC_SKE_ITSPE(1.0),10/02/25 23:00:00,A,10-49,C10-S951_X_K,E_ITSP2,PC_ENT,LT,2019,9.70,,
ESTAT:ISOC_SKE_ITSPE(1.0),10/02/25 23:00:00,A,10-49,C10-S951_X_K,E_ITSP2,PC_ENT,LT,2020,10.10,,
ESTAT:ISOC_SKE_ITSPE(1.0),10/02/25 23:00:00,A,10-49,C10-S951_X_K,E_ITSP2,PC_ENT,LT,2022,10.89,,
ESTAT:ISOC_SKE_ITSPE(1.0),10/02/25 23:00:00,A,10-49,C10-S951_X_K,E_ITSP2,PC_ENT,LT,2024,10.06,,
ESTAT:ISOC_SKE_ITSPE(1.0),10/02/25 23:00:00,A,10-49,C10-S951_X_K,E_ITSP2,PC_ENT,LU,2012,26.15,,
ESTAT:ISOC_SKE_ITSPE(1.0),10/02/25 23:00:00,A,10-49,C10-S951_X_K,E_ITSP2,PC_ENT,LU,2014,14.16,,
ESTAT:ISOC_SKE_ITSPE(1.0),10/02/25 23:00:00,A,10-49,C10-S951_X_K,E_ITSP2,PC_ENT,LU,2015,18.60,,
ESTAT:ISOC_SKE_ITSPE(1.0),10/02/25 23:00:00,A,10-49,C10-S951_X_K,E_ITSP2,PC_ENT,LU,2016,17.98,,
ESTAT:ISOC_SKE_ITSPE(1.0),10/02/25 23:00:00,A,10-49,C10-S951_X_K,E_ITSP2,PC_ENT,LU,2017,18.79,,
ESTAT:ISOC_SKE_ITSPE(1.0),10/02/25 23:00:00,A,10-49,C10-S951_X_K,E_ITSP2,PC_ENT,LU,2018,17.57,,
ESTAT:ISOC_SKE_ITSPE(1.0),10/02/25 23:00:00,A,10-49,C10-S951_X_K,E_ITSP2,PC_ENT,LU,2019,18.83,,
ESTAT:ISOC_SKE_ITSPE(1.0),10/02/25 23:00:00,A,10-49,C10-S951_X_K,E_ITSP2,PC_ENT,LU,2020,16.27,,
ESTAT:ISOC_SKE_ITSPE(1.0),10/02/25 23:00:00,A,10-49,C10-S951_X_K,E_ITSP2,PC_ENT,LU,2022,17.19,,
ESTAT:ISOC_SKE_ITSPE(1.0),10/02/25 23:00:00,A,10-49,C10-S951_X_K,E_ITSP2,PC_ENT,LU,2024,17.43,,
ESTAT:ISOC_SKE_ITSPE(1.0),10/02/25 23:00:00,A,10-49,C10-S951_X_K,E_ITSP2,PC_ENT,LV,2012,17.39,,
ESTAT:ISOC_SKE_ITSPE(1.0),10/02/25 23:00:00,A,10-49,C10-S951_X_K,E_ITSP2,PC_ENT,LV,2014,15.25,,
ESTAT:ISOC_SKE_ITSPE(1.0),10/02/25 23:00:00,A,10-49,C10-S951_X_K,E_ITSP2,PC_ENT,LV,2015,13.31,,
ESTAT:ISOC_SKE_ITSPE(1.0),10/02/25 23:00:00,A,10-49,C10-S951_X_K,E_ITSP2,PC_ENT,LV,2016,12.37,,
ESTAT:ISOC_SKE_ITSPE(1.0),10/02/25 23:00:00,A,10-49,C10-S951_X_K,E_ITSP2,PC_ENT,LV,2017,8.81,,
ESTAT:ISOC_SKE_ITSPE(1.0),10/02/25 23:00:00,A,10-49,C10-S951_X_K,E_ITSP2,PC_ENT,LV,2018,10.22,,
ESTAT:ISOC_SKE_ITSPE(1.0),10/02/25 23:00:00,A,10-49,C10-S951_X_K,E_ITSP2,PC_ENT,LV,2019,15.60,,
ESTAT:ISOC_SKE_ITSPE(1.0),10/02/25 23:00:00,A,10-49,C10-S951_X_K,E_ITSP2,PC_ENT,LV,2020,15.16,,
ESTAT:ISOC_SKE_ITSPE(1.0),10/02/25 23:00:00,A,10-49,C10-S951_X_K,E_ITSP2,PC_ENT,LV,2022,13.52,,
ESTAT:ISOC_SKE_ITSPE(1.0),10/02/25 23:00:00,A,10-49,C10-S951_X_K,E_ITSP2,PC_ENT,LV,2024,12.51,,
ESTAT:ISOC_SKE_ITSPE(1.0),10/02/25 23:00:00,A,10-49,C10-S951_X_K,E_ITSP2,PC_ENT,ME,2016,11.00,,
ESTAT:ISOC_SKE_ITSPE(1.0),10/02/25 23:00:00,A,10-49,C10-S951_X_K,E_ITSP2,PC_ENT,ME,2017,14.15,,
ESTAT:ISOC_SKE_ITSPE(1.0),10/02/25 23:00:00,A,10-49,C10-S951_X_K,E_ITSP2,PC_ENT,ME,2018,11.89,,
ESTAT:ISOC_SKE_ITSPE(1.0),10/02/25 23:00:00,A,10-49,C10-S951_X_K,E_ITSP2,PC_ENT,ME,2019,14.40,,
ESTAT:ISOC_SKE_ITSPE(1.0),10/02/25 23:00:00,A,10-49,C10-S951_X_K,E_ITSP2,PC_ENT,ME,2020,,u,
ESTAT:ISOC_SKE_ITSPE(1.0),10/02/25 23:00:00,A,10-49,C10-S951_X_K,E_ITSP2,PC_ENT,ME,2022,24.14,,
ESTAT:ISOC_SKE_ITSPE(1.0),10/02/25 23:00:00,A,10-49,C10-S951_X_K,E_ITSP2,PC_ENT,ME,2024,30.82,,
ESTAT:ISOC_SKE_ITSPE(1.0),10/02/25 23:00:00,A,10-49,C10-S951_X_K,E_ITSP2,PC_ENT,MK,2012,13.35,,
ESTAT:ISOC_SKE_ITSPE(1.0),10/02/25 23:00:00,A,10-49,C10-S951_X_K,E_ITSP2,PC_ENT,MK,2014,9.93,,
ESTAT:ISOC_SKE_ITSPE(1.0),10/02/25 23:00:00,A,10-49,C10-S951_X_K,E_ITSP2,PC_ENT,MK,2015,8.92,,
ESTAT:ISOC_SKE_ITSPE(1.0),10/02/25 23:00:00,A,10-49,C10-S951_X_K,E_ITSP2,PC_ENT,MK,2016,11.27,,
ESTAT:ISOC_SKE_ITSPE(1.0),10/02/25 23:00:00,A,10-49,C10-S951_X_K,E_ITSP2,PC_ENT,MK,2020,8.14,,
ESTAT:ISOC_SKE_ITSPE(1.0),10/02/25 23:00:00,A,10-49,C10-S951_X_K,E_ITSP2,PC_ENT,MK,2022,9.22,,
ESTAT:ISOC_SKE_ITSPE(1.0),10/02/25 23:00:00,A,10-49,C10-S951_X_K,E_ITSP2,PC_ENT,MT,2012,18.97,,
ESTAT:ISOC_SKE_ITSPE(1.0),10/02/25 23:00:00,A,10-49,C10-S951_X_K,E_ITSP2,PC_ENT,MT,2014,18.20,,
ESTAT:ISOC_SKE_ITSPE(1.0),10/02/25 23:00:00,A,10-49,C10-S951_X_K,E_ITSP2,PC_ENT,MT,2015,19.17,,
ESTAT:ISOC_SKE_ITSPE(1.0),10/02/25 23:00:00,A,10-49,C10-S951_X_K,E_ITSP2,PC_ENT,MT,2016,18.69,,
ESTAT:ISOC_SKE_ITSPE(1.0),10/02/25 23:00:00,A,10-49,C10-S951_X_K,E_ITSP2,PC_ENT,MT,2017,17.90,,
ESTAT:ISOC_SKE_ITSPE(1.0),10/02/25 23:00:00,A,10-49,C10-S951_X_K,E_ITSP2,PC_ENT,MT,2018,17.07,,
ESTAT:ISOC_SKE_ITSPE(1.0),10/02/25 23:00:00,A,10-49,C10-S951_X_K,E_ITSP2,PC_ENT,MT,2019,21.38,,
ESTAT:ISOC_SKE_ITSPE(1.0),10/02/25 23:00:00,A,10-49,C10-S951_X_K,E_ITSP2,PC_ENT,MT,2020,22.65,,
ESTAT:ISOC_SKE_ITSPE(1.0),10/02/25 23:00:00,A,10-49,C10-S951_X_K,E_ITSP2,PC_ENT,MT,2022,26.92,,
ESTAT:ISOC_SKE_ITSPE(1.0),10/02/25 23:00:00,A,10-49,C10-S951_X_K,E_ITSP2,PC_ENT,MT,2024,27.61,,
ESTAT:ISOC_SKE_ITSPE(1.0),10/02/25 23:00:00,A,10-49,C10-S951_X_K,E_ITSP2,PC_ENT,NL,2012,17.69,,
ESTAT:ISOC_SKE_ITSPE(1.0),10/02/25 23:00:00,A,10-49,C10-S951_X_K,E_ITSP2,PC_ENT,NL,2014,18.99,,
ESTAT:ISOC_SKE_ITSPE(1.0),10/02/25 23:00:00,A,10-49,C10-S951_X_K,E_ITSP2,PC_ENT,NL,2015,20.21,,
ESTAT:ISOC_SKE_ITSPE(1.0),10/02/25 23:00:00,A,10-49,C10-S951_X_K,E_ITSP2,PC_ENT,NL,2016,18.52,,
ESTAT:ISOC_SKE_ITSPE(1.0),10/02/25 23:00:00,A,10-49,C10-S951_X_K,E_ITSP2,PC_ENT,NL,2017,19.20,,
ESTAT:ISOC_SKE_ITSPE(1.0),10/02/25 23:00:00,A,10-49,C10-S951_X_K,E_ITSP2,PC_ENT,NL,2018,19.80,,
ESTAT:ISOC_SKE_ITSPE(1.0),10/02/25 23:00:00,A,10-49,C10-S951_X_K,E_ITSP2,PC_ENT,NL,2019,18.09,,
ESTAT:ISOC_SKE_ITSPE(1.0),10/02/25 23:00:00,A,10-49,C10-S951_X_K,E_ITSP2,PC_ENT,NL,2020,16.67,,
ESTAT:ISOC_SKE_ITSPE(1.0),10/02/25 23:00:00,A,10-49,C10-S951_X_K,E_ITSP2,PC_ENT,NL,2022,23.25,,
ESTAT:ISOC_SKE_ITSPE(1.0),10/02/25 23:00:00,A,10-49,C10-S951_X_K,E_ITSP2,PC_ENT,NL,2024,21.83,,
ESTAT:ISOC_SKE_ITSPE(1.0),10/02/25 23:00:00,A,10-49,C10-S951_X_K,E_ITSP2,PC_ENT,NO,2012,25.34,,
ESTAT:ISOC_SKE_ITSPE(1.0),10/02/25 23:00:00,A,10-49,C10-S951_X_K,E_ITSP2,PC_ENT,NO,2014,15.34,,
ESTAT:ISOC_SKE_ITSPE(1.0),10/02/25 23:00:00,A,10-49,C10-S951_X_K,E_ITSP2,PC_ENT,NO,2015,14.73,,
ESTAT:ISOC_SKE_ITSPE(1.0),10/02/25 23:00:00,A,10-49,C10-S951_X_K,E_ITSP2,PC_ENT,NO,2016,14.30,,
ESTAT:ISOC_SKE_ITSPE(1.0),10/02/25 23:00:00,A,10-49,C10-S951_X_K,E_ITSP2,PC_ENT,NO,2017,14.05,,
ESTAT:ISOC_SKE_ITSPE(1.0),10/02/25 23:00:00,A,10-49,C10-S951_X_K,E_ITSP2,PC_ENT,NO,2018,13.73,,
ESTAT:ISOC_SKE_ITSPE(1.0),10/02/25 23:00:00,A,10-49,C10-S951_X_K,E_ITSP2,PC_ENT,NO,2019,14.30,,
ESTAT:ISOC_SKE_ITSPE(1.0),10/02/25 23:00:00,A,10-49,C10-S951_X_K,E_ITSP2,PC_ENT,NO,2020,13.11,,
ESTAT:ISOC_SKE_ITSPE(1.0),10/02/25 23:00:00,A,10-49,C10-S951_X_K,E_ITSP2,PC_ENT,NO,2022,15.55,,
ESTAT:ISOC_SKE_ITSPE(1.0),10/02/25 23:00:00,A,10-49,C10-S951_X_K,E_ITSP2,PC_ENT,NO,2024,16.50,,
ESTAT:ISOC_SKE_ITSPE(1.0),10/02/25 23:00:00,A,10-49,C10-S951_X_K,E_ITSP2,PC_ENT,PL,2012,8.32,,
ESTAT:ISOC_SKE_ITSPE(1.0),10/02/25 23:00:00,A,10-49,C10-S951_X_K,E_ITSP2,PC_ENT,PL,2014,5.38,,
ESTAT:ISOC_SKE_ITSPE(1.0),10/02/25 23:00:00,A,10-49,C10-S951_X_K,E_ITSP2,PC_ENT,PL,2015,6.62,,
ESTAT:ISOC_SKE_ITSPE(1.0),10/02/25 23:00:00,A,10-49,C10-S951_X_K,E_ITSP2,PC_ENT,PL,2016,7.06,,
ESTAT:ISOC_SKE_ITSPE(1.0),10/02/25 23:00:00,A,10-49,C10-S951_X_K,E_ITSP2,PC_ENT,PL,2017,6.81,,
ESTAT:ISOC_SKE_ITSPE(1.0),10/02/25 23:00:00,A,10-49,C10-S951_X_K,E_ITSP2,PC_ENT,PL,2018,7.60,,
ESTAT:ISOC_SKE_ITSPE(1.0),10/02/25 23:00:00,A,10-49,C10-S951_X_K,E_ITSP2,PC_ENT,PL,2019,17.97,,
ESTAT:ISOC_SKE_ITSPE(1.0),10/02/25 23:00:00,A,10-49,C10-S951_X_K,E_ITSP2,PC_ENT,PL,2020,19.09,,
ESTAT:ISOC_SKE_ITSPE(1.0),10/02/25 23:00:00,A,10-49,C10-S951_X_K,E_ITSP2,PC_ENT,PL,2022,24.96,,
ESTAT:ISOC_SKE_ITSPE(1.0),10/02/25 23:00:00,A,10-49,C10-S951_X_K,E_ITSP2,PC_ENT,PL,2024,19.39,,
ESTAT:ISOC_SKE_ITSPE(1.0),10/02/25 23:00:00,A,10-49,C10-S951_X_K,E_ITSP2,PC_ENT,PT,2012,24.69,,
ESTAT:ISOC_SKE_ITSPE(1.0),10/02/25 23:00:00,A,10-49,C10-S951_X_K,E_ITSP2,PC_ENT,PT,2014,13.09,,
ESTAT:ISOC_SKE_ITSPE(1.0),10/02/25 23:00:00,A,10-49,C10-S951_X_K,E_ITSP2,PC_ENT,PT,2015,14.08,,
ESTAT:ISOC_SKE_ITSPE(1.0),10/02/25 23:00:00,A,10-49,C10-S951_X_K,E_ITSP2,PC_ENT,PT,2016,13.91,,
ESTAT:ISOC_SKE_ITSPE(1.0),10/02/25 23:00:00,A,10-49,C10-S951_X_K,E_ITSP2,PC_ENT,PT,2017,13.28,,
ESTAT:ISOC_SKE_ITSPE(1.0),10/02/25 23:00:00,A,10-49,C10-S951_X_K,E_ITSP2,PC_ENT,PT,2018,12.53,,
ESTAT:ISOC_SKE_ITSPE(1.0),10/02/25 23:00:00,A,10-49,C10-S951_X_K,E_ITSP2,PC_ENT,PT,2019,16.24,,
ESTAT:ISOC_SKE_ITSPE(1.0),10/02/25 23:00:00,A,10-49,C10-S951_X_K,E_ITSP2,PC_ENT,PT,2020,14.19,,
ESTAT:ISOC_SKE_ITSPE(1.0),10/02/25 23:00:00,A,10-49,C10-S951_X_K,E_ITSP2,PC_ENT,PT,2022,14.46,,
ESTAT:ISOC_SKE_ITSPE(1.0),10/02/25 23:00:00,A,10-49,C10-S951_X_K,E_ITSP2,PC_ENT,PT,2024,14.66,,
ESTAT:ISOC_SKE_ITSPE(1.0),10/02/25 23:00:00,A,10-49,C10-S951_X_K,E_ITSP2,PC_ENT,RO,2012,3.56,,
ESTAT:ISOC_SKE_ITSPE(1.0),10/02/25 23:00:00,A,10-49,C10-S951_X_K,E_ITSP2,PC_ENT,RO,2014,8.99,,
ESTAT:ISOC_SKE_ITSPE(1.0),10/02/25 23:00:00,A,10-49,C10-S951_X_K,E_ITSP2,PC_ENT,RO,2015,10.50,,
ESTAT:ISOC_SKE_ITSPE(1.0),10/02/25 23:00:00,A,10-49,C10-S951_X_K,E_ITSP2,PC_ENT,RO,2016,8.47,,
ESTAT:ISOC_SKE_ITSPE(1.0),10/02/25 23:00:00,A,10-49,C10-S951_X_K,E_ITSP2,PC_ENT,RO,2017,7.04,,
ESTAT:ISOC_SKE_ITSPE(1.0),10/02/25 23:00:00,A,10-49,C10-S951_X_K,E_ITSP2,PC_ENT,RO,2018,8.90,,
ESTAT:ISOC_SKE_ITSPE(1.0),10/02/25 23:00:00,A,10-49,C10-S951_X_K,E_ITSP2,PC_ENT,RO,2019,7.86,,
ESTAT:ISOC_SKE_ITSPE(1.0),10/02/25 23:00:00,A,10-49,C10-S951_X_K,E_ITSP2,PC_ENT,RO,2020,13.28,,
ESTAT:ISOC_SKE_ITSPE(1.0),10/02/25 23:00:00,A,10-49,C10-S951_X_K,E_ITSP2,PC_ENT,RO,2022,8.41,,
ESTAT:ISOC_SKE_ITSPE(1.0),10/02/25 23:00:00,A,10-49,C10-S951_X_K,E_ITSP2,PC_ENT,RO,2024,9.71,,
ESTAT:ISOC_SKE_ITSPE(1.0),10/02/25 23:00:00,A,10-49,C10-S951_X_K,E_ITSP2,PC_ENT,RS,2014,16.93,,
ESTAT:ISOC_SKE_ITSPE(1.0),10/02/25 23:00:00,A,10-49,C10-S951_X_K,E_ITSP2,PC_ENT,RS,2017,15.66,,
ESTAT:ISOC_SKE_ITSPE(1.0),10/02/25 23:00:00,A,10-49,C10-S951_X_K,E_ITSP2,PC_ENT,RS,2018,14.36,,
ESTAT:ISOC_SKE_ITSPE(1.0),10/02/25 23:00:00,A,10-49,C10-S951_X_K,E_ITSP2,PC_ENT,RS,2019,13.81,,
ESTAT:ISOC_SKE_ITSPE(1.0),10/02/25 23:00:00,A,10-49,C10-S951_X_K,E_ITSP2,PC_ENT,RS,2020,12.14,,
ESTAT:ISOC_SKE_ITSPE(1.0),10/02/25 23:00:00,A,10-49,C10-S951_X_K,E_ITSP2,PC_ENT,RS,2022,18.09,,
ESTAT:ISOC_SKE_ITSPE(1.0),10/02/25 23:00:00,A,10-49,C10-S951_X_K,E_ITSP2,PC_ENT,RS,2024,18.33,,
ESTAT:ISOC_SKE_ITSPE(1.0),10/02/25 23:00:00,A,10-49,C10-S951_X_K,E_ITSP2,PC_ENT,SE,2012,16.58,,
ESTAT:ISOC_SKE_ITSPE(1.0),10/02/25 23:00:00,A,10-49,C10-S951_X_K,E_ITSP2,PC_ENT,SE,2014,14.23,,
ESTAT:ISOC_SKE_ITSPE(1.0),10/02/25 23:00:00,A,10-49,C10-S951_X_K,E_ITSP2,PC_ENT,SE,2015,13.43,,
ESTAT:ISOC_SKE_ITSPE(1.0),10/02/25 23:00:00,A,10-49,C10-S951_X_K,E_ITSP2,PC_ENT,SE,2016,12.06,,
ESTAT:ISOC_SKE_ITSPE(1.0),10/02/25 23:00:00,A,10-49,C10-S951_X_K,E_ITSP2,PC_ENT,SE,2017,14.30,,
ESTAT:ISOC_SKE_ITSPE(1.0),10/02/25 23:00:00,A,10-49,C10-S951_X_K,E_ITSP2,PC_ENT,SE,2018,13.81,,
ESTAT:ISOC_SKE_ITSPE(1.0),10/02/25 23:00:00,A,10-49,C10-S951_X_K,E_ITSP2,PC_ENT,SE,2019,12.30,,
ESTAT:ISOC_SKE_ITSPE(1.0),10/02/25 23:00:00,A,10-49,C10-S951_X_K,E_ITSP2,PC_ENT,SE,2020,14.55,,
ESTAT:ISOC_SKE_ITSPE(1.0),10/02/25 23:00:00,A,10-49,C10-S951_X_K,E_ITSP2,PC_ENT,SE,2022,17.04,,
ESTAT:ISOC_SKE_ITSPE(1.0),10/02/25 23:00:00,A,10-49,C10-S951_X_K,E_ITSP2,PC_ENT,SE,2024,15.87,b,
ESTAT:ISOC_SKE_ITSPE(1.0),10/02/25 23:00:00,A,10-49,C10-S951_X_K,E_ITSP2,PC_ENT,SI,2012,13.67,,
ESTAT:ISOC_SKE_ITSPE(1.0),10/02/25 23:00:00,A,10-49,C10-S951_X_K,E_ITSP2,PC_ENT,SI,2014,12.62,,
ESTAT:ISOC_SKE_ITSPE(1.0),10/02/25 23:00:00,A,10-49,C10-S951_X_K,E_ITSP2,PC_ENT,SI,2015,13.66,,
ESTAT:ISOC_SKE_ITSPE(1.0),10/02/25 23:00:00,A,10-49,C10-S951_X_K,E_ITSP2,PC_ENT,SI,2016,13.55,,
ESTAT:ISOC_SKE_ITSPE(1.0),10/02/25 23:00:00,A,10-49,C10-S951_X_K,E_ITSP2,PC_ENT,SI,2017,12.70,,
ESTAT:ISOC_SKE_ITSPE(1.0),10/02/25 23:00:00,A,10-49,C10-S951_X_K,E_ITSP2,PC_ENT,SI,2018,13.52,,
ESTAT:ISOC_SKE_ITSPE(1.0),10/02/25 23:00:00,A,10-49,C10-S951_X_K,E_ITSP2,PC_ENT,SI,2019,11.54,,
ESTAT:ISOC_SKE_ITSPE(1.0),10/02/25 23:00:00,A,10-49,C10-S951_X_K,E_ITSP2,PC_ENT,SI,2020,10.14,,
ESTAT:ISOC_SKE_ITSPE(1.0),10/02/25 23:00:00,A,10-49,C10-S951_X_K,E_ITSP2,PC_ENT,SI,2022,14.10,,
ESTAT:ISOC_SKE_ITSPE(1.0),10/02/25 23:00:00,A,10-49,C10-S951_X_K,E_ITSP2,PC_ENT,SI,2024,12.24,,
ESTAT:ISOC_SKE_ITSPE(1.0),10/02/25 23:00:00,A,10-49,C10-S951_X_K,E_ITSP2,PC_ENT,SK,2012,18.50,,
ESTAT:ISOC_SKE_ITSPE(1.0),10/02/25 23:00:00,A,10-49,C10-S951_X_K,E_ITSP2,PC_ENT,SK,2014,11.07,,
ESTAT:ISOC_SKE_ITSPE(1.0),10/02/25 23:00:00,A,10-49,C10-S951_X_K,E_ITSP2,PC_ENT,SK,2015,12.31,,
ESTAT:ISOC_SKE_ITSPE(1.0),10/02/25 23:00:00,A,10-49,C10-S951_X_K,E_ITSP2,PC_ENT,SK,2016,12.28,,
ESTAT:ISOC_SKE_ITSPE(1.0),10/02/25 23:00:00,A,10-49,C10-S951_X_K,E_ITSP2,PC_ENT,SK,2017,12.30,,
ESTAT:ISOC_SKE_ITSPE(1.0),10/02/25 23:00:00,A,10-49,C10-S951_X_K,E_ITSP2,PC_ENT,SK,2018,10.53,,
ESTAT:ISOC_SKE_ITSPE(1.0),10/02/25 23:00:00,A,10-49,C10-S951_X_K,E_ITSP2,PC_ENT,SK,2019,10.71,,
ESTAT:ISOC_SKE_ITSPE(1.0),10/02/25 23:00:00,A,10-49,C10-S951_X_K,E_ITSP2,PC_ENT,SK,2020,9.75,,
ESTAT:ISOC_SKE_ITSPE(1.0),10/02/25 23:00:00,A,10-49,C10-S951_X_K,E_ITSP2,PC_ENT,SK,2022,11.39,,
ESTAT:ISOC_SKE_ITSPE(1.0),10/02/25 23:00:00,A,10-49,C10-S951_X_K,E_ITSP2,PC_ENT,SK,2024,10.07,,
ESTAT:ISOC_SKE_ITSPE(1.0),10/02/25 23:00:00,A,10-49,C10-S951_X_K,E_ITSP2,PC_ENT,TR,2015,,u,
ESTAT:ISOC_SKE_ITSPE(1.0),10/02/25 23:00:00,A,10-49,C10-S951_X_K,E_ITSP2,PC_ENT,TR,2018,8.18,,
ESTAT:ISOC_SKE_ITSPE(1.0),10/02/25 23:00:00,A,10-49,C10-S951_X_K,E_ITSP2,PC_ENT,TR,2019,10.08,,
ESTAT:ISOC_SKE_ITSPE(1.0),10/02/25 23:00:00,A,10-49,C10-S951_X_K,E_ITSP2,PC_ENT,TR,2020,7.68,,
ESTAT:ISOC_SKE_ITSPE(1.0),10/02/25 23:00:00,A,10-49,C10-S951_X_K,E_ITSP2,PC_ENT,TR,2022,13.82,,
ESTAT:ISOC_SKE_ITSPE(1.0),10/02/25 23:00:00,A,10-49,C10-S951_X_K,E_ITSP2,PC_ENT,TR,2024,8.76,,
ESTAT:ISOC_SKE_ITSPE(1.0),10/02/25 23:00:00,A,10-49,C10-S951_X_K,E_ITSP2,PC_ENT,UK,2012,24.29,,
ESTAT:ISOC_SKE_ITSPE(1.0),10/02/25 23:00:00,A,10-49,C10-S951_X_K,E_ITSP2,PC_ENT,UK,2014,18.71,,
ESTAT:ISOC_SKE_ITSPE(1.0),10/02/25 23:00:00,A,10-49,C10-S951_X_K,E_ITSP2,PC_ENT,UK,2015,16.46,,
ESTAT:ISOC_SKE_ITSPE(1.0),10/02/25 23:00:00,A,10-49,C10-S951_X_K,E_ITSP2,PC_ENT,UK,2016,17.50,,
ESTAT:ISOC_SKE_ITSPE(1.0),10/02/25 23:00:00,A,10-49,C10-S951_X_K,E_ITSP2,PC_ENT,UK,2017,16.03,,
ESTAT:ISOC_SKE_ITSPE(1.0),10/02/25 23:00:00,A,10-49,C10-S951_X_K,E_ITSP2,PC_ENT,UK,2018,18.61,,
ESTAT:ISOC_SKE_ITSPE(1.0),10/02/25 23:00:00,A,10-49,C10-S951_X_K,E_ITSP2,PC_ENT,UK,2019,21.36,,
ESTAT:ISOC_SKE_ITSPE(1.0),10/02/25 23:00:00,A,10-49,C10-S951_X_K,E_ITSP2,PC_ENT,UK,2020,24.09,,
ESTAT:ISOC_SKE_ITSPE(1.0),10/02/25 23:00:00,A,10-49,C10-S951_X_K,E_ITSP2,PC_ENT_CUSE,AT,2012,25.61,,
ESTAT:ISOC_SKE_ITSPE(1.0),10/02/25 23:00:00,A,10-49,C10-S951_X_K,E_ITSP2,PC_ENT_CUSE,AT,2014,17.26,,
ESTAT:ISOC_SKE_ITSPE(1.0),10/02/25 23:00:00,A,10-49,C10-S951_X_K,E_ITSP2,PC_ENT_CUSE,AT,2015,17.65,,
ESTAT:ISOC_SKE_ITSPE(1.0),10/02/25 23:00:00,A,10-49,C10-S951_X_K,E_ITSP2,PC_ENT_CUSE,AT,2016,18.46,,
ESTAT:ISOC_SKE_ITSPE(1.0),10/02/25 23:00:00,A,10-49,C10-S951_X_K,E_ITSP2,PC_ENT_CUSE,AT,2017,17.15,,
ESTAT:ISOC_SKE_ITSPE(1.0),10/02/25 23:00:00,A,10-49,C10-S951_X_K,E_ITSP2,PC_ENT_CUSE,AT,2018,14.28,,
ESTAT:ISOC_SKE_ITSPE(1.0),10/02/25 23:00:00,A,10-49,C10-S951_X_K,E_ITSP2,PC_ENT_CUSE,AT,2019,13.79,,
ESTAT:ISOC_SKE_ITSPE(1.0),10/02/25 23:00:00,A,10-49,C10-S951_X_K,E_ITSP2,PC_ENT_CUSE,BA,2018,12.49,,
ESTAT:ISOC_SKE_ITSPE(1.0),10/02/25 23:00:00,A,10-49,C10-S951_X_K,E_ITSP2,PC_ENT_CUSE,BA,2019,12.16,,
ESTAT:ISOC_SKE_ITSPE(1.0),10/02/25 23:00:00,A,10-49,C10-S951_X_K,E_ITSP2,PC_ENT_CUSE,BE,2012,21.86,,
ESTAT:ISOC_SKE_ITSPE(1.0),10/02/25 23:00:00,A,10-49,C10-S951_X_K,E_ITSP2,PC_ENT_CUSE,BE,2014,20.26,,
ESTAT:ISOC_SKE_ITSPE(1.0),10/02/25 23:00:00,A,10-49,C10-S951_X_K,E_ITSP2,PC_ENT_CUSE,BE,2015,21.91,,
ESTAT:ISOC_SKE_ITSPE(1.0),10/02/25 23:00:00,A,10-49,C10-S951_X_K,E_ITSP2,PC_ENT_CUSE,BE,2016,19.09,,
ESTAT:ISOC_SKE_ITSPE(1.0),10/02/25 23:00:00,A,10-49,C10-S951_X_K,E_ITSP2,PC_ENT_CUSE,BE,2017,23.14,,
ESTAT:ISOC_SKE_ITSPE(1.0),10/02/25 23:00:00,A,10-49,C10-S951_X_K,E_ITSP2,PC_ENT_CUSE,BE,2018,20.90,,
ESTAT:ISOC_SKE_ITSPE(1.0),10/02/25 23:00:00,A,10-49,C10-S951_X_K,E_ITSP2,PC_ENT_CUSE,BE,2019,21.16,,
ESTAT:ISOC_SKE_ITSPE(1.0),10/02/25 23:00:00,A,10-49,C10-S951_X_K,E_ITSP2,PC_ENT_CUSE,BG,2012,13.16,,
ESTAT:ISOC_SKE_ITSPE(1.0),10/02/25 23:00:00,A,10-49,C10-S951_X_K,E_ITSP2,PC_ENT_CUSE,BG,2014,18.85,,
ESTAT:ISOC_SKE_ITSPE(1.0),10/02/25 23:00:00,A,10-49,C10-S951_X_K,E_ITSP2,PC_ENT_CUSE,BG,2015,18.51,,
ESTAT:ISOC_SKE_ITSPE(1.0),10/02/25 23:00:00,A,10-49,C10-S951_X_K,E_ITSP2,PC_ENT_CUSE,BG,2016,17.54,,
ESTAT:ISOC_SKE_ITSPE(1.0),10/02/25 23:00:00,A,10-49,C10-S951_X_K,E_ITSP2,PC_ENT_CUSE,BG,2017,16.24,,
ESTAT:ISOC_SKE_ITSPE(1.0),10/02/25 23:00:00,A,10-49,C10-S951_X_K,E_ITSP2,PC_ENT_CUSE,BG,2018,16.98,,
ESTAT:ISOC_SKE_ITSPE(1.0),10/02/25 23:00:00,A,10-49,C10-S951_X_K,E_ITSP2,PC_ENT_CUSE,BG,2019,17.51,,
ESTAT:ISOC_SKE_ITSPE(1.0),10/02/25 23:00:00,A,10-49,C10-S951_X_K,E_ITSP2,PC_ENT_CUSE,CY,2012,20.42,,
ESTAT:ISOC_SKE_ITSPE(1.0),10/02/25 23:00:00,A,10-49,C10-S951_X_K,E_ITSP2,PC_ENT_CUSE,CY,2014,20.20,,
ESTAT:ISOC_SKE_ITSPE(1.0),10/02/25 23:00:00,A,10-49,C10-S951_X_K,E_ITSP2,PC_ENT_CUSE,CY,2015,21.89,,
ESTAT:ISOC_SKE_ITSPE(1.0),10/02/25 23:00:00,A,10-49,C10-S951_X_K,E_ITSP2,PC_ENT_CUSE,CY,2016,20.14,,
ESTAT:ISOC_SKE_ITSPE(1.0),10/02/25 23:00:00,A,10-49,C10-S951_X_K,E_ITSP2,PC_ENT_CUSE,CY,2017,20.38,,
ESTAT:ISOC_SKE_ITSPE(1.0),10/02/25 23:00:00,A,10-49,C10-S951_X_K,E_ITSP2,PC_ENT_CUSE,CY,2018,18.14,,
ESTAT:ISOC_SKE_ITSPE(1.0),10/02/25 23:00:00,A,10-49,C10-S951_X_K,E_ITSP2,PC_ENT_CUSE,CY,2019,18.62,,
ESTAT:ISOC_SKE_ITSPE(1.0),10/02/25 23:00:00,A,10-49,C10-S951_X_K,E_ITSP2,PC_ENT_CUSE,CZ,2012,22.22,,
ESTAT:ISOC_SKE_ITSPE(1.0),10/02/25 23:00:00,A,10-49,C10-S951_X_K,E_ITSP2,PC_ENT_CUSE,CZ,2014,13.42,,
ESTAT:ISOC_SKE_ITSPE(1.0),10/02/25 23:00:00,A,10-49,C10-S951_X_K,E_ITSP2,PC_ENT_CUSE,CZ,2015,11.73,,
ESTAT:ISOC_SKE_ITSPE(1.0),10/02/25 23:00:00,A,10-49,C10-S951_X_K,E_ITSP2,PC_ENT_CUSE,CZ,2016,11.78,,
ESTAT:ISOC_SKE_ITSPE(1.0),10/02/25 23:00:00,A,10-49,C10-S951_X_K,E_ITSP2,PC_ENT_CUSE,CZ,2017,13.47,,
ESTAT:ISOC_SKE_ITSPE(1.0),10/02/25 23:00:00,A,10-49,C10-S951_X_K,E_ITSP2,PC_ENT_CUSE,CZ,2018,12.06,,
ESTAT:ISOC_SKE_ITSPE(1.0),10/02/25 23:00:00,A,10-49,C10-S951_X_K,E_ITSP2,PC_ENT_CUSE,CZ,2019,13.12,,
ESTAT:ISOC_SKE_ITSPE(1.0),10/02/25 23:00:00,A,10-49,C10-S951_X_K,E_ITSP2,PC_ENT_CUSE,DE,2012,13.63,,
ESTAT:ISOC_SKE_ITSPE(1.0),10/02/25 23:00:00,A,10-49,C10-S951_X_K,E_ITSP2,PC_ENT_CUSE,DE,2014,14.93,,
ESTAT:ISOC_SKE_ITSPE(1.0),10/02/25 23:00:00,A,10-49,C10-S951_X_K,E_ITSP2,PC_ENT_CUSE,DE,2015,13.78,,
ESTAT:ISOC_SKE_ITSPE(1.0),10/02/25 23:00:00,A,10-49,C10-S951_X_K,E_ITSP2,PC_ENT_CUSE,DE,2016,16.02,,
ESTAT:ISOC_SKE_ITSPE(1.0),10/02/25 23:00:00,A,10-49,C10-S951_X_K,E_ITSP2,PC_ENT_CUSE,DE,2017,12.58,,
ESTAT:ISOC_SKE_ITSPE(1.0),10/02/25 23:00:00,A,10-49,C10-S951_X_K,E_ITSP2,PC_ENT_CUSE,DE,2018,13.23,,
ESTAT:ISOC_SKE_ITSPE(1.0),10/02/25 23:00:00,A,10-49,C10-S951_X_K,E_ITSP2,PC_ENT_CUSE,DE,2019,12.07,,
ESTAT:ISOC_SKE_ITSPE(1.0),10/02/25 23:00:00,A,10-49,C10-S951_X_K,E_ITSP2,PC_ENT_CUSE,DK,2012,19.04,,
ESTAT:ISOC_SKE_ITSPE(1.0),10/02/25 23:00:00,A,10-49,C10-S951_X_K,E_ITSP2,PC_ENT_CUSE,DK,2014,19.89,,
ESTAT:ISOC_SKE_ITSPE(1.0),10/02/25 23:00:00,A,10-49,C10-S951_X_K,E_ITSP2,PC_ENT_CUSE,DK,2015,17.28,,
ESTAT:ISOC_SKE_ITSPE(1.0),10/02/25 23:00:00,A,10-49,C10-S951_X_K,E_ITSP2,PC_ENT_CUSE,DK,2016,18.06,,
ESTAT:ISOC_SKE_ITSPE(1.0),10/02/25 23:00:00,A,10-49,C10-S951_X_K,E_ITSP2,PC_ENT_CUSE,DK,2017,17.74,,
ESTAT:ISOC_SKE_ITSPE(1.0),10/02/25 23:00:00,A,10-49,C10-S951_X_K,E_ITSP2,PC_ENT_CUSE,DK,2018,21.14,,
ESTAT:ISOC_SKE_ITSPE(1.0),10/02/25 23:00:00,A,10-49,C10-S951_X_K,E_ITSP2,PC_ENT_CUSE,DK,2019,22.76,,
ESTAT:ISOC_SKE_ITSPE(1.0),10/02/25 23:00:00,A,10-49,C10-S951_X_K,E_ITSP2,PC_ENT_CUSE,EA,2012,15.18,,
ESTAT:ISOC_SKE_ITSPE(1.0),10/02/25 23:00:00,A,10-49,C10-S951_X_K,E_ITSP2,PC_ENT_CUSE,EA,2014,14.64,,
ESTAT:ISOC_SKE_ITSPE(1.0),10/02/25 23:00:00,A,10-49,C10-S951_X_K,E_ITSP2,PC_ENT_CUSE,EA,2015,15.02,,
ESTAT:ISOC_SKE_ITSPE(1.0),10/02/25 23:00:00,A,10-49,C10-S951_X_K,E_ITSP2,PC_ENT_CUSE,EA,2016,15.44,,
ESTAT:ISOC_SKE_ITSPE(1.0),10/02/25 23:00:00,A,10-49,C10-S951_X_K,E_ITSP2,PC_ENT_CUSE,EA,2017,14.04,,
ESTAT:ISOC_SKE_ITSPE(1.0),10/02/25 23:00:00,A,10-49,C10-S951_X_K,E_ITSP2,PC_ENT_CUSE,EA,2018,13.72,,
ESTAT:ISOC_SKE_ITSPE(1.0),10/02/25 23:00:00,A,10-49,C10-S951_X_K,E_ITSP2,PC_ENT_CUSE,EA,2019,13.35,,
ESTAT:ISOC_SKE_ITSPE(1.0),10/02/25 23:00:00,A,10-49,C10-S951_X_K,E_ITSP2,PC_ENT_CUSE,EE,2012,12.33,,
ESTAT:ISOC_SKE_ITSPE(1.0),10/02/25 23:00:00,A,10-49,C10-S951_X_K,E_ITSP2,PC_ENT_CUSE,EE,2014,10.54,,
ESTAT:ISOC_SKE_ITSPE(1.0),10/02/25 23:00:00,A,10-49,C10-S951_X_K,E_ITSP2,PC_ENT_CUSE,EE,2015,9.98,,
ESTAT:ISOC_SKE_ITSPE(1.0),10/02/25 23:00:00,A,10-49,C10-S951_X_K,E_ITSP2,PC_ENT_CUSE,EE,2016,10.17,,
ESTAT:ISOC_SKE_ITSPE(1.0),10/02/25 23:00:00,A,10-49,C10-S951_X_K,E_ITSP2,PC_ENT_CUSE,EE,2017,10.36,,
ESTAT:ISOC_SKE_ITSPE(1.0),10/02/25 23:00:00,A,10-49,C10-S951_X_K,E_ITSP2,PC_ENT_CUSE,EE,2018,8.26,,
ESTAT:ISOC_SKE_ITSPE(1.0),10/02/25 23:00:00,A,10-49,C10-S951_X_K,E_ITSP2,PC_ENT_CUSE,EE,2019,10.12,,
ESTAT:ISOC_SKE_ITSPE(1.0),10/02/25 23:00:00,A,10-49,C10-S951_X_K,E_ITSP2,PC_ENT_CUSE,EL,2012,31.98,,
ESTAT:ISOC_SKE_ITSPE(1.0),10/02/25 23:00:00,A,10-49,C10-S951_X_K,E_ITSP2,PC_ENT_CUSE,EL,2014,23.55,,
ESTAT:ISOC_SKE_ITSPE(1.0),10/02/25 23:00:00,A,10-49,C10-S951_X_K,E_ITSP2,PC_ENT_CUSE,EL,2015,23.80,,
ESTAT:ISOC_SKE_ITSPE(1.0),10/02/25 23:00:00,A,10-49,C10-S951_X_K,E_ITSP2,PC_ENT_CUSE,EL,2016,28.50,,
ESTAT:ISOC_SKE_ITSPE(1.0),10/02/25 23:00:00,A,10-49,C10-S951_X_K,E_ITSP2,PC_ENT_CUSE,EL,2017,17.92,,
ESTAT:ISOC_SKE_ITSPE(1.0),10/02/25 23:00:00,A,10-49,C10-S951_X_K,E_ITSP2,PC_ENT_CUSE,EL,2018,19.91,,
ESTAT:ISOC_SKE_ITSPE(1.0),10/02/25 23:00:00,A,10-49,C10-S951_X_K,E_ITSP2,PC_ENT_CUSE,EL,2019,20.67,,
ESTAT:ISOC_SKE_ITSPE(1.0),10/02/25 23:00:00,A,10-49,C10-S951_X_K,E_ITSP2,PC_ENT_CUSE,ES,2012,18.33,,
ESTAT:ISOC_SKE_ITSPE(1.0),10/02/25 23:00:00,A,10-49,C10-S951_X_K,E_ITSP2,PC_ENT_CUSE,ES,2014,20.16,,
ESTAT:ISOC_SKE_ITSPE(1.0),10/02/25 23:00:00,A,10-49,C10-S951_X_K,E_ITSP2,PC_ENT_CUSE,ES,2015,20.23,,
ESTAT:ISOC_SKE_ITSPE(1.0),10/02/25 23:00:00,A,10-49,C10-S951_X_K,E_ITSP2,PC_ENT_CUSE,ES,2016,19.84,,
ESTAT:ISOC_SKE_ITSPE(1.0),10/02/25 23:00:00,A,10-49,C10-S951_X_K,E_ITSP2,PC_ENT_CUSE,ES,2017,15.96,,
ESTAT:ISOC_SKE_ITSPE(1.0),10/02/25 23:00:00,A,10-49,C10-S951_X_K,E_ITSP2,PC_ENT_CUSE,ES,2018,12.71,,
ESTAT:ISOC_SKE_ITSPE(1.0),10/02/25 23:00:00,A,10-49,C10-S951_X_K,E_ITSP2,PC_ENT_CUSE,ES,2019,11.94,,
ESTAT:ISOC_SKE_ITSPE(1.0),10/02/25 23:00:00,A,10-49,C10-S951_X_K,E_ITSP2,PC_ENT_CUSE,EU15,2012,16.70,,
ESTAT:ISOC_SKE_ITSPE(1.0),10/02/25 23:00:00,A,10-49,C10-S951_X_K,E_ITSP2,PC_ENT_CUSE,EU15,2014,15.50,,
ESTAT:ISOC_SKE_ITSPE(1.0),10/02/25 23:00:00,A,10-49,C10-S951_X_K,E_ITSP2,PC_ENT_CUSE,EU15,2015,15.46,,
ESTAT:ISOC_SKE_ITSPE(1.0),10/02/25 23:00:00,A,10-49,C10-S951_X_K,E_ITSP2,PC_ENT_CUSE,EU15,2016,15.96,,
ESTAT:ISOC_SKE_ITSPE(1.0),10/02/25 23:00:00,A,10-49,C10-S951_X_K,E_ITSP2,PC_ENT_CUSE,EU15,2017,14.63,,
ESTAT:ISOC_SKE_ITSPE(1.0),10/02/25 23:00:00,A,10-49,C10-S951_X_K,E_ITSP2,PC_ENT_CUSE,EU15,2018,14.83,,
ESTAT:ISOC_SKE_ITSPE(1.0),10/02/25 23:00:00,A,10-49,C10-S951_X_K,E_ITSP2,PC_ENT_CUSE,EU27_2007,2012,16.22,,
ESTAT:ISOC_SKE_ITSPE(1.0),10/02/25 23:00:00,A,10-49,C10-S951_X_K,E_ITSP2,PC_ENT_CUSE,EU27_2007,2014,14.77,,
ESTAT:ISOC_SKE_ITSPE(1.0),10/02/25 23:00:00,A,10-49,C10-S951_X_K,E_ITSP2,PC_ENT_CUSE,EU27_2007,2015,14.81,,
ESTAT:ISOC_SKE_ITSPE(1.0),10/02/25 23:00:00,A,10-49,C10-S951_X_K,E_ITSP2,PC_ENT_CUSE,EU27_2007,2016,15.25,,
ESTAT:ISOC_SKE_ITSPE(1.0),10/02/25 23:00:00,A,10-49,C10-S951_X_K,E_ITSP2,PC_ENT_CUSE,EU27_2007,2017,14.11,,
ESTAT:ISOC_SKE_ITSPE(1.0),10/02/25 23:00:00,A,10-49,C10-S951_X_K,E_ITSP2,PC_ENT_CUSE,EU27_2007,2018,14.32,,
ESTAT:ISOC_SKE_ITSPE(1.0),10/02/25 23:00:00,A,10-49,C10-S951_X_K,E_ITSP2,PC_ENT_CUSE,EU27_2020,2012,15.00,,
ESTAT:ISOC_SKE_ITSPE(1.0),10/02/25 23:00:00,A,10-49,C10-S951_X_K,E_ITSP2,PC_ENT_CUSE,EU27_2020,2014,14.07,,
ESTAT:ISOC_SKE_ITSPE(1.0),10/02/25 23:00:00,A,10-49,C10-S951_X_K,E_ITSP2,PC_ENT_CUSE,EU27_2020,2015,14.46,,
ESTAT:ISOC_SKE_ITSPE(1.0),10/02/25 23:00:00,A,10-49,C10-S951_X_K,E_ITSP2,PC_ENT_CUSE,EU27_2020,2016,14.77,,
ESTAT:ISOC_SKE_ITSPE(1.0),10/02/25 23:00:00,A,10-49,C10-S951_X_K,E_ITSP2,PC_ENT_CUSE,EU27_2020,2017,13.70,,
ESTAT:ISOC_SKE_ITSPE(1.0),10/02/25 23:00:00,A,10-49,C10-S951_X_K,E_ITSP2,PC_ENT_CUSE,EU27_2020,2018,13.54,,
ESTAT:ISOC_SKE_ITSPE(1.0),10/02/25 23:00:00,A,10-49,C10-S951_X_K,E_ITSP2,PC_ENT_CUSE,EU27_2020,2019,13.98,,
ESTAT:ISOC_SKE_ITSPE(1.0),10/02/25 23:00:00,A,10-49,C10-S951_X_K,E_ITSP2,PC_ENT_CUSE,EU28,2012,16.22,,
ESTAT:ISOC_SKE_ITSPE(1.0),10/02/25 23:00:00,A,10-49,C10-S951_X_K,E_ITSP2,PC_ENT_CUSE,EU28,2014,14.77,,
ESTAT:ISOC_SKE_ITSPE(1.0),10/02/25 23:00:00,A,10-49,C10-S951_X_K,E_ITSP2,PC_ENT_CUSE,EU28,2015,14.82,,
ESTAT:ISOC_SKE_ITSPE(1.0),10/02/25 23:00:00,A,10-49,C10-S951_X_K,E_ITSP2,PC_ENT_CUSE,EU28,2016,15.23,,
ESTAT:ISOC_SKE_ITSPE(1.0),10/02/25 23:00:00,A,10-49,C10-S951_X_K,E_ITSP2,PC_ENT_CUSE,EU28,2017,14.12,,
ESTAT:ISOC_SKE_ITSPE(1.0),10/02/25 23:00:00,A,10-49,C10-S951_X_K,E_ITSP2,PC_ENT_CUSE,EU28,2018,14.32,,
ESTAT:ISOC_SKE_ITSPE(1.0),10/02/25 23:00:00,A,10-49,C10-S951_X_K,E_ITSP2,PC_ENT_CUSE,EU28,2019,15.02,,
ESTAT:ISOC_SKE_ITSPE(1.0),10/02/25 23:00:00,A,10-49,C10-S951_X_K,E_ITSP2,PC_ENT_CUSE,FI,2012,26.33,,
ESTAT:ISOC_SKE_ITSPE(1.0),10/02/25 23:00:00,A,10-49,C10-S951_X_K,E_ITSP2,PC_ENT_CUSE,FI,2014,22.15,,
ESTAT:ISOC_SKE_ITSPE(1.0),10/02/25 23:00:00,A,10-49,C10-S951_X_K,E_ITSP2,PC_ENT_CUSE,FI,2015,19.04,,
ESTAT:ISOC_SKE_ITSPE(1.0),10/02/25 23:00:00,A,10-49,C10-S951_X_K,E_ITSP2,PC_ENT_CUSE,FI,2016,18.53,,
ESTAT:ISOC_SKE_ITSPE(1.0),10/02/25 23:00:00,A,10-49,C10-S951_X_K,E_ITSP2,PC_ENT_CUSE,FI,2017,20.68,,
ESTAT:ISOC_SKE_ITSPE(1.0),10/02/25 23:00:00,A,10-49,C10-S951_X_K,E_ITSP2,PC_ENT_CUSE,FI,2018,20.08,,
ESTAT:ISOC_SKE_ITSPE(1.0),10/02/25 23:00:00,A,10-49,C10-S951_X_K,E_ITSP2,PC_ENT_CUSE,FI,2019,19.67,,
ESTAT:ISOC_SKE_ITSPE(1.0),10/02/25 23:00:00,A,10-49,C10-S951_X_K,E_ITSP2,PC_ENT_CUSE,FR,2012,10.28,,
ESTAT:ISOC_SKE_ITSPE(1.0),10/02/25 23:00:00,A,10-49,C10-S951_X_K,E_ITSP2,PC_ENT_CUSE,FR,2014,9.86,,
ESTAT:ISOC_SKE_ITSPE(1.0),10/02/25 23:00:00,A,10-49,C10-S951_X_K,E_ITSP2,PC_ENT_CUSE,FR,2015,11.29,,
ESTAT:ISOC_SKE_ITSPE(1.0),10/02/25 23:00:00,A,10-49,C10-S951_X_K,E_ITSP2,PC_ENT_CUSE,FR,2016,10.64,,
ESTAT:ISOC_SKE_ITSPE(1.0),10/02/25 23:00:00,A,10-49,C10-S951_X_K,E_ITSP2,PC_ENT_CUSE,FR,2017,11.90,,
ESTAT:ISOC_SKE_ITSPE(1.0),10/02/25 23:00:00,A,10-49,C10-S951_X_K,E_ITSP2,PC_ENT_CUSE,FR,2018,11.59,,
ESTAT:ISOC_SKE_ITSPE(1.0),10/02/25 23:00:00,A,10-49,C10-S951_X_K,E_ITSP2,PC_ENT_CUSE,FR,2019,11.97,,
ESTAT:ISOC_SKE_ITSPE(1.0),10/02/25 23:00:00,A,10-49,C10-S951_X_K,E_ITSP2,PC_ENT_CUSE,HR,2012,15.19,,
ESTAT:ISOC_SKE_ITSPE(1.0),10/02/25 23:00:00,A,10-49,C10-S951_X_K,E_ITSP2,PC_ENT_CUSE,HR,2014,13.63,,
ESTAT:ISOC_SKE_ITSPE(1.0),10/02/25 23:00:00,A,10-49,C10-S951_X_K,E_ITSP2,PC_ENT_CUSE,HR,2015,16.61,,
ESTAT:ISOC_SKE_ITSPE(1.0),10/02/25 23:00:00,A,10-49,C10-S951_X_K,E_ITSP2,PC_ENT_CUSE,HR,2016,12.19,,
ESTAT:ISOC_SKE_ITSPE(1.0),10/02/25 23:00:00,A,10-49,C10-S951_X_K,E_ITSP2,PC_ENT_CUSE,HR,2017,14.80,,
ESTAT:ISOC_SKE_ITSPE(1.0),10/02/25 23:00:00,A,10-49,C10-S951_X_K,E_ITSP2,PC_ENT_CUSE,HR,2018,14.70,,
ESTAT:ISOC_SKE_ITSPE(1.0),10/02/25 23:00:00,A,10-49,C10-S951_X_K,E_ITSP2,PC_ENT_CUSE,HR,2019,13.56,,
ESTAT:ISOC_SKE_ITSPE(1.0),10/02/25 23:00:00,A,10-49,C10-S951_X_K,E_ITSP2,PC_ENT_CUSE,HU,2012,28.42,,
ESTAT:ISOC_SKE_ITSPE(1.0),10/02/25 23:00:00,A,10-49,C10-S951_X_K,E_ITSP2,PC_ENT_CUSE,HU,2014,24.01,,
ESTAT:ISOC_SKE_ITSPE(1.0),10/02/25 23:00:00,A,10-49,C10-S951_X_K,E_ITSP2,PC_ENT_CUSE,HU,2015,22.22,,
ESTAT:ISOC_SKE_ITSPE(1.0),10/02/25 23:00:00,A,10-49,C10-S951_X_K,E_ITSP2,PC_ENT_CUSE,HU,2016,22.26,,
ESTAT:ISOC_SKE_ITSPE(1.0),10/02/25 23:00:00,A,10-49,C10-S951_X_K,E_ITSP2,PC_ENT_CUSE,HU,2017,23.85,,
ESTAT:ISOC_SKE_ITSPE(1.0),10/02/25 23:00:00,A,10-49,C10-S951_X_K,E_ITSP2,PC_ENT_CUSE,HU,2018,22.90,,
ESTAT:ISOC_SKE_ITSPE(1.0),10/02/25 23:00:00,A,10-49,C10-S951_X_K,E_ITSP2,PC_ENT_CUSE,HU,2019,22.59,,
ESTAT:ISOC_SKE_ITSPE(1.0),10/02/25 23:00:00,A,10-49,C10-S951_X_K,E_ITSP2,PC_ENT_CUSE,IE,2012,28.90,,
ESTAT:ISOC_SKE_ITSPE(1.0),10/02/25 23:00:00,A,10-49,C10-S951_X_K,E_ITSP2,PC_ENT_CUSE,IE,2014,23.15,,
ESTAT:ISOC_SKE_ITSPE(1.0),10/02/25 23:00:00,A,10-49,C10-S951_X_K,E_ITSP2,PC_ENT_CUSE,IE,2015,26.13,,
ESTAT:ISOC_SKE_ITSPE(1.0),10/02/25 23:00:00,A,10-49,C10-S951_X_K,E_ITSP2,PC_ENT_CUSE,IE,2016,30.68,,
ESTAT:ISOC_SKE_ITSPE(1.0),10/02/25 23:00:00,A,10-49,C10-S951_X_K,E_ITSP2,PC_ENT_CUSE,IE,2017,28.44,,
ESTAT:ISOC_SKE_ITSPE(1.0),10/02/25 23:00:00,A,10-49,C10-S951_X_K,E_ITSP2,PC_ENT_CUSE,IE,2018,28.31,,
ESTAT:ISOC_SKE_ITSPE(1.0),10/02/25 23:00:00,A,10-49,C10-S951_X_K,E_ITSP2,PC_ENT_CUSE,IE,2019,27.94,,
ESTAT:ISOC_SKE_ITSPE(1.0),10/02/25 23:00:00,A,10-49,C10-S951_X_K,E_ITSP2,PC_ENT_CUSE,IS,2012,17.88,,
ESTAT:ISOC_SKE_ITSPE(1.0),10/02/25 23:00:00,A,10-49,C10-S951_X_K,E_ITSP2,PC_ENT_CUSE,IS,2014,17.05,,
ESTAT:ISOC_SKE_ITSPE(1.0),10/02/25 23:00:00,A,10-49,C10-S951_X_K,E_ITSP2,PC_ENT_CUSE,IS,2017,12.25,,
ESTAT:ISOC_SKE_ITSPE(1.0),10/02/25 23:00:00,A,10-49,C10-S951_X_K,E_ITSP2,PC_ENT_CUSE,IT,2012,10.71,,
ESTAT:ISOC_SKE_ITSPE(1.0),10/02/25 23:00:00,A,10-49,C10-S951_X_K,E_ITSP2,PC_ENT_CUSE,IT,2014,11.31,,
ESTAT:ISOC_SKE_ITSPE(1.0),10/02/25 23:00:00,A,10-49,C10-S951_X_K,E_ITSP2,PC_ENT_CUSE,IT,2015,12.82,,
ESTAT:ISOC_SKE_ITSPE(1.0),10/02/25 23:00:00,A,10-49,C10-S951_X_K,E_ITSP2,PC_ENT_CUSE,IT,2016,12.80,,
ESTAT:ISOC_SKE_ITSPE(1.0),10/02/25 23:00:00,A,10-49,C10-S951_X_K,E_ITSP2,PC_ENT_CUSE,IT,2017,12.22,,
ESTAT:ISOC_SKE_ITSPE(1.0),10/02/25 23:00:00,A,10-49,C10-S951_X_K,E_ITSP2,PC_ENT_CUSE,IT,2018,12.48,,
ESTAT:ISOC_SKE_ITSPE(1.0),10/02/25 23:00:00,A,10-49,C10-S951_X_K,E_ITSP2,PC_ENT_CUSE,IT,2019,11.97,,
ESTAT:ISOC_SKE_ITSPE(1.0),10/02/25 23:00:00,A,10-49,C10-S951_X_K,E_ITSP2,PC_ENT_CUSE,LT,2012,16.43,,
ESTAT:ISOC_SKE_ITSPE(1.0),10/02/25 23:00:00,A,10-49,C10-S951_X_K,E_ITSP2,PC_ENT_CUSE,LT,2014,10.19,,
ESTAT:ISOC_SKE_ITSPE(1.0),10/02/25 23:00:00,A,10-49,C10-S951_X_K,E_ITSP2,PC_ENT_CUSE,LT,2015,8.88,,
ESTAT:ISOC_SKE_ITSPE(1.0),10/02/25 23:00:00,A,10-49,C10-S951_X_K,E_ITSP2,PC_ENT_CUSE,LT,2016,9.14,,
ESTAT:ISOC_SKE_ITSPE(1.0),10/02/25 23:00:00,A,10-49,C10-S951_X_K,E_ITSP2,PC_ENT_CUSE,LT,2017,12.07,,
ESTAT:ISOC_SKE_ITSPE(1.0),10/02/25 23:00:00,A,10-49,C10-S951_X_K,E_ITSP2,PC_ENT_CUSE,LT,2018,11.47,,
ESTAT:ISOC_SKE_ITSPE(1.0),10/02/25 23:00:00,A,10-49,C10-S951_X_K,E_ITSP2,PC_ENT_CUSE,LT,2019,9.70,,
ESTAT:ISOC_SKE_ITSPE(1.0),10/02/25 23:00:00,A,10-49,C10-S951_X_K,E_ITSP2,PC_ENT_CUSE,LU,2012,26.46,,
ESTAT:ISOC_SKE_ITSPE(1.0),10/02/25 23:00:00,A,10-49,C10-S951_X_K,E_ITSP2,PC_ENT_CUSE,LU,2014,14.19,,
ESTAT:ISOC_SKE_ITSPE(1.0),10/02/25 23:00:00,A,10-49,C10-S951_X_K,E_ITSP2,PC_ENT_CUSE,LU,2015,18.63,,
ESTAT:ISOC_SKE_ITSPE(1.0),10/02/25 23:00:00,A,10-49,C10-S951_X_K,E_ITSP2,PC_ENT_CUSE,LU,2016,17.98,,
ESTAT:ISOC_SKE_ITSPE(1.0),10/02/25 23:00:00,A,10-49,C10-S951_X_K,E_ITSP2,PC_ENT_CUSE,LU,2017,18.79,,
ESTAT:ISOC_SKE_ITSPE(1.0),10/02/25 23:00:00,A,10-49,C10-S951_X_K,E_ITSP2,PC_ENT_CUSE,LU,2018,17.57,,
ESTAT:ISOC_SKE_ITSPE(1.0),10/02/25 23:00:00,A,10-49,C10-S951_X_K,E_ITSP2,PC_ENT_CUSE,LU,2019,18.83,,
ESTAT:ISOC_SKE_ITSPE(1.0),10/02/25 23:00:00,A,10-49,C10-S951_X_K,E_ITSP2,PC_ENT_CUSE,LV,2012,18.42,,
ESTAT:ISOC_SKE_ITSPE(1.0),10/02/25 23:00:00,A,10-49,C10-S951_X_K,E_ITSP2,PC_ENT_CUSE,LV,2014,15.60,,
ESTAT:ISOC_SKE_ITSPE(1.0),10/02/25 23:00:00,A,10-49,C10-S951_X_K,E_ITSP2,PC_ENT_CUSE,LV,2015,13.61,,
ESTAT:ISOC_SKE_ITSPE(1.0),10/02/25 23:00:00,A,10-49,C10-S951_X_K,E_ITSP2,PC_ENT_CUSE,LV,2016,12.55,,
ESTAT:ISOC_SKE_ITSPE(1.0),10/02/25 23:00:00,A,10-49,C10-S951_X_K,E_ITSP2,PC_ENT_CUSE,LV,2017,8.94,,
ESTAT:ISOC_SKE_ITSPE(1.0),10/02/25 23:00:00,A,10-49,C10-S951_X_K,E_ITSP2,PC_ENT_CUSE,LV,2018,10.24,,
ESTAT:ISOC_SKE_ITSPE(1.0),10/02/25 23:00:00,A,10-49,C10-S951_X_K,E_ITSP2,PC_ENT_CUSE,LV,2019,15.74,,
ESTAT:ISOC_SKE_ITSPE(1.0),10/02/25 23:00:00,A,10-49,C10-S951_X_K,E_ITSP2,PC_ENT_CUSE,ME,2016,11.69,,
ESTAT:ISOC_SKE_ITSPE(1.0),10/02/25 23:00:00,A,10-49,C10-S951_X_K,E_ITSP2,PC_ENT_CUSE,ME,2017,14.43,,
ESTAT:ISOC_SKE_ITSPE(1.0),10/02/25 23:00:00,A,10-49,C10-S951_X_K,E_ITSP2,PC_ENT_CUSE,ME,2018,12.12,,
ESTAT:ISOC_SKE_ITSPE(1.0),10/02/25 23:00:00,A,10-49,C10-S951_X_K,E_ITSP2,PC_ENT_CUSE,ME,2019,14.63,,
ESTAT:ISOC_SKE_ITSPE(1.0),10/02/25 23:00:00,A,10-49,C10-S951_X_K,E_ITSP2,PC_ENT_CUSE,MK,2012,14.72,,
ESTAT:ISOC_SKE_ITSPE(1.0),10/02/25 23:00:00,A,10-49,C10-S951_X_K,E_ITSP2,PC_ENT_CUSE,MK,2014,10.59,,
ESTAT:ISOC_SKE_ITSPE(1.0),10/02/25 23:00:00,A,10-49,C10-S951_X_K,E_ITSP2,PC_ENT_CUSE,MK,2015,9.40,,
ESTAT:ISOC_SKE_ITSPE(1.0),10/02/25 23:00:00,A,10-49,C10-S951_X_K,E_ITSP2,PC_ENT_CUSE,MK,2016,11.91,,
ESTAT:ISOC_SKE_ITSPE(1.0),10/02/25 23:00:00,A,10-49,C10-S951_X_K,E_ITSP2,PC_ENT_CUSE,MT,2012,19.81,,
ESTAT:ISOC_SKE_ITSPE(1.0),10/02/25 23:00:00,A,10-49,C10-S951_X_K,E_ITSP2,PC_ENT_CUSE,MT,2014,18.63,,
ESTAT:ISOC_SKE_ITSPE(1.0),10/02/25 23:00:00,A,10-49,C10-S951_X_K,E_ITSP2,PC_ENT_CUSE,MT,2015,19.68,,
ESTAT:ISOC_SKE_ITSPE(1.0),10/02/25 23:00:00,A,10-49,C10-S951_X_K,E_ITSP2,PC_ENT_CUSE,MT,2016,19.33,,
ESTAT:ISOC_SKE_ITSPE(1.0),10/02/25 23:00:00,A,10-49,C10-S951_X_K,E_ITSP2,PC_ENT_CUSE,MT,2017,18.58,,
ESTAT:ISOC_SKE_ITSPE(1.0),10/02/25 23:00:00,A,10-49,C10-S951_X_K,E_ITSP2,PC_ENT_CUSE,MT,2018,17.68,,
ESTAT:ISOC_SKE_ITSPE(1.0),10/02/25 23:00:00,A,10-49,C10-S951_X_K,E_ITSP2,PC_ENT_CUSE,MT,2019,21.99,,
ESTAT:ISOC_SKE_ITSPE(1.0),10/02/25 23:00:00,A,10-49,C10-S951_X_K,E_ITSP2,PC_ENT_CUSE,NL,2012,17.69,,
ESTAT:ISOC_SKE_ITSPE(1.0),10/02/25 23:00:00,A,10-49,C10-S951_X_K,E_ITSP2,PC_ENT_CUSE,NL,2014,18.99,,
ESTAT:ISOC_SKE_ITSPE(1.0),10/02/25 23:00:00,A,10-49,C10-S951_X_K,E_ITSP2,PC_ENT_CUSE,NL,2015,20.21,,
ESTAT:ISOC_SKE_ITSPE(1.0),10/02/25 23:00:00,A,10-49,C10-S951_X_K,E_ITSP2,PC_ENT_CUSE,NL,2016,18.52,,
ESTAT:ISOC_SKE_ITSPE(1.0),10/02/25 23:00:00,A,10-49,C10-S951_X_K,E_ITSP2,PC_ENT_CUSE,NL,2017,19.20,,
ESTAT:ISOC_SKE_ITSPE(1.0),10/02/25 23:00:00,A,10-49,C10-S951_X_K,E_ITSP2,PC_ENT_CUSE,NL,2018,19.80,,
ESTAT:ISOC_SKE_ITSPE(1.0),10/02/25 23:00:00,A,10-49,C10-S951_X_K,E_ITSP2,PC_ENT_CUSE,NL,2019,18.09,,
ESTAT:ISOC_SKE_ITSPE(1.0),10/02/25 23:00:00,A,10-49,C10-S951_X_K,E_ITSP2,PC_ENT_CUSE,NO,2012,25.89,,
ESTAT:ISOC_SKE_ITSPE(1.0),10/02/25 23:00:00,A,10-49,C10-S951_X_K,E_ITSP2,PC_ENT_CUSE,NO,2014,15.67,,
ESTAT:ISOC_SKE_ITSPE(1.0),10/02/25 23:00:00,A,10-49,C10-S951_X_K,E_ITSP2,PC_ENT_CUSE,NO,2015,14.95,,
ESTAT:ISOC_SKE_ITSPE(1.0),10/02/25 23:00:00,A,10-49,C10-S951_X_K,E_ITSP2,PC_ENT_CUSE,NO,2016,14.55,,
ESTAT:ISOC_SKE_ITSPE(1.0),10/02/25 23:00:00,A,10-49,C10-S951_X_K,E_ITSP2,PC_ENT_CUSE,NO,2017,14.22,,
ESTAT:ISOC_SKE_ITSPE(1.0),10/02/25 23:00:00,A,10-49,C10-S951_X_K,E_ITSP2,PC_ENT_CUSE,NO,2018,13.88,,
ESTAT:ISOC_SKE_ITSPE(1.0),10/02/25 23:00:00,A,10-49,C10-S951_X_K,E_ITSP2,PC_ENT_CUSE,NO,2019,14.54,,
ESTAT:ISOC_SKE_ITSPE(1.0),10/02/25 23:00:00,A,10-49,C10-S951_X_K,E_ITSP2,PC_ENT_CUSE,PL,2012,8.87,,
ESTAT:ISOC_SKE_ITSPE(1.0),10/02/25 23:00:00,A,10-49,C10-S951_X_K,E_ITSP2,PC_ENT_CUSE,PL,2014,5.76,,
ESTAT:ISOC_SKE_ITSPE(1.0),10/02/25 23:00:00,A,10-49,C10-S951_X_K,E_ITSP2,PC_ENT_CUSE,PL,2015,7.12,,
ESTAT:ISOC_SKE_ITSPE(1.0),10/02/25 23:00:00,A,10-49,C10-S951_X_K,E_ITSP2,PC_ENT_CUSE,PL,2016,7.54,,
ESTAT:ISOC_SKE_ITSPE(1.0),10/02/25 23:00:00,A,10-49,C10-S951_X_K,E_ITSP2,PC_ENT_CUSE,PL,2017,7.18,,
ESTAT:ISOC_SKE_ITSPE(1.0),10/02/25 23:00:00,A,10-49,C10-S951_X_K,E_ITSP2,PC_ENT_CUSE,PL,2018,7.95,,
ESTAT:ISOC_SKE_ITSPE(1.0),10/02/25 23:00:00,A,10-49,C10-S951_X_K,E_ITSP2,PC_ENT_CUSE,PL,2019,18.68,,
ESTAT:ISOC_SKE_ITSPE(1.0),10/02/25 23:00:00,A,10-49,C10-S951_X_K,E_ITSP2,PC_ENT_CUSE,PT,2012,25.24,,
ESTAT:ISOC_SKE_ITSPE(1.0),10/02/25 23:00:00,A,10-49,C10-S951_X_K,E_ITSP2,PC_ENT_CUSE,PT,2014,13.28,,
ESTAT:ISOC_SKE_ITSPE(1.0),10/02/25 23:00:00,A,10-49,C10-S951_X_K,E_ITSP2,PC_ENT_CUSE,PT,2015,14.26,,
ESTAT:ISOC_SKE_ITSPE(1.0),10/02/25 23:00:00,A,10-49,C10-S951_X_K,E_ITSP2,PC_ENT_CUSE,PT,2016,14.08,,
ESTAT:ISOC_SKE_ITSPE(1.0),10/02/25 23:00:00,A,10-49,C10-S951_X_K,E_ITSP2,PC_ENT_CUSE,PT,2017,13.48,,
ESTAT:ISOC_SKE_ITSPE(1.0),10/02/25 23:00:00,A,10-49,C10-S951_X_K,E_ITSP2,PC_ENT_CUSE,PT,2018,12.65,,
ESTAT:ISOC_SKE_ITSPE(1.0),10/02/25 23:00:00,A,10-49,C10-S951_X_K,E_ITSP2,PC_ENT_CUSE,PT,2019,16.40,,
ESTAT:ISOC_SKE_ITSPE(1.0),10/02/25 23:00:00,A,10-49,C10-S951_X_K,E_ITSP2,PC_ENT_CUSE,RO,2012,4.50,,
ESTAT:ISOC_SKE_ITSPE(1.0),10/02/25 23:00:00,A,10-49,C10-S951_X_K,E_ITSP2,PC_ENT_CUSE,RO,2014,10.47,,
ESTAT:ISOC_SKE_ITSPE(1.0),10/02/25 23:00:00,A,10-49,C10-S951_X_K,E_ITSP2,PC_ENT_CUSE,RO,2015,12.10,,
ESTAT:ISOC_SKE_ITSPE(1.0),10/02/25 23:00:00,A,10-49,C10-S951_X_K,E_ITSP2,PC_ENT_CUSE,RO,2016,10.13,,
ESTAT:ISOC_SKE_ITSPE(1.0),10/02/25 23:00:00,A,10-49,C10-S951_X_K,E_ITSP2,PC_ENT_CUSE,RO,2017,8.33,,
ESTAT:ISOC_SKE_ITSPE(1.0),10/02/25 23:00:00,A,10-49,C10-S951_X_K,E_ITSP2,PC_ENT_CUSE,RO,2018,10.37,,
ESTAT:ISOC_SKE_ITSPE(1.0),10/02/25 23:00:00,A,10-49,C10-S951_X_K,E_ITSP2,PC_ENT_CUSE,RO,2019,9.63,,
ESTAT:ISOC_SKE_ITSPE(1.0),10/02/25 23:00:00,A,10-49,C10-S951_X_K,E_ITSP2,PC_ENT_CUSE,RS,2014,16.93,,
ESTAT:ISOC_SKE_ITSPE(1.0),10/02/25 23:00:00,A,10-49,C10-S951_X_K,E_ITSP2,PC_ENT_CUSE,RS,2017,15.66,,
ESTAT:ISOC_SKE_ITSPE(1.0),10/02/25 23:00:00,A,10-49,C10-S951_X_K,E_ITSP2,PC_ENT_CUSE,RS,2018,14.46,,
ESTAT:ISOC_SKE_ITSPE(1.0),10/02/25 23:00:00,A,10-49,C10-S951_X_K,E_ITSP2,PC_ENT_CUSE,RS,2019,13.81,,
ESTAT:ISOC_SKE_ITSPE(1.0),10/02/25 23:00:00,A,10-49,C10-S951_X_K,E_ITSP2,PC_ENT_CUSE,SE,2012,16.91,,
ESTAT:ISOC_SKE_ITSPE(1.0),10/02/25 23:00:00,A,10-49,C10-S951_X_K,E_ITSP2,PC_ENT_CUSE,SE,2014,14.23,,
ESTAT:ISOC_SKE_ITSPE(1.0),10/02/25 23:00:00,A,10-49,C10-S951_X_K,E_ITSP2,PC_ENT_CUSE,SE,2015,13.43,,
ESTAT:ISOC_SKE_ITSPE(1.0),10/02/25 23:00:00,A,10-49,C10-S951_X_K,E_ITSP2,PC_ENT_CUSE,SE,2016,12.06,,
ESTAT:ISOC_SKE_ITSPE(1.0),10/02/25 23:00:00,A,10-49,C10-S951_X_K,E_ITSP2,PC_ENT_CUSE,SE,2017,14.30,,
ESTAT:ISOC_SKE_ITSPE(1.0),10/02/25 23:00:00,A,10-49,C10-S951_X_K,E_ITSP2,PC_ENT_CUSE,SE,2018,13.81,,
ESTAT:ISOC_SKE_ITSPE(1.0),10/02/25 23:00:00,A,10-49,C10-S951_X_K,E_ITSP2,PC_ENT_CUSE,SE,2019,12.30,,
ESTAT:ISOC_SKE_ITSPE(1.0),10/02/25 23:00:00,A,10-49,C10-S951_X_K,E_ITSP2,PC_ENT_CUSE,SI,2012,14.00,,
ESTAT:ISOC_SKE_ITSPE(1.0),10/02/25 23:00:00,A,10-49,C10-S951_X_K,E_ITSP2,PC_ENT_CUSE,SI,2014,12.90,,
ESTAT:ISOC_SKE_ITSPE(1.0),10/02/25 23:00:00,A,10-49,C10-S951_X_K,E_ITSP2,PC_ENT_CUSE,SI,2015,13.87,,
ESTAT:ISOC_SKE_ITSPE(1.0),10/02/25 23:00:00,A,10-49,C10-S951_X_K,E_ITSP2,PC_ENT_CUSE,SI,2016,13.67,,
ESTAT:ISOC_SKE_ITSPE(1.0),10/02/25 23:00:00,A,10-49,C10-S951_X_K,E_ITSP2,PC_ENT_CUSE,SI,2017,12.84,,
ESTAT:ISOC_SKE_ITSPE(1.0),10/02/25 23:00:00,A,10-49,C10-S951_X_K,E_ITSP2,PC_ENT_CUSE,SI,2018,13.68,,
ESTAT:ISOC_SKE_ITSPE(1.0),10/02/25 23:00:00,A,10-49,C10-S951_X_K,E_ITSP2,PC_ENT_CUSE,SI,2019,11.66,,
ESTAT:ISOC_SKE_ITSPE(1.0),10/02/25 23:00:00,A,10-49,C10-S951_X_K,E_ITSP2,PC_ENT_CUSE,SK,2012,18.87,,
ESTAT:ISOC_SKE_ITSPE(1.0),10/02/25 23:00:00,A,10-49,C10-S951_X_K,E_ITSP2,PC_ENT_CUSE,SK,2014,11.34,,
ESTAT:ISOC_SKE_ITSPE(1.0),10/02/25 23:00:00,A,10-49,C10-S951_X_K,E_ITSP2,PC_ENT_CUSE,SK,2015,12.64,,
ESTAT:ISOC_SKE_ITSPE(1.0),10/02/25 23:00:00,A,10-49,C10-S951_X_K,E_ITSP2,PC_ENT_CUSE,SK,2016,12.62,,
ESTAT:ISOC_SKE_ITSPE(1.0),10/02/25 23:00:00,A,10-49,C10-S951_X_K,E_ITSP2,PC_ENT_CUSE,SK,2017,12.61,,
ESTAT:ISOC_SKE_ITSPE(1.0),10/02/25 23:00:00,A,10-49,C10-S951_X_K,E_ITSP2,PC_ENT_CUSE,SK,2018,10.84,,
ESTAT:ISOC_SKE_ITSPE(1.0),10/02/25 23:00:00,A,10-49,C10-S951_X_K,E_ITSP2,PC_ENT_CUSE,SK,2019,11.17,,
ESTAT:ISOC_SKE_ITSPE(1.0),10/02/25 23:00:00,A,10-49,C10-S951_X_K,E_ITSP2,PC_ENT_CUSE,TR,2015,,u,
ESTAT:ISOC_SKE_ITSPE(1.0),10/02/25 23:00:00,A,10-49,C10-S951_X_K,E_ITSP2,PC_ENT_CUSE,TR,2018,8.47,,
ESTAT:ISOC_SKE_ITSPE(1.0),10/02/25 23:00:00,A,10-49,C10-S951_X_K,E_ITSP2,PC_ENT_CUSE,TR,2019,10.47,,
ESTAT:ISOC_SKE_ITSPE(1.0),10/02/25 23:00:00,A,10-49,C10-S951_X_K,E_ITSP2,PC_ENT_CUSE,UK,2012,25.60,,
ESTAT:ISOC_SKE_ITSPE(1.0),10/02/25 23:00:00,A,10-49,C10-S951_X_K,E_ITSP2,PC_ENT_CUSE,UK,2014,19.70,,
ESTAT:ISOC_SKE_ITSPE(1.0),10/02/25 23:00:00,A,10-49,C10-S951_X_K,E_ITSP2,PC_ENT_CUSE,UK,2015,17.12,,
ESTAT:ISOC_SKE_ITSPE(1.0),10/02/25 23:00:00,A,10-49,C10-S951_X_K,E_ITSP2,PC_ENT_CUSE,UK,2016,18.41,,
ESTAT:ISOC_SKE_ITSPE(1.0),10/02/25 23:00:00,A,10-49,C10-S951_X_K,E_ITSP2,PC_ENT_CUSE,UK,2017,17.09,,
ESTAT:ISOC_SKE_ITSPE(1.0),10/02/25 23:00:00,A,10-49,C10-S951_X_K,E_ITSP2,PC_ENT_CUSE,UK,2018,19.92,,
ESTAT:ISOC_SKE_ITSPE(1.0),10/02/25 23:00:00,A,10-49,C10-S951_X_K,E_ITSP2,PC_ENT_CUSE,UK,2019,22.46,,
ESTAT:ISOC_SKE_ITSPE(1.0),10/02/25 23:00:00,A,2-9,C10-S951_X_K,E_ITSP2,PC_ENT,BE,2018,8.58,,
ESTAT:ISOC_SKE_ITSPE(1.0),10/02/25 23:00:00,A,2-9,C10-S951_X_K,E_ITSP2,PC_ENT,BE,2019,9.74,,
ESTAT:ISOC_SKE_ITSPE(1.0),10/02/25 23:00:00,A,2-9,C10-S951_X_K,E_ITSP2,PC_ENT,BE,2020,10.20,,
ESTAT:ISOC_SKE_ITSPE(1.0),10/02/25 23:00:00,A,2-9,C10-S951_X_K,E_ITSP2,PC_ENT,BE,2022,8.71,,
ESTAT:ISOC_SKE_ITSPE(1.0),10/02/25 23:00:00,A,2-9,C10-S951_X_K,E_ITSP2,PC_ENT,BE,2024,9.93,,
ESTAT:ISOC_SKE_ITSPE(1.0),10/02/25 23:00:00,A,2-9,C10-S951_X_K,E_ITSP2,PC_ENT,DE,2022,7.02,,
ESTAT:ISOC_SKE_ITSPE(1.0),10/02/25 23:00:00,A,2-9,C10-S951_X_K,E_ITSP2,PC_ENT,DE,2024,7.59,,
ESTAT:ISOC_SKE_ITSPE(1.0),10/02/25 23:00:00,A,2-9,C10-S951_X_K,E_ITSP2,PC_ENT,NL,2018,7.68,,
ESTAT:ISOC_SKE_ITSPE(1.0),10/02/25 23:00:00,A,2-9,C10-S951_X_K,E_ITSP2,PC_ENT,NL,2019,7.96,,
ESTAT:ISOC_SKE_ITSPE(1.0),10/02/25 23:00:00,A,2-9,C10-S951_X_K,E_ITSP2,PC_ENT,NL,2020,7.82,,
ESTAT:ISOC_SKE_ITSPE(1.0),10/02/25 23:00:00,A,2-9,C10-S951_X_K,E_ITSP2,PC_ENT,NL,2022,8.80,,
ESTAT:ISOC_SKE_ITSPE(1.0),10/02/25 23:00:00,A,2-9,C10-S951_X_K,E_ITSP2,PC_ENT,NL,2024,8.70,,
ESTAT:ISOC_SKE_ITSPE(1.0),10/02/25 23:00:00,A,2-9,C10-S951_X_K,E_ITSP2,PC_ENT,PT,2020,7.45,,
ESTAT:ISOC_SKE_ITSPE(1.0),10/02/25 23:00:00,A,2-9,C10-S951_X_K,E_ITSP2,PC_ENT,PT,2022,6.72,,
ESTAT:ISOC_SKE_ITSPE(1.0),10/02/25 23:00:00,A,2-9,C10-S951_X_K,E_ITSP2,PC_ENT,PT,2024,7.39,,
ESTAT:ISOC_SKE_ITSPE(1.0),10/02/25 23:00:00,A,2-9,C10-S951_X_K,E_ITSP2,PC_ENT,SE,2018,5.83,,
ESTAT:ISOC_SKE_ITSPE(1.0),10/02/25 23:00:00,A,2-9,C10-S951_X_K,E_ITSP2,PC_ENT,SE,2020,7.21,,
ESTAT:ISOC_SKE_ITSPE(1.0),10/02/25 23:00:00,A,2-9,C10-S951_X_K,E_ITSP2,PC_ENT,SE,2022,8.58,,
ESTAT:ISOC_SKE_ITSPE(1.0),10/02/25 23:00:00,A,2-9,C10-S951_X_K,E_ITSP2,PC_ENT,SE,2024,8.62,b,
ESTAT:ISOC_SKE_ITSPE(1.0),10/02/25 23:00:00,A,2-9,C10-S951_X_K,E_ITSP2,PC_ENT,SK,2017,6.79,,
ESTAT:ISOC_SKE_ITSPE(1.0),10/02/25 23:00:00,A,2-9,C10-S951_X_K,E_ITSP2,PC_ENT_CUSE,BE,2018,9.12,,
ESTAT:ISOC_SKE_ITSPE(1.0),10/02/25 23:00:00,A,2-9,C10-S951_X_K,E_ITSP2,PC_ENT_CUSE,BE,2019,10.25,,
ESTAT:ISOC_SKE_ITSPE(1.0),10/02/25 23:00:00,A,2-9,C10-S951_X_K,E_ITSP2,PC_ENT_CUSE,NL,2018,7.68,,
ESTAT:ISOC_SKE_ITSPE(1.0),10/02/25 23:00:00,A,2-9,C10-S951_X_K,E_ITSP2,PC_ENT_CUSE,NL,2019,7.96,,
ESTAT:ISOC_SKE_ITSPE(1.0),10/02/25 23:00:00,A,2-9,C10-S951_X_K,E_ITSP2,PC_ENT_CUSE,SE,2018,6.07,,
ESTAT:ISOC_SKE_ITSPE(1.0),10/02/25 23:00:00,A,2-9,C10-S951_X_K,E_ITSP2,PC_ENT_CUSE,SK,2017,7.46,,
ESTAT:ISOC_SKE_ITSPE(1.0),10/02/25 23:00:00,A,5-9,C10-S951_X_K,E_ITSP2,PC_ENT,BE,2012,12.50,,
ESTAT:ISOC_SKE_ITSPE(1.0),10/02/25 23:00:00,A,5-9,C10-S951_X_K,E_ITSP2,PC_ENT,BE,2014,9.92,,
ESTAT:ISOC_SKE_ITSPE(1.0),10/02/25 23:00:00,A,5-9,C10-S951_X_K,E_ITSP2,PC_ENT,BE,2015,11.00,,
ESTAT:ISOC_SKE_ITSPE(1.0),10/02/25 23:00:00,A,5-9,C10-S951_X_K,E_ITSP2,PC_ENT,BE,2016,12.51,,
ESTAT:ISOC_SKE_ITSPE(1.0),10/02/25 23:00:00,A,5-9,C10-S951_X_K,E_ITSP2,PC_ENT,DE,2012,7.73,,
ESTAT:ISOC_SKE_ITSPE(1.0),10/02/25 23:00:00,A,5-9,C10-S951_X_K,E_ITSP2,PC_ENT,DE,2014,11.69,,
ESTAT:ISOC_SKE_ITSPE(1.0),10/02/25 23:00:00,A,5-9,C10-S951_X_K,E_ITSP2,PC_ENT,DE,2015,8.81,,
ESTAT:ISOC_SKE_ITSPE(1.0),10/02/25 23:00:00,A,5-9,C10-S951_X_K,E_ITSP2,PC_ENT,DE,2016,5.98,,
ESTAT:ISOC_SKE_ITSPE(1.0),10/02/25 23:00:00,A,5-9,C10-S951_X_K,E_ITSP2,PC_ENT,DK,2016,10.28,,
ESTAT:ISOC_SKE_ITSPE(1.0),10/02/25 23:00:00,A,5-9,C10-S951_X_K,E_ITSP2,PC_ENT,PT,2012,20.68,,
ESTAT:ISOC_SKE_ITSPE(1.0),10/02/25 23:00:00,A,5-9,C10-S951_X_K,E_ITSP2,PC_ENT,PT,2014,6.73,,
ESTAT:ISOC_SKE_ITSPE(1.0),10/02/25 23:00:00,A,5-9,C10-S951_X_K,E_ITSP2,PC_ENT,SK,2012,11.60,,
ESTAT:ISOC_SKE_ITSPE(1.0),10/02/25 23:00:00,A,5-9,C10-S951_X_K,E_ITSP2,PC_ENT,SK,2014,4.95,,
ESTAT:ISOC_SKE_ITSPE(1.0),10/02/25 23:00:00,A,5-9,C10-S951_X_K,E_ITSP2,PC_ENT,SK,2015,5.51,,
ESTAT:ISOC_SKE_ITSPE(1.0),10/02/25 23:00:00,A,5-9,C10-S951_X_K,E_ITSP2,PC_ENT,SK,2016,6.14,,
ESTAT:ISOC_SKE_ITSPE(1.0),10/02/25 23:00:00,A,5-9,C10-S951_X_K,E_ITSP2,PC_ENT_CUSE,BE,2012,13.45,,
ESTAT:ISOC_SKE_ITSPE(1.0),10/02/25 23:00:00,A,5-9,C10-S951_X_K,E_ITSP2,PC_ENT_CUSE,BE,2014,10.34,,
ESTAT:ISOC_SKE_ITSPE(1.0),10/02/25 23:00:00,A,5-9,C10-S951_X_K,E_ITSP2,PC_ENT_CUSE,BE,2015,11.00,,
ESTAT:ISOC_SKE_ITSPE(1.0),10/02/25 23:00:00,A,5-9,C10-S951_X_K,E_ITSP2,PC_ENT_CUSE,BE,2016,12.51,,
ESTAT:ISOC_SKE_ITSPE(1.0),10/02/25 23:00:00,A,5-9,C10-S951_X_K,E_ITSP2,PC_ENT_CUSE,DE,2012,8.24,,
ESTAT:ISOC_SKE_ITSPE(1.0),10/02/25 23:00:00,A,5-9,C10-S951_X_K,E_ITSP2,PC_ENT_CUSE,DE,2014,12.10,,
ESTAT:ISOC_SKE_ITSPE(1.0),10/02/25 23:00:00,A,5-9,C10-S951_X_K,E_ITSP2,PC_ENT_CUSE,DE,2015,9.17,,
ESTAT:ISOC_SKE_ITSPE(1.0),10/02/25 23:00:00,A,5-9,C10-S951_X_K,E_ITSP2,PC_ENT_CUSE,DE,2016,6.19,,
ESTAT:ISOC_SKE_ITSPE(1.0),10/02/25 23:00:00,A,5-9,C10-S951_X_K,E_ITSP2,PC_ENT_CUSE,DK,2016,10.30,,
ESTAT:ISOC_SKE_ITSPE(1.0),10/02/25 23:00:00,A,5-9,C10-S951_X_K,E_ITSP2,PC_ENT_CUSE,PT,2012,26.49,,
ESTAT:ISOC_SKE_ITSPE(1.0),10/02/25 23:00:00,A,5-9,C10-S951_X_K,E_ITSP2,PC_ENT_CUSE,PT,2014,7.49,,
ESTAT:ISOC_SKE_ITSPE(1.0),10/02/25 23:00:00,A,5-9,C10-S951_X_K,E_ITSP2,PC_ENT_CUSE,SK,2012,12.49,,
ESTAT:ISOC_SKE_ITSPE(1.0),10/02/25 23:00:00,A,5-9,C10-S951_X_K,E_ITSP2,PC_ENT_CUSE,SK,2014,5.28,,
ESTAT:ISOC_SKE_ITSPE(1.0),10/02/25 23:00:00,A,5-9,C10-S951_X_K,E_ITSP2,PC_ENT_CUSE,SK,2015,5.81,,
ESTAT:ISOC_SKE_ITSPE(1.0),10/02/25 23:00:00,A,5-9,C10-S951_X_K,E_ITSP2,PC_ENT_CUSE,SK,2016,6.60,,
ESTAT:ISOC_SKE_ITSPE(1.0),10/02/25 23:00:00,A,50-249,C10-S951_X_K,E_ITSP2,PC_ENT,AL,2022,44.64,b,
ESTAT:ISOC_SKE_ITSPE(1.0),10/02/25 23:00:00,A,50-249,C10-S951_X_K,E_ITSP2,PC_ENT,AT,2012,56.36,,
ESTAT:ISOC_SKE_ITSPE(1.0),10/02/25 23:00:00,A,50-249,C10-S951_X_K,E_ITSP2,PC_ENT,AT,2014,50.03,,
ESTAT:ISOC_SKE_ITSPE(1.0),10/02/25 23:00:00,A,50-249,C10-S951_X_K,E_ITSP2,PC_ENT,AT,2015,51.24,,
ESTAT:ISOC_SKE_ITSPE(1.0),10/02/25 23:00:00,A,50-249,C10-S951_X_K,E_ITSP2,PC_ENT,AT,2016,53.61,,
ESTAT:ISOC_SKE_ITSPE(1.0),10/02/25 23:00:00,A,50-249,C10-S951_X_K,E_ITSP2,PC_ENT,AT,2017,49.38,,
ESTAT:ISOC_SKE_ITSPE(1.0),10/02/25 23:00:00,A,50-249,C10-S951_X_K,E_ITSP2,PC_ENT,AT,2018,44.83,,
ESTAT:ISOC_SKE_ITSPE(1.0),10/02/25 23:00:00,A,50-249,C10-S951_X_K,E_ITSP2,PC_ENT,AT,2019,45.65,,
ESTAT:ISOC_SKE_ITSPE(1.0),10/02/25 23:00:00,A,50-249,C10-S951_X_K,E_ITSP2,PC_ENT,AT,2020,43.70,,
ESTAT:ISOC_SKE_ITSPE(1.0),10/02/25 23:00:00,A,50-249,C10-S951_X_K,E_ITSP2,PC_ENT,AT,2022,49.94,,
ESTAT:ISOC_SKE_ITSPE(1.0),10/02/25 23:00:00,A,50-249,C10-S951_X_K,E_ITSP2,PC_ENT,AT,2024,44.38,,
ESTAT:ISOC_SKE_ITSPE(1.0),10/02/25 23:00:00,A,50-249,C10-S951_X_K,E_ITSP2,PC_ENT,BA,2018,29.27,,
ESTAT:ISOC_SKE_ITSPE(1.0),10/02/25 23:00:00,A,50-249,C10-S951_X_K,E_ITSP2,PC_ENT,BA,2019,27.77,,
ESTAT:ISOC_SKE_ITSPE(1.0),10/02/25 23:00:00,A,50-249,C10-S951_X_K,E_ITSP2,PC_ENT,BA,2020,28.49,,
ESTAT:ISOC_SKE_ITSPE(1.0),10/02/25 23:00:00,A,50-249,C10-S951_X_K,E_ITSP2,PC_ENT,BA,2022,21.38,,
ESTAT:ISOC_SKE_ITSPE(1.0),10/02/25 23:00:00,A,50-249,C10-S951_X_K,E_ITSP2,PC_ENT,BA,2024,30.49,,
ESTAT:ISOC_SKE_ITSPE(1.0),10/02/25 23:00:00,A,50-249,C10-S951_X_K,E_ITSP2,PC_ENT,BE,2012,55.61,,
ESTAT:ISOC_SKE_ITSPE(1.0),10/02/25 23:00:00,A,50-249,C10-S951_X_K,E_ITSP2,PC_ENT,BE,2014,50.89,,
ESTAT:ISOC_SKE_ITSPE(1.0),10/02/25 23:00:00,A,50-249,C10-S951_X_K,E_ITSP2,PC_ENT,BE,2015,53.77,,
ESTAT:ISOC_SKE_ITSPE(1.0),10/02/25 23:00:00,A,50-249,C10-S951_X_K,E_ITSP2,PC_ENT,BE,2016,53.02,,
ESTAT:ISOC_SKE_ITSPE(1.0),10/02/25 23:00:00,A,50-249,C10-S951_X_K,E_ITSP2,PC_ENT,BE,2017,54.67,,
ESTAT:ISOC_SKE_ITSPE(1.0),10/02/25 23:00:00,A,50-249,C10-S951_X_K,E_ITSP2,PC_ENT,BE,2018,57.45,,
ESTAT:ISOC_SKE_ITSPE(1.0),10/02/25 23:00:00,A,50-249,C10-S951_X_K,E_ITSP2,PC_ENT,BE,2019,54.54,,
ESTAT:ISOC_SKE_ITSPE(1.0),10/02/25 23:00:00,A,50-249,C10-S951_X_K,E_ITSP2,PC_ENT,BE,2020,58.29,,
ESTAT:ISOC_SKE_ITSPE(1.0),10/02/25 23:00:00,A,50-249,C10-S951_X_K,E_ITSP2,PC_ENT,BE,2022,59.57,,
ESTAT:ISOC_SKE_ITSPE(1.0),10/02/25 23:00:00,A,50-249,C10-S951_X_K,E_ITSP2,PC_ENT,BE,2024,57.87,,
ESTAT:ISOC_SKE_ITSPE(1.0),10/02/25 23:00:00,A,50-249,C10-S951_X_K,E_ITSP2,PC_ENT,BG,2012,19.60,,
ESTAT:ISOC_SKE_ITSPE(1.0),10/02/25 23:00:00,A,50-249,C10-S951_X_K,E_ITSP2,PC_ENT,BG,2014,33.89,,
ESTAT:ISOC_SKE_ITSPE(1.0),10/02/25 23:00:00,A,50-249,C10-S951_X_K,E_ITSP2,PC_ENT,BG,2015,32.25,,
ESTAT:ISOC_SKE_ITSPE(1.0),10/02/25 23:00:00,A,50-249,C10-S951_X_K,E_ITSP2,PC_ENT,BG,2016,32.93,,
ESTAT:ISOC_SKE_ITSPE(1.0),10/02/25 23:00:00,A,50-249,C10-S951_X_K,E_ITSP2,PC_ENT,BG,2017,31.83,,
ESTAT:ISOC_SKE_ITSPE(1.0),10/02/25 23:00:00,A,50-249,C10-S951_X_K,E_ITSP2,PC_ENT,BG,2018,31.72,,
ESTAT:ISOC_SKE_ITSPE(1.0),10/02/25 23:00:00,A,50-249,C10-S951_X_K,E_ITSP2,PC_ENT,BG,2019,32.38,,
ESTAT:ISOC_SKE_ITSPE(1.0),10/02/25 23:00:00,A,50-249,C10-S951_X_K,E_ITSP2,PC_ENT,BG,2020,28.22,,
ESTAT:ISOC_SKE_ITSPE(1.0),10/02/25 23:00:00,A,50-249,C10-S951_X_K,E_ITSP2,PC_ENT,BG,2022,30.46,,
ESTAT:ISOC_SKE_ITSPE(1.0),10/02/25 23:00:00,A,50-249,C10-S951_X_K,E_ITSP2,PC_ENT,BG,2024,31.49,,
ESTAT:ISOC_SKE_ITSPE(1.0),10/02/25 23:00:00,A,50-249,C10-S951_X_K,E_ITSP2,PC_ENT,CY,2012,41.48,,
ESTAT:ISOC_SKE_ITSPE(1.0),10/02/25 23:00:00,A,50-249,C10-S951_X_K,E_ITSP2,PC_ENT,CY,2014,47.70,,
ESTAT:ISOC_SKE_ITSPE(1.0),10/02/25 23:00:00,A,50-249,C10-S951_X_K,E_ITSP2,PC_ENT,CY,2015,49.33,,
ESTAT:ISOC_SKE_ITSPE(1.0),10/02/25 23:00:00,A,50-249,C10-S951_X_K,E_ITSP2,PC_ENT,CY,2016,48.74,,
ESTAT:ISOC_SKE_ITSPE(1.0),10/02/25 23:00:00,A,50-249,C10-S951_X_K,E_ITSP2,PC_ENT,CY,2017,49.48,,
ESTAT:ISOC_SKE_ITSPE(1.0),10/02/25 23:00:00,A,50-249,C10-S951_X_K,E_ITSP2,PC_ENT,CY,2018,48.01,,
ESTAT:ISOC_SKE_ITSPE(1.0),10/02/25 23:00:00,A,50-249,C10-S951_X_K,E_ITSP2,PC_ENT,CY,2019,47.13,,
ESTAT:ISOC_SKE_ITSPE(1.0),10/02/25 23:00:00,A,50-249,C10-S951_X_K,E_ITSP2,PC_ENT,CY,2020,50.71,,
ESTAT:ISOC_SKE_ITSPE(1.0),10/02/25 23:00:00,A,50-249,C10-S951_X_K,E_ITSP2,PC_ENT,CY,2022,46.48,,
ESTAT:ISOC_SKE_ITSPE(1.0),10/02/25 23:00:00,A,50-249,C10-S951_X_K,E_ITSP2,PC_ENT,CY,2024,49.56,,
ESTAT:ISOC_SKE_ITSPE(1.0),10/02/25 23:00:00,A,50-249,C10-S951_X_K,E_ITSP2,PC_ENT,CZ,2012,54.93,,
ESTAT:ISOC_SKE_ITSPE(1.0),10/02/25 23:00:00,A,50-249,C10-S951_X_K,E_ITSP2,PC_ENT,CZ,2014,41.52,,
ESTAT:ISOC_SKE_ITSPE(1.0),10/02/25 23:00:00,A,50-249,C10-S951_X_K,E_ITSP2,PC_ENT,CZ,2015,40.50,,
ESTAT:ISOC_SKE_ITSPE(1.0),10/02/25 23:00:00,A,50-249,C10-S951_X_K,E_ITSP2,PC_ENT,CZ,2016,41.33,,
ESTAT:ISOC_SKE_ITSPE(1.0),10/02/25 23:00:00,A,50-249,C10-S951_X_K,E_ITSP2,PC_ENT,CZ,2017,39.70,,
ESTAT:ISOC_SKE_ITSPE(1.0),10/02/25 23:00:00,A,50-249,C10-S951_X_K,E_ITSP2,PC_ENT,CZ,2018,39.04,,
ESTAT:ISOC_SKE_ITSPE(1.0),10/02/25 23:00:00,A,50-249,C10-S951_X_K,E_ITSP2,PC_ENT,CZ,2019,40.86,,
ESTAT:ISOC_SKE_ITSPE(1.0),10/02/25 23:00:00,A,50-249,C10-S951_X_K,E_ITSP2,PC_ENT,CZ,2020,35.25,,
ESTAT:ISOC_SKE_ITSPE(1.0),10/02/25 23:00:00,A,50-249,C10-S951_X_K,E_ITSP2,PC_ENT,CZ,2022,38.36,,
ESTAT:ISOC_SKE_ITSPE(1.0),10/02/25 23:00:00,A,50-249,C10-S951_X_K,E_ITSP2,PC_ENT,CZ,2024,40.39,,
ESTAT:ISOC_SKE_ITSPE(1.0),10/02/25 23:00:00,A,50-249,C10-S951_X_K,E_ITSP2,PC_ENT,DE,2012,48.00,,
ESTAT:ISOC_SKE_ITSPE(1.0),10/02/25 23:00:00,A,50-249,C10-S951_X_K,E_ITSP2,PC_ENT,DE,2014,46.77,,
ESTAT:ISOC_SKE_ITSPE(1.0),10/02/25 23:00:00,A,50-249,C10-S951_X_K,E_ITSP2,PC_ENT,DE,2015,46.11,,
ESTAT:ISOC_SKE_ITSPE(1.0),10/02/25 23:00:00,A,50-249,C10-S951_X_K,E_ITSP2,PC_ENT,DE,2016,44.92,,
ESTAT:ISOC_SKE_ITSPE(1.0),10/02/25 23:00:00,A,50-249,C10-S951_X_K,E_ITSP2,PC_ENT,DE,2017,41.88,,
ESTAT:ISOC_SKE_ITSPE(1.0),10/02/25 23:00:00,A,50-249,C10-S951_X_K,E_ITSP2,PC_ENT,DE,2018,44.53,,
ESTAT:ISOC_SKE_ITSPE(1.0),10/02/25 23:00:00,A,50-249,C10-S951_X_K,E_ITSP2,PC_ENT,DE,2019,43.15,,
ESTAT:ISOC_SKE_ITSPE(1.0),10/02/25 23:00:00,A,50-249,C10-S951_X_K,E_ITSP2,PC_ENT,DE,2020,42.98,,
ESTAT:ISOC_SKE_ITSPE(1.0),10/02/25 23:00:00,A,50-249,C10-S951_X_K,E_ITSP2,PC_ENT,DE,2022,47.07,,
ESTAT:ISOC_SKE_ITSPE(1.0),10/02/25 23:00:00,A,50-249,C10-S951_X_K,E_ITSP2,PC_ENT,DE,2024,47.86,,
ESTAT:ISOC_SKE_ITSPE(1.0),10/02/25 23:00:00,A,50-249,C10-S951_X_K,E_ITSP2,PC_ENT,DK,2012,57.89,,
ESTAT:ISOC_SKE_ITSPE(1.0),10/02/25 23:00:00,A,50-249,C10-S951_X_K,E_ITSP2,PC_ENT,DK,2014,53.22,,
ESTAT:ISOC_SKE_ITSPE(1.0),10/02/25 23:00:00,A,50-249,C10-S951_X_K,E_ITSP2,PC_ENT,DK,2015,52.44,,
ESTAT:ISOC_SKE_ITSPE(1.0),10/02/25 23:00:00,A,50-249,C10-S951_X_K,E_ITSP2,PC_ENT,DK,2016,53.87,,
ESTAT:ISOC_SKE_ITSPE(1.0),10/02/25 23:00:00,A,50-249,C10-S951_X_K,E_ITSP2,PC_ENT,DK,2017,49.38,,
ESTAT:ISOC_SKE_ITSPE(1.0),10/02/25 23:00:00,A,50-249,C10-S951_X_K,E_ITSP2,PC_ENT,DK,2018,52.55,,
ESTAT:ISOC_SKE_ITSPE(1.0),10/02/25 23:00:00,A,50-249,C10-S951_X_K,E_ITSP2,PC_ENT,DK,2019,54.46,,
ESTAT:ISOC_SKE_ITSPE(1.0),10/02/25 23:00:00,A,50-249,C10-S951_X_K,E_ITSP2,PC_ENT,DK,2020,53.00,,
ESTAT:ISOC_SKE_ITSPE(1.0),10/02/25 23:00:00,A,50-249,C10-S951_X_K,E_ITSP2,PC_ENT,DK,2022,59.38,,
ESTAT:ISOC_SKE_ITSPE(1.0),10/02/25 23:00:00,A,50-249,C10-S951_X_K,E_ITSP2,PC_ENT,DK,2024,58.43,,
ESTAT:ISOC_SKE_ITSPE(1.0),10/02/25 23:00:00,A,50-249,C10-S951_X_K,E_ITSP2,PC_ENT,EA,2012,45.89,,
ESTAT:ISOC_SKE_ITSPE(1.0),10/02/25 23:00:00,A,50-249,C10-S951_X_K,E_ITSP2,PC_ENT,EA,2014,45.10,,
ESTAT:ISOC_SKE_ITSPE(1.0),10/02/25 23:00:00,A,50-249,C10-S951_X_K,E_ITSP2,PC_ENT,EA,2015,45.73,,
ESTAT:ISOC_SKE_ITSPE(1.0),10/02/25 23:00:00,A,50-249,C10-S951_X_K,E_ITSP2,PC_ENT,EA,2016,44.96,,
ESTAT:ISOC_SKE_ITSPE(1.0),10/02/25 23:00:00,A,50-249,C10-S951_X_K,E_ITSP2,PC_ENT,EA,2017,43.88,,
ESTAT:ISOC_SKE_ITSPE(1.0),10/02/25 23:00:00,A,50-249,C10-S951_X_K,E_ITSP2,PC_ENT,EA,2018,43.83,,
ESTAT:ISOC_SKE_ITSPE(1.0),10/02/25 23:00:00,A,50-249,C10-S951_X_K,E_ITSP2,PC_ENT,EA,2019,42.71,,
ESTAT:ISOC_SKE_ITSPE(1.0),10/02/25 23:00:00,A,50-249,C10-S951_X_K,E_ITSP2,PC_ENT,EA,2020,42.07,,
ESTAT:ISOC_SKE_ITSPE(1.0),10/02/25 23:00:00,A,50-249,C10-S951_X_K,E_ITSP2,PC_ENT,EA,2022,43.88,,
ESTAT:ISOC_SKE_ITSPE(1.0),10/02/25 23:00:00,A,50-249,C10-S951_X_K,E_ITSP2,PC_ENT,EA,2024,43.41,,
ESTAT:ISOC_SKE_ITSPE(1.0),10/02/25 23:00:00,A,50-249,C10-S951_X_K,E_ITSP2,PC_ENT,EE,2012,37.06,,
ESTAT:ISOC_SKE_ITSPE(1.0),10/02/25 23:00:00,A,50-249,C10-S951_X_K,E_ITSP2,PC_ENT,EE,2014,32.24,,
ESTAT:ISOC_SKE_ITSPE(1.0),10/02/25 23:00:00,A,50-249,C10-S951_X_K,E_ITSP2,PC_ENT,EE,2015,30.00,,
ESTAT:ISOC_SKE_ITSPE(1.0),10/02/25 23:00:00,A,50-249,C10-S951_X_K,E_ITSP2,PC_ENT,EE,2016,31.12,,
ESTAT:ISOC_SKE_ITSPE(1.0),10/02/25 23:00:00,A,50-249,C10-S951_X_K,E_ITSP2,PC_ENT,EE,2017,32.66,,
ESTAT:ISOC_SKE_ITSPE(1.0),10/02/25 23:00:00,A,50-249,C10-S951_X_K,E_ITSP2,PC_ENT,EE,2018,33.12,,
ESTAT:ISOC_SKE_ITSPE(1.0),10/02/25 23:00:00,A,50-249,C10-S951_X_K,E_ITSP2,PC_ENT,EE,2019,32.60,,
ESTAT:ISOC_SKE_ITSPE(1.0),10/02/25 23:00:00,A,50-249,C10-S951_X_K,E_ITSP2,PC_ENT,EE,2020,36.96,,
ESTAT:ISOC_SKE_ITSPE(1.0),10/02/25 23:00:00,A,50-249,C10-S951_X_K,E_ITSP2,PC_ENT,EE,2022,37.17,,
ESTAT:ISOC_SKE_ITSPE(1.0),10/02/25 23:00:00,A,50-249,C10-S951_X_K,E_ITSP2,PC_ENT,EE,2024,42.21,,
ESTAT:ISOC_SKE_ITSPE(1.0),10/02/25 23:00:00,A,50-249,C10-S951_X_K,E_ITSP2,PC_ENT,EL,2012,56.93,,
ESTAT:ISOC_SKE_ITSPE(1.0),10/02/25 23:00:00,A,50-249,C10-S951_X_K,E_ITSP2,PC_ENT,EL,2014,48.15,,
ESTAT:ISOC_SKE_ITSPE(1.0),10/02/25 23:00:00,A,50-249,C10-S951_X_K,E_ITSP2,PC_ENT,EL,2015,62.29,,
ESTAT:ISOC_SKE_ITSPE(1.0),10/02/25 23:00:00,A,50-249,C10-S951_X_K,E_ITSP2,PC_ENT,EL,2016,57.67,,
ESTAT:ISOC_SKE_ITSPE(1.0),10/02/25 23:00:00,A,50-249,C10-S951_X_K,E_ITSP2,PC_ENT,EL,2017,52.24,,
ESTAT:ISOC_SKE_ITSPE(1.0),10/02/25 23:00:00,A,50-249,C10-S951_X_K,E_ITSP2,PC_ENT,EL,2018,56.78,,
ESTAT:ISOC_SKE_ITSPE(1.0),10/02/25 23:00:00,A,50-249,C10-S951_X_K,E_ITSP2,PC_ENT,EL,2019,50.15,,
ESTAT:ISOC_SKE_ITSPE(1.0),10/02/25 23:00:00,A,50-249,C10-S951_X_K,E_ITSP2,PC_ENT,EL,2020,46.75,,
ESTAT:ISOC_SKE_ITSPE(1.0),10/02/25 23:00:00,A,50-249,C10-S951_X_K,E_ITSP2,PC_ENT,EL,2022,48.54,,
ESTAT:ISOC_SKE_ITSPE(1.0),10/02/25 23:00:00,A,50-249,C10-S951_X_K,E_ITSP2,PC_ENT,EL,2024,45.05,,
ESTAT:ISOC_SKE_ITSPE(1.0),10/02/25 23:00:00,A,50-249,C10-S951_X_K,E_ITSP2,PC_ENT,ES,2012,47.35,,
ESTAT:ISOC_SKE_ITSPE(1.0),10/02/25 23:00:00,A,50-249,C10-S951_X_K,E_ITSP2,PC_ENT,ES,2014,47.77,,
ESTAT:ISOC_SKE_ITSPE(1.0),10/02/25 23:00:00,A,50-249,C10-S951_X_K,E_ITSP2,PC_ENT,ES,2015,50.76,,
ESTAT:ISOC_SKE_ITSPE(1.0),10/02/25 23:00:00,A,50-249,C10-S951_X_K,E_ITSP2,PC_ENT,ES,2016,50.19,,
ESTAT:ISOC_SKE_ITSPE(1.0),10/02/25 23:00:00,A,50-249,C10-S951_X_K,E_ITSP2,PC_ENT,ES,2017,43.51,,
ESTAT:ISOC_SKE_ITSPE(1.0),10/02/25 23:00:00,A,50-249,C10-S951_X_K,E_ITSP2,PC_ENT,ES,2018,40.88,,
ESTAT:ISOC_SKE_ITSPE(1.0),10/02/25 23:00:00,A,50-249,C10-S951_X_K,E_ITSP2,PC_ENT,ES,2019,37.46,,
ESTAT:ISOC_SKE_ITSPE(1.0),10/02/25 23:00:00,A,50-249,C10-S951_X_K,E_ITSP2,PC_ENT,ES,2020,37.89,,
ESTAT:ISOC_SKE_ITSPE(1.0),10/02/25 23:00:00,A,50-249,C10-S951_X_K,E_ITSP2,PC_ENT,ES,2022,36.79,,
ESTAT:ISOC_SKE_ITSPE(1.0),10/02/25 23:00:00,A,50-249,C10-S951_X_K,E_ITSP2,PC_ENT,ES,2024,34.66,,
ESTAT:ISOC_SKE_ITSPE(1.0),10/02/25 23:00:00,A,50-249,C10-S951_X_K,E_ITSP2,PC_ENT,EU15,2012,47.66,,
ESTAT:ISOC_SKE_ITSPE(1.0),10/02/25 23:00:00,A,50-249,C10-S951_X_K,E_ITSP2,PC_ENT,EU15,2014,45.71,,
ESTAT:ISOC_SKE_ITSPE(1.0),10/02/25 23:00:00,A,50-249,C10-S951_X_K,E_ITSP2,PC_ENT,EU15,2015,46.72,,
ESTAT:ISOC_SKE_ITSPE(1.0),10/02/25 23:00:00,A,50-249,C10-S951_X_K,E_ITSP2,PC_ENT,EU15,2016,45.86,,
ESTAT:ISOC_SKE_ITSPE(1.0),10/02/25 23:00:00,A,50-249,C10-S951_X_K,E_ITSP2,PC_ENT,EU15,2017,45.02,,
ESTAT:ISOC_SKE_ITSPE(1.0),10/02/25 23:00:00,A,50-249,C10-S951_X_K,E_ITSP2,PC_ENT,EU15,2018,44.92,,
ESTAT:ISOC_SKE_ITSPE(1.0),10/02/25 23:00:00,A,50-249,C10-S951_X_K,E_ITSP2,PC_ENT,EU27_2007,2012,44.09,,
ESTAT:ISOC_SKE_ITSPE(1.0),10/02/25 23:00:00,A,50-249,C10-S951_X_K,E_ITSP2,PC_ENT,EU27_2007,2014,42.64,,
ESTAT:ISOC_SKE_ITSPE(1.0),10/02/25 23:00:00,A,50-249,C10-S951_X_K,E_ITSP2,PC_ENT,EU27_2007,2015,43.69,,
ESTAT:ISOC_SKE_ITSPE(1.0),10/02/25 23:00:00,A,50-249,C10-S951_X_K,E_ITSP2,PC_ENT,EU27_2007,2016,42.98,,
ESTAT:ISOC_SKE_ITSPE(1.0),10/02/25 23:00:00,A,50-249,C10-S951_X_K,E_ITSP2,PC_ENT,EU27_2007,2017,42.18,,
ESTAT:ISOC_SKE_ITSPE(1.0),10/02/25 23:00:00,A,50-249,C10-S951_X_K,E_ITSP2,PC_ENT,EU27_2007,2018,42.15,,
ESTAT:ISOC_SKE_ITSPE(1.0),10/02/25 23:00:00,A,50-249,C10-S951_X_K,E_ITSP2,PC_ENT,EU27_2020,2012,42.55,,
ESTAT:ISOC_SKE_ITSPE(1.0),10/02/25 23:00:00,A,50-249,C10-S951_X_K,E_ITSP2,PC_ENT,EU27_2020,2014,42.06,,
ESTAT:ISOC_SKE_ITSPE(1.0),10/02/25 23:00:00,A,50-249,C10-S951_X_K,E_ITSP2,PC_ENT,EU27_2020,2015,42.97,,
ESTAT:ISOC_SKE_ITSPE(1.0),10/02/25 23:00:00,A,50-249,C10-S951_X_K,E_ITSP2,PC_ENT,EU27_2020,2016,42.17,,
ESTAT:ISOC_SKE_ITSPE(1.0),10/02/25 23:00:00,A,50-249,C10-S951_X_K,E_ITSP2,PC_ENT,EU27_2020,2017,41.36,,
ESTAT:ISOC_SKE_ITSPE(1.0),10/02/25 23:00:00,A,50-249,C10-S951_X_K,E_ITSP2,PC_ENT,EU27_2020,2018,41.30,,
ESTAT:ISOC_SKE_ITSPE(1.0),10/02/25 23:00:00,A,50-249,C10-S951_X_K,E_ITSP2,PC_ENT,EU27_2020,2019,41.44,,
ESTAT:ISOC_SKE_ITSPE(1.0),10/02/25 23:00:00,A,50-249,C10-S951_X_K,E_ITSP2,PC_ENT,EU27_2020,2020,41.52,,
ESTAT:ISOC_SKE_ITSPE(1.0),10/02/25 23:00:00,A,50-249,C10-S951_X_K,E_ITSP2,PC_ENT,EU27_2020,2022,43.57,,
ESTAT:ISOC_SKE_ITSPE(1.0),10/02/25 23:00:00,A,50-249,C10-S951_X_K,E_ITSP2,PC_ENT,EU27_2020,2024,43.03,,
ESTAT:ISOC_SKE_ITSPE(1.0),10/02/25 23:00:00,A,50-249,C10-S951_X_K,E_ITSP2,PC_ENT,EU28,2012,44.03,,
ESTAT:ISOC_SKE_ITSPE(1.0),10/02/25 23:00:00,A,50-249,C10-S951_X_K,E_ITSP2,PC_ENT,EU28,2014,42.60,,
ESTAT:ISOC_SKE_ITSPE(1.0),10/02/25 23:00:00,A,50-249,C10-S951_X_K,E_ITSP2,PC_ENT,EU28,2015,43.67,,
ESTAT:ISOC_SKE_ITSPE(1.0),10/02/25 23:00:00,A,50-249,C10-S951_X_K,E_ITSP2,PC_ENT,EU28,2016,42.94,,
ESTAT:ISOC_SKE_ITSPE(1.0),10/02/25 23:00:00,A,50-249,C10-S951_X_K,E_ITSP2,PC_ENT,EU28,2017,42.15,,
ESTAT:ISOC_SKE_ITSPE(1.0),10/02/25 23:00:00,A,50-249,C10-S951_X_K,E_ITSP2,PC_ENT,EU28,2018,42.14,,
ESTAT:ISOC_SKE_ITSPE(1.0),10/02/25 23:00:00,A,50-249,C10-S951_X_K,E_ITSP2,PC_ENT,EU28,2019,42.56,,
ESTAT:ISOC_SKE_ITSPE(1.0),10/02/25 23:00:00,A,50-249,C10-S951_X_K,E_ITSP2,PC_ENT,FI,2012,55.25,,
ESTAT:ISOC_SKE_ITSPE(1.0),10/02/25 23:00:00,A,50-249,C10-S951_X_K,E_ITSP2,PC_ENT,FI,2014,51.10,,
ESTAT:ISOC_SKE_ITSPE(1.0),10/02/25 23:00:00,A,50-249,C10-S951_X_K,E_ITSP2,PC_ENT,FI,2015,48.08,,
ESTAT:ISOC_SKE_ITSPE(1.0),10/02/25 23:00:00,A,50-249,C10-S951_X_K,E_ITSP2,PC_ENT,FI,2016,46.56,,
ESTAT:ISOC_SKE_ITSPE(1.0),10/02/25 23:00:00,A,50-249,C10-S951_X_K,E_ITSP2,PC_ENT,FI,2017,44.91,,
ESTAT:ISOC_SKE_ITSPE(1.0),10/02/25 23:00:00,A,50-249,C10-S951_X_K,E_ITSP2,PC_ENT,FI,2018,46.76,,
ESTAT:ISOC_SKE_ITSPE(1.0),10/02/25 23:00:00,A,50-249,C10-S951_X_K,E_ITSP2,PC_ENT,FI,2019,47.03,,
ESTAT:ISOC_SKE_ITSPE(1.0),10/02/25 23:00:00,A,50-249,C10-S951_X_K,E_ITSP2,PC_ENT,FI,2020,50.16,,
ESTAT:ISOC_SKE_ITSPE(1.0),10/02/25 23:00:00,A,50-249,C10-S951_X_K,E_ITSP2,PC_ENT,FI,2022,54.80,,
ESTAT:ISOC_SKE_ITSPE(1.0),10/02/25 23:00:00,A,50-249,C10-S951_X_K,E_ITSP2,PC_ENT,FI,2024,57.83,,
ESTAT:ISOC_SKE_ITSPE(1.0),10/02/25 23:00:00,A,50-249,C10-S951_X_K,E_ITSP2,PC_ENT,FR,2012,36.82,,
ESTAT:ISOC_SKE_ITSPE(1.0),10/02/25 23:00:00,A,50-249,C10-S951_X_K,E_ITSP2,PC_ENT,FR,2014,36.55,,
ESTAT:ISOC_SKE_ITSPE(1.0),10/02/25 23:00:00,A,50-249,C10-S951_X_K,E_ITSP2,PC_ENT,FR,2015,37.95,,
ESTAT:ISOC_SKE_ITSPE(1.0),10/02/25 23:00:00,A,50-249,C10-S951_X_K,E_ITSP2,PC_ENT,FR,2016,37.27,,
ESTAT:ISOC_SKE_ITSPE(1.0),10/02/25 23:00:00,A,50-249,C10-S951_X_K,E_ITSP2,PC_ENT,FR,2017,43.33,,
ESTAT:ISOC_SKE_ITSPE(1.0),10/02/25 23:00:00,A,50-249,C10-S951_X_K,E_ITSP2,PC_ENT,FR,2018,40.90,,
ESTAT:ISOC_SKE_ITSPE(1.0),10/02/25 23:00:00,A,50-249,C10-S951_X_K,E_ITSP2,PC_ENT,FR,2019,41.37,,
ESTAT:ISOC_SKE_ITSPE(1.0),10/02/25 23:00:00,A,50-249,C10-S951_X_K,E_ITSP2,PC_ENT,FR,2020,40.49,,
ESTAT:ISOC_SKE_ITSPE(1.0),10/02/25 23:00:00,A,50-249,C10-S951_X_K,E_ITSP2,PC_ENT,FR,2022,35.31,b,
ESTAT:ISOC_SKE_ITSPE(1.0),10/02/25 23:00:00,A,50-249,C10-S951_X_K,E_ITSP2,PC_ENT,FR,2024,34.90,,
ESTAT:ISOC_SKE_ITSPE(1.0),10/02/25 23:00:00,A,50-249,C10-S951_X_K,E_ITSP2,PC_ENT,HR,2012,37.08,,
ESTAT:ISOC_SKE_ITSPE(1.0),10/02/25 23:00:00,A,50-249,C10-S951_X_K,E_ITSP2,PC_ENT,HR,2014,37.27,,
ESTAT:ISOC_SKE_ITSPE(1.0),10/02/25 23:00:00,A,50-249,C10-S951_X_K,E_ITSP2,PC_ENT,HR,2015,41.00,,
ESTAT:ISOC_SKE_ITSPE(1.0),10/02/25 23:00:00,A,50-249,C10-S951_X_K,E_ITSP2,PC_ENT,HR,2016,37.62,,
ESTAT:ISOC_SKE_ITSPE(1.0),10/02/25 23:00:00,A,50-249,C10-S951_X_K,E_ITSP2,PC_ENT,HR,2017,39.20,,
ESTAT:ISOC_SKE_ITSPE(1.0),10/02/25 23:00:00,A,50-249,C10-S951_X_K,E_ITSP2,PC_ENT,HR,2018,40.40,,
ESTAT:ISOC_SKE_ITSPE(1.0),10/02/25 23:00:00,A,50-249,C10-S951_X_K,E_ITSP2,PC_ENT,HR,2019,39.58,,
ESTAT:ISOC_SKE_ITSPE(1.0),10/02/25 23:00:00,A,50-249,C10-S951_X_K,E_ITSP2,PC_ENT,HR,2020,39.80,,
ESTAT:ISOC_SKE_ITSPE(1.0),10/02/25 23:00:00,A,50-249,C10-S951_X_K,E_ITSP2,PC_ENT,HR,2022,36.89,,
ESTAT:ISOC_SKE_ITSPE(1.0),10/02/25 23:00:00,A,50-249,C10-S951_X_K,E_ITSP2,PC_ENT,HR,2024,35.36,,
ESTAT:ISOC_SKE_ITSPE(1.0),10/02/25 23:00:00,A,50-249,C10-S951_X_K,E_ITSP2,PC_ENT,HU,2012,47.78,,
ESTAT:ISOC_SKE_ITSPE(1.0),10/02/25 23:00:00,A,50-249,C10-S951_X_K,E_ITSP2,PC_ENT,HU,2014,47.04,,
ESTAT:ISOC_SKE_ITSPE(1.0),10/02/25 23:00:00,A,50-249,C10-S951_X_K,E_ITSP2,PC_ENT,HU,2015,46.94,,
ESTAT:ISOC_SKE_ITSPE(1.0),10/02/25 23:00:00,A,50-249,C10-S951_X_K,E_ITSP2,PC_ENT,HU,2016,46.13,,
ESTAT:ISOC_SKE_ITSPE(1.0),10/02/25 23:00:00,A,50-249,C10-S951_X_K,E_ITSP2,PC_ENT,HU,2017,46.74,,
ESTAT:ISOC_SKE_ITSPE(1.0),10/02/25 23:00:00,A,50-249,C10-S951_X_K,E_ITSP2,PC_ENT,HU,2018,45.97,,
ESTAT:ISOC_SKE_ITSPE(1.0),10/02/25 23:00:00,A,50-249,C10-S951_X_K,E_ITSP2,PC_ENT,HU,2019,44.96,,
ESTAT:ISOC_SKE_ITSPE(1.0),10/02/25 23:00:00,A,50-249,C10-S951_X_K,E_ITSP2,PC_ENT,HU,2020,50.35,,
ESTAT:ISOC_SKE_ITSPE(1.0),10/02/25 23:00:00,A,50-249,C10-S951_X_K,E_ITSP2,PC_ENT,HU,2022,57.13,,
ESTAT:ISOC_SKE_ITSPE(1.0),10/02/25 23:00:00,A,50-249,C10-S951_X_K,E_ITSP2,PC_ENT,HU,2024,52.30,,
ESTAT:ISOC_SKE_ITSPE(1.0),10/02/25 23:00:00,A,50-249,C10-S951_X_K,E_ITSP2,PC_ENT,IE,2012,50.10,,
ESTAT:ISOC_SKE_ITSPE(1.0),10/02/25 23:00:00,A,50-249,C10-S951_X_K,E_ITSP2,PC_ENT,IE,2014,45.89,,
ESTAT:ISOC_SKE_ITSPE(1.0),10/02/25 23:00:00,A,50-249,C10-S951_X_K,E_ITSP2,PC_ENT,IE,2015,47.85,,
ESTAT:ISOC_SKE_ITSPE(1.0),10/02/25 23:00:00,A,50-249,C10-S951_X_K,E_ITSP2,PC_ENT,IE,2016,52.65,,
ESTAT:ISOC_SKE_ITSPE(1.0),10/02/25 23:00:00,A,50-249,C10-S951_X_K,E_ITSP2,PC_ENT,IE,2017,51.47,,
ESTAT:ISOC_SKE_ITSPE(1.0),10/02/25 23:00:00,A,50-249,C10-S951_X_K,E_ITSP2,PC_ENT,IE,2018,50.99,,
ESTAT:ISOC_SKE_ITSPE(1.0),10/02/25 23:00:00,A,50-249,C10-S951_X_K,E_ITSP2,PC_ENT,IE,2019,47.91,,
ESTAT:ISOC_SKE_ITSPE(1.0),10/02/25 23:00:00,A,50-249,C10-S951_X_K,E_ITSP2,PC_ENT,IE,2020,46.27,,
ESTAT:ISOC_SKE_ITSPE(1.0),10/02/25 23:00:00,A,50-249,C10-S951_X_K,E_ITSP2,PC_ENT,IE,2022,48.14,,
ESTAT:ISOC_SKE_ITSPE(1.0),10/02/25 23:00:00,A,50-249,C10-S951_X_K,E_ITSP2,PC_ENT,IE,2024,46.59,,
ESTAT:ISOC_SKE_ITSPE(1.0),10/02/25 23:00:00,A,50-249,C10-S951_X_K,E_ITSP2,PC_ENT,IS,2012,54.36,,
ESTAT:ISOC_SKE_ITSPE(1.0),10/02/25 23:00:00,A,50-249,C10-S951_X_K,E_ITSP2,PC_ENT,IS,2014,41.30,,
ESTAT:ISOC_SKE_ITSPE(1.0),10/02/25 23:00:00,A,50-249,C10-S951_X_K,E_ITSP2,PC_ENT,IS,2017,34.14,,
ESTAT:ISOC_SKE_ITSPE(1.0),10/02/25 23:00:00,A,50-249,C10-S951_X_K,E_ITSP2,PC_ENT,IS,2020,30.72,,
ESTAT:ISOC_SKE_ITSPE(1.0),10/02/25 23:00:00,A,50-249,C10-S951_X_K,E_ITSP2,PC_ENT,IT,2012,39.72,,
ESTAT:ISOC_SKE_ITSPE(1.0),10/02/25 23:00:00,A,50-249,C10-S951_X_K,E_ITSP2,PC_ENT,IT,2014,42.67,,
ESTAT:ISOC_SKE_ITSPE(1.0),10/02/25 23:00:00,A,50-249,C10-S951_X_K,E_ITSP2,PC_ENT,IT,2015,43.50,,
ESTAT:ISOC_SKE_ITSPE(1.0),10/02/25 23:00:00,A,50-249,C10-S951_X_K,E_ITSP2,PC_ENT,IT,2016,43.59,,
ESTAT:ISOC_SKE_ITSPE(1.0),10/02/25 23:00:00,A,50-249,C10-S951_X_K,E_ITSP2,PC_ENT,IT,2017,42.50,,
ESTAT:ISOC_SKE_ITSPE(1.0),10/02/25 23:00:00,A,50-249,C10-S951_X_K,E_ITSP2,PC_ENT,IT,2018,41.03,,
ESTAT:ISOC_SKE_ITSPE(1.0),10/02/25 23:00:00,A,50-249,C10-S951_X_K,E_ITSP2,PC_ENT,IT,2019,42.66,,
ESTAT:ISOC_SKE_ITSPE(1.0),10/02/25 23:00:00,A,50-249,C10-S951_X_K,E_ITSP2,PC_ENT,IT,2020,37.99,,
ESTAT:ISOC_SKE_ITSPE(1.0),10/02/25 23:00:00,A,50-249,C10-S951_X_K,E_ITSP2,PC_ENT,IT,2022,38.34,,
ESTAT:ISOC_SKE_ITSPE(1.0),10/02/25 23:00:00,A,50-249,C10-S951_X_K,E_ITSP2,PC_ENT,IT,2024,38.80,,
ESTAT:ISOC_SKE_ITSPE(1.0),10/02/25 23:00:00,A,50-249,C10-S951_X_K,E_ITSP2,PC_ENT,LT,2012,39.53,,
ESTAT:ISOC_SKE_ITSPE(1.0),10/02/25 23:00:00,A,50-249,C10-S951_X_K,E_ITSP2,PC_ENT,LT,2014,35.15,,
ESTAT:ISOC_SKE_ITSPE(1.0),10/02/25 23:00:00,A,50-249,C10-S951_X_K,E_ITSP2,PC_ENT,LT,2015,36.39,,
ESTAT:ISOC_SKE_ITSPE(1.0),10/02/25 23:00:00,A,50-249,C10-S951_X_K,E_ITSP2,PC_ENT,LT,2016,36.14,,
ESTAT:ISOC_SKE_ITSPE(1.0),10/02/25 23:00:00,A,50-249,C10-S951_X_K,E_ITSP2,PC_ENT,LT,2017,36.23,,
ESTAT:ISOC_SKE_ITSPE(1.0),10/02/25 23:00:00,A,50-249,C10-S951_X_K,E_ITSP2,PC_ENT,LT,2018,33.80,,
ESTAT:ISOC_SKE_ITSPE(1.0),10/02/25 23:00:00,A,50-249,C10-S951_X_K,E_ITSP2,PC_ENT,LT,2019,31.28,,
ESTAT:ISOC_SKE_ITSPE(1.0),10/02/25 23:00:00,A,50-249,C10-S951_X_K,E_ITSP2,PC_ENT,LT,2020,32.92,,
ESTAT:ISOC_SKE_ITSPE(1.0),10/02/25 23:00:00,A,50-249,C10-S951_X_K,E_ITSP2,PC_ENT,LT,2022,36.24,,
ESTAT:ISOC_SKE_ITSPE(1.0),10/02/25 23:00:00,A,50-249,C10-S951_X_K,E_ITSP2,PC_ENT,LT,2024,33.22,,
ESTAT:ISOC_SKE_ITSPE(1.0),10/02/25 23:00:00,A,50-249,C10-S951_X_K,E_ITSP2,PC_ENT,LU,2012,51.11,,
ESTAT:ISOC_SKE_ITSPE(1.0),10/02/25 23:00:00,A,50-249,C10-S951_X_K,E_ITSP2,PC_ENT,LU,2014,39.90,,
ESTAT:ISOC_SKE_ITSPE(1.0),10/02/25 23:00:00,A,50-249,C10-S951_X_K,E_ITSP2,PC_ENT,LU,2015,43.84,,
ESTAT:ISOC_SKE_ITSPE(1.0),10/02/25 23:00:00,A,50-249,C10-S951_X_K,E_ITSP2,PC_ENT,LU,2016,43.26,,
ESTAT:ISOC_SKE_ITSPE(1.0),10/02/25 23:00:00,A,50-249,C10-S951_X_K,E_ITSP2,PC_ENT,LU,2017,43.86,,
ESTAT:ISOC_SKE_ITSPE(1.0),10/02/25 23:00:00,A,50-249,C10-S951_X_K,E_ITSP2,PC_ENT,LU,2018,43.20,,
ESTAT:ISOC_SKE_ITSPE(1.0),10/02/25 23:00:00,A,50-249,C10-S951_X_K,E_ITSP2,PC_ENT,LU,2019,42.11,,
ESTAT:ISOC_SKE_ITSPE(1.0),10/02/25 23:00:00,A,50-249,C10-S951_X_K,E_ITSP2,PC_ENT,LU,2020,40.05,,
ESTAT:ISOC_SKE_ITSPE(1.0),10/02/25 23:00:00,A,50-249,C10-S951_X_K,E_ITSP2,PC_ENT,LU,2022,43.37,,
ESTAT:ISOC_SKE_ITSPE(1.0),10/02/25 23:00:00,A,50-249,C10-S951_X_K,E_ITSP2,PC_ENT,LU,2024,41.67,,
ESTAT:ISOC_SKE_ITSPE(1.0),10/02/25 23:00:00,A,50-249,C10-S951_X_K,E_ITSP2,PC_ENT,LV,2012,44.51,,
ESTAT:ISOC_SKE_ITSPE(1.0),10/02/25 23:00:00,A,50-249,C10-S951_X_K,E_ITSP2,PC_ENT,LV,2014,42.26,,
ESTAT:ISOC_SKE_ITSPE(1.0),10/02/25 23:00:00,A,50-249,C10-S951_X_K,E_ITSP2,PC_ENT,LV,2015,38.52,,
ESTAT:ISOC_SKE_ITSPE(1.0),10/02/25 23:00:00,A,50-249,C10-S951_X_K,E_ITSP2,PC_ENT,LV,2016,36.09,,
ESTAT:ISOC_SKE_ITSPE(1.0),10/02/25 23:00:00,A,50-249,C10-S951_X_K,E_ITSP2,PC_ENT,LV,2017,29.76,,
ESTAT:ISOC_SKE_ITSPE(1.0),10/02/25 23:00:00,A,50-249,C10-S951_X_K,E_ITSP2,PC_ENT,LV,2018,34.67,,
ESTAT:ISOC_SKE_ITSPE(1.0),10/02/25 23:00:00,A,50-249,C10-S951_X_K,E_ITSP2,PC_ENT,LV,2019,35.01,,
ESTAT:ISOC_SKE_ITSPE(1.0),10/02/25 23:00:00,A,50-249,C10-S951_X_K,E_ITSP2,PC_ENT,LV,2020,36.48,,
ESTAT:ISOC_SKE_ITSPE(1.0),10/02/25 23:00:00,A,50-249,C10-S951_X_K,E_ITSP2,PC_ENT,LV,2022,38.61,,
ESTAT:ISOC_SKE_ITSPE(1.0),10/02/25 23:00:00,A,50-249,C10-S951_X_K,E_ITSP2,PC_ENT,LV,2024,37.71,,
ESTAT:ISOC_SKE_ITSPE(1.0),10/02/25 23:00:00,A,50-249,C10-S951_X_K,E_ITSP2,PC_ENT,ME,2016,53.78,,
ESTAT:ISOC_SKE_ITSPE(1.0),10/02/25 23:00:00,A,50-249,C10-S951_X_K,E_ITSP2,PC_ENT,ME,2017,37.37,,
ESTAT:ISOC_SKE_ITSPE(1.0),10/02/25 23:00:00,A,50-249,C10-S951_X_K,E_ITSP2,PC_ENT,ME,2018,48.63,,
ESTAT:ISOC_SKE_ITSPE(1.0),10/02/25 23:00:00,A,50-249,C10-S951_X_K,E_ITSP2,PC_ENT,ME,2019,45.26,,
ESTAT:ISOC_SKE_ITSPE(1.0),10/02/25 23:00:00,A,50-249,C10-S951_X_K,E_ITSP2,PC_ENT,ME,2020,42.38,,
ESTAT:ISOC_SKE_ITSPE(1.0),10/02/25 23:00:00,A,50-249,C10-S951_X_K,E_ITSP2,PC_ENT,ME,2022,42.88,,
ESTAT:ISOC_SKE_ITSPE(1.0),10/02/25 23:00:00,A,50-249,C10-S951_X_K,E_ITSP2,PC_ENT,ME,2024,37.93,,
ESTAT:ISOC_SKE_ITSPE(1.0),10/02/25 23:00:00,A,50-249,C10-S951_X_K,E_ITSP2,PC_ENT,MK,2012,28.53,,
ESTAT:ISOC_SKE_ITSPE(1.0),10/02/25 23:00:00,A,50-249,C10-S951_X_K,E_ITSP2,PC_ENT,MK,2014,26.34,,
ESTAT:ISOC_SKE_ITSPE(1.0),10/02/25 23:00:00,A,50-249,C10-S951_X_K,E_ITSP2,PC_ENT,MK,2015,24.64,,
ESTAT:ISOC_SKE_ITSPE(1.0),10/02/25 23:00:00,A,50-249,C10-S951_X_K,E_ITSP2,PC_ENT,MK,2016,26.40,,
ESTAT:ISOC_SKE_ITSPE(1.0),10/02/25 23:00:00,A,50-249,C10-S951_X_K,E_ITSP2,PC_ENT,MK,2020,26.03,,
ESTAT:ISOC_SKE_ITSPE(1.0),10/02/25 23:00:00,A,50-249,C10-S951_X_K,E_ITSP2,PC_ENT,MK,2022,20.91,,
ESTAT:ISOC_SKE_ITSPE(1.0),10/02/25 23:00:00,A,50-249,C10-S951_X_K,E_ITSP2,PC_ENT,MT,2012,44.45,,
ESTAT:ISOC_SKE_ITSPE(1.0),10/02/25 23:00:00,A,50-249,C10-S951_X_K,E_ITSP2,PC_ENT,MT,2014,44.24,,
ESTAT:ISOC_SKE_ITSPE(1.0),10/02/25 23:00:00,A,50-249,C10-S951_X_K,E_ITSP2,PC_ENT,MT,2015,42.84,,
ESTAT:ISOC_SKE_ITSPE(1.0),10/02/25 23:00:00,A,50-249,C10-S951_X_K,E_ITSP2,PC_ENT,MT,2016,46.82,,
ESTAT:ISOC_SKE_ITSPE(1.0),10/02/25 23:00:00,A,50-249,C10-S951_X_K,E_ITSP2,PC_ENT,MT,2017,45.78,,
ESTAT:ISOC_SKE_ITSPE(1.0),10/02/25 23:00:00,A,50-249,C10-S951_X_K,E_ITSP2,PC_ENT,MT,2018,48.02,,
ESTAT:ISOC_SKE_ITSPE(1.0),10/02/25 23:00:00,A,50-249,C10-S951_X_K,E_ITSP2,PC_ENT,MT,2019,49.40,,
ESTAT:ISOC_SKE_ITSPE(1.0),10/02/25 23:00:00,A,50-249,C10-S951_X_K,E_ITSP2,PC_ENT,MT,2020,48.45,,
ESTAT:ISOC_SKE_ITSPE(1.0),10/02/25 23:00:00,A,50-249,C10-S951_X_K,E_ITSP2,PC_ENT,MT,2022,56.37,,
ESTAT:ISOC_SKE_ITSPE(1.0),10/02/25 23:00:00,A,50-249,C10-S951_X_K,E_ITSP2,PC_ENT,MT,2024,55.30,,
ESTAT:ISOC_SKE_ITSPE(1.0),10/02/25 23:00:00,A,50-249,C10-S951_X_K,E_ITSP2,PC_ENT,NL,2012,53.82,,
ESTAT:ISOC_SKE_ITSPE(1.0),10/02/25 23:00:00,A,50-249,C10-S951_X_K,E_ITSP2,PC_ENT,NL,2014,55.19,,
ESTAT:ISOC_SKE_ITSPE(1.0),10/02/25 23:00:00,A,50-249,C10-S951_X_K,E_ITSP2,PC_ENT,NL,2015,55.80,,
ESTAT:ISOC_SKE_ITSPE(1.0),10/02/25 23:00:00,A,50-249,C10-S951_X_K,E_ITSP2,PC_ENT,NL,2016,53.00,,
ESTAT:ISOC_SKE_ITSPE(1.0),10/02/25 23:00:00,A,50-249,C10-S951_X_K,E_ITSP2,PC_ENT,NL,2017,52.46,,
ESTAT:ISOC_SKE_ITSPE(1.0),10/02/25 23:00:00,A,50-249,C10-S951_X_K,E_ITSP2,PC_ENT,NL,2018,52.67,,
ESTAT:ISOC_SKE_ITSPE(1.0),10/02/25 23:00:00,A,50-249,C10-S951_X_K,E_ITSP2,PC_ENT,NL,2019,49.91,,
ESTAT:ISOC_SKE_ITSPE(1.0),10/02/25 23:00:00,A,50-249,C10-S951_X_K,E_ITSP2,PC_ENT,NL,2020,49.52,,
ESTAT:ISOC_SKE_ITSPE(1.0),10/02/25 23:00:00,A,50-249,C10-S951_X_K,E_ITSP2,PC_ENT,NL,2022,56.11,,
ESTAT:ISOC_SKE_ITSPE(1.0),10/02/25 23:00:00,A,50-249,C10-S951_X_K,E_ITSP2,PC_ENT,NL,2024,55.70,,
ESTAT:ISOC_SKE_ITSPE(1.0),10/02/25 23:00:00,A,50-249,C10-S951_X_K,E_ITSP2,PC_ENT,NO,2012,59.62,,
ESTAT:ISOC_SKE_ITSPE(1.0),10/02/25 23:00:00,A,50-249,C10-S951_X_K,E_ITSP2,PC_ENT,NO,2014,38.72,,
ESTAT:ISOC_SKE_ITSPE(1.0),10/02/25 23:00:00,A,50-249,C10-S951_X_K,E_ITSP2,PC_ENT,NO,2015,38.66,,
ESTAT:ISOC_SKE_ITSPE(1.0),10/02/25 23:00:00,A,50-249,C10-S951_X_K,E_ITSP2,PC_ENT,NO,2016,40.94,,
ESTAT:ISOC_SKE_ITSPE(1.0),10/02/25 23:00:00,A,50-249,C10-S951_X_K,E_ITSP2,PC_ENT,NO,2017,40.97,,
ESTAT:ISOC_SKE_ITSPE(1.0),10/02/25 23:00:00,A,50-249,C10-S951_X_K,E_ITSP2,PC_ENT,NO,2018,42.03,,
ESTAT:ISOC_SKE_ITSPE(1.0),10/02/25 23:00:00,A,50-249,C10-S951_X_K,E_ITSP2,PC_ENT,NO,2019,40.50,,
ESTAT:ISOC_SKE_ITSPE(1.0),10/02/25 23:00:00,A,50-249,C10-S951_X_K,E_ITSP2,PC_ENT,NO,2020,32.07,,
ESTAT:ISOC_SKE_ITSPE(1.0),10/02/25 23:00:00,A,50-249,C10-S951_X_K,E_ITSP2,PC_ENT,NO,2022,38.55,,
ESTAT:ISOC_SKE_ITSPE(1.0),10/02/25 23:00:00,A,50-249,C10-S951_X_K,E_ITSP2,PC_ENT,NO,2024,39.14,,
ESTAT:ISOC_SKE_ITSPE(1.0),10/02/25 23:00:00,A,50-249,C10-S951_X_K,E_ITSP2,PC_ENT,PL,2012,31.45,,
ESTAT:ISOC_SKE_ITSPE(1.0),10/02/25 23:00:00,A,50-249,C10-S951_X_K,E_ITSP2,PC_ENT,PL,2014,25.46,,
ESTAT:ISOC_SKE_ITSPE(1.0),10/02/25 23:00:00,A,50-249,C10-S951_X_K,E_ITSP2,PC_ENT,PL,2015,30.33,,
ESTAT:ISOC_SKE_ITSPE(1.0),10/02/25 23:00:00,A,50-249,C10-S951_X_K,E_ITSP2,PC_ENT,PL,2016,27.81,,
ESTAT:ISOC_SKE_ITSPE(1.0),10/02/25 23:00:00,A,50-249,C10-S951_X_K,E_ITSP2,PC_ENT,PL,2017,29.00,,
ESTAT:ISOC_SKE_ITSPE(1.0),10/02/25 23:00:00,A,50-249,C10-S951_X_K,E_ITSP2,PC_ENT,PL,2018,29.79,,
ESTAT:ISOC_SKE_ITSPE(1.0),10/02/25 23:00:00,A,50-249,C10-S951_X_K,E_ITSP2,PC_ENT,PL,2019,40.17,,
ESTAT:ISOC_SKE_ITSPE(1.0),10/02/25 23:00:00,A,50-249,C10-S951_X_K,E_ITSP2,PC_ENT,PL,2020,45.48,,
ESTAT:ISOC_SKE_ITSPE(1.0),10/02/25 23:00:00,A,50-249,C10-S951_X_K,E_ITSP2,PC_ENT,PL,2022,49.92,,
ESTAT:ISOC_SKE_ITSPE(1.0),10/02/25 23:00:00,A,50-249,C10-S951_X_K,E_ITSP2,PC_ENT,PL,2024,47.84,,
ESTAT:ISOC_SKE_ITSPE(1.0),10/02/25 23:00:00,A,50-249,C10-S951_X_K,E_ITSP2,PC_ENT,PT,2012,50.16,,
ESTAT:ISOC_SKE_ITSPE(1.0),10/02/25 23:00:00,A,50-249,C10-S951_X_K,E_ITSP2,PC_ENT,PT,2014,49.20,,
ESTAT:ISOC_SKE_ITSPE(1.0),10/02/25 23:00:00,A,50-249,C10-S951_X_K,E_ITSP2,PC_ENT,PT,2015,45.35,,
ESTAT:ISOC_SKE_ITSPE(1.0),10/02/25 23:00:00,A,50-249,C10-S951_X_K,E_ITSP2,PC_ENT,PT,2016,41.08,,
ESTAT:ISOC_SKE_ITSPE(1.0),10/02/25 23:00:00,A,50-249,C10-S951_X_K,E_ITSP2,PC_ENT,PT,2017,49.73,,
ESTAT:ISOC_SKE_ITSPE(1.0),10/02/25 23:00:00,A,50-249,C10-S951_X_K,E_ITSP2,PC_ENT,PT,2018,44.58,,
ESTAT:ISOC_SKE_ITSPE(1.0),10/02/25 23:00:00,A,50-249,C10-S951_X_K,E_ITSP2,PC_ENT,PT,2019,,u,
ESTAT:ISOC_SKE_ITSPE(1.0),10/02/25 23:00:00,A,50-249,C10-S951_X_K,E_ITSP2,PC_ENT,PT,2020,,u,
ESTAT:ISOC_SKE_ITSPE(1.0),10/02/25 23:00:00,A,50-249,C10-S951_X_K,E_ITSP2,PC_ENT,PT,2022,,u,
ESTAT:ISOC_SKE_ITSPE(1.0),10/02/25 23:00:00,A,50-249,C10-S951_X_K,E_ITSP2,PC_ENT,PT,2024,,u,
ESTAT:ISOC_SKE_ITSPE(1.0),10/02/25 23:00:00,A,50-249,C10-S951_X_K,E_ITSP2,PC_ENT,RO,2012,5.06,,
ESTAT:ISOC_SKE_ITSPE(1.0),10/02/25 23:00:00,A,50-249,C10-S951_X_K,E_ITSP2,PC_ENT,RO,2014,19.80,,
ESTAT:ISOC_SKE_ITSPE(1.0),10/02/25 23:00:00,A,50-249,C10-S951_X_K,E_ITSP2,PC_ENT,RO,2015,19.44,,
ESTAT:ISOC_SKE_ITSPE(1.0),10/02/25 23:00:00,A,50-249,C10-S951_X_K,E_ITSP2,PC_ENT,RO,2016,18.74,,
ESTAT:ISOC_SKE_ITSPE(1.0),10/02/25 23:00:00,A,50-249,C10-S951_X_K,E_ITSP2,PC_ENT,RO,2017,16.37,,
ESTAT:ISOC_SKE_ITSPE(1.0),10/02/25 23:00:00,A,50-249,C10-S951_X_K,E_ITSP2,PC_ENT,RO,2018,16.18,,
ESTAT:ISOC_SKE_ITSPE(1.0),10/02/25 23:00:00,A,50-249,C10-S951_X_K,E_ITSP2,PC_ENT,RO,2019,17.33,,
ESTAT:ISOC_SKE_ITSPE(1.0),10/02/25 23:00:00,A,50-249,C10-S951_X_K,E_ITSP2,PC_ENT,RO,2020,21.36,,
ESTAT:ISOC_SKE_ITSPE(1.0),10/02/25 23:00:00,A,50-249,C10-S951_X_K,E_ITSP2,PC_ENT,RO,2022,19.57,,
ESTAT:ISOC_SKE_ITSPE(1.0),10/02/25 23:00:00,A,50-249,C10-S951_X_K,E_ITSP2,PC_ENT,RO,2024,22.24,,
ESTAT:ISOC_SKE_ITSPE(1.0),10/02/25 23:00:00,A,50-249,C10-S951_X_K,E_ITSP2,PC_ENT,RS,2014,37.18,,
ESTAT:ISOC_SKE_ITSPE(1.0),10/02/25 23:00:00,A,50-249,C10-S951_X_K,E_ITSP2,PC_ENT,RS,2017,41.73,,
ESTAT:ISOC_SKE_ITSPE(1.0),10/02/25 23:00:00,A,50-249,C10-S951_X_K,E_ITSP2,PC_ENT,RS,2018,34.74,,
ESTAT:ISOC_SKE_ITSPE(1.0),10/02/25 23:00:00,A,50-249,C10-S951_X_K,E_ITSP2,PC_ENT,RS,2019,38.81,,
ESTAT:ISOC_SKE_ITSPE(1.0),10/02/25 23:00:00,A,50-249,C10-S951_X_K,E_ITSP2,PC_ENT,RS,2020,39.41,,
ESTAT:ISOC_SKE_ITSPE(1.0),10/02/25 23:00:00,A,50-249,C10-S951_X_K,E_ITSP2,PC_ENT,RS,2022,39.07,,
ESTAT:ISOC_SKE_ITSPE(1.0),10/02/25 23:00:00,A,50-249,C10-S951_X_K,E_ITSP2,PC_ENT,RS,2024,41.91,,
ESTAT:ISOC_SKE_ITSPE(1.0),10/02/25 23:00:00,A,50-249,C10-S951_X_K,E_ITSP2,PC_ENT,SE,2012,46.27,,
ESTAT:ISOC_SKE_ITSPE(1.0),10/02/25 23:00:00,A,50-249,C10-S951_X_K,E_ITSP2,PC_ENT,SE,2014,47.04,,
ESTAT:ISOC_SKE_ITSPE(1.0),10/02/25 23:00:00,A,50-249,C10-S951_X_K,E_ITSP2,PC_ENT,SE,2015,46.09,,
ESTAT:ISOC_SKE_ITSPE(1.0),10/02/25 23:00:00,A,50-249,C10-S951_X_K,E_ITSP2,PC_ENT,SE,2016,42.43,,
ESTAT:ISOC_SKE_ITSPE(1.0),10/02/25 23:00:00,A,50-249,C10-S951_X_K,E_ITSP2,PC_ENT,SE,2017,46.79,,
ESTAT:ISOC_SKE_ITSPE(1.0),10/02/25 23:00:00,A,50-249,C10-S951_X_K,E_ITSP2,PC_ENT,SE,2018,41.14,,
ESTAT:ISOC_SKE_ITSPE(1.0),10/02/25 23:00:00,A,50-249,C10-S951_X_K,E_ITSP2,PC_ENT,SE,2019,43.75,,
ESTAT:ISOC_SKE_ITSPE(1.0),10/02/25 23:00:00,A,50-249,C10-S951_X_K,E_ITSP2,PC_ENT,SE,2020,49.23,,
ESTAT:ISOC_SKE_ITSPE(1.0),10/02/25 23:00:00,A,50-249,C10-S951_X_K,E_ITSP2,PC_ENT,SE,2022,47.69,,
ESTAT:ISOC_SKE_ITSPE(1.0),10/02/25 23:00:00,A,50-249,C10-S951_X_K,E_ITSP2,PC_ENT,SE,2024,40.11,b,
ESTAT:ISOC_SKE_ITSPE(1.0),10/02/25 23:00:00,A,50-249,C10-S951_X_K,E_ITSP2,PC_ENT,SI,2012,42.38,,
ESTAT:ISOC_SKE_ITSPE(1.0),10/02/25 23:00:00,A,50-249,C10-S951_X_K,E_ITSP2,PC_ENT,SI,2014,39.27,,
ESTAT:ISOC_SKE_ITSPE(1.0),10/02/25 23:00:00,A,50-249,C10-S951_X_K,E_ITSP2,PC_ENT,SI,2015,38.24,,
ESTAT:ISOC_SKE_ITSPE(1.0),10/02/25 23:00:00,A,50-249,C10-S951_X_K,E_ITSP2,PC_ENT,SI,2016,42.80,,
ESTAT:ISOC_SKE_ITSPE(1.0),10/02/25 23:00:00,A,50-249,C10-S951_X_K,E_ITSP2,PC_ENT,SI,2017,39.99,,
ESTAT:ISOC_SKE_ITSPE(1.0),10/02/25 23:00:00,A,50-249,C10-S951_X_K,E_ITSP2,PC_ENT,SI,2018,42.07,,
ESTAT:ISOC_SKE_ITSPE(1.0),10/02/25 23:00:00,A,50-249,C10-S951_X_K,E_ITSP2,PC_ENT,SI,2019,39.44,,
ESTAT:ISOC_SKE_ITSPE(1.0),10/02/25 23:00:00,A,50-249,C10-S951_X_K,E_ITSP2,PC_ENT,SI,2020,38.35,,
ESTAT:ISOC_SKE_ITSPE(1.0),10/02/25 23:00:00,A,50-249,C10-S951_X_K,E_ITSP2,PC_ENT,SI,2022,43.23,,
ESTAT:ISOC_SKE_ITSPE(1.0),10/02/25 23:00:00,A,50-249,C10-S951_X_K,E_ITSP2,PC_ENT,SI,2024,34.13,,
ESTAT:ISOC_SKE_ITSPE(1.0),10/02/25 23:00:00,A,50-249,C10-S951_X_K,E_ITSP2,PC_ENT,SK,2012,41.60,,
ESTAT:ISOC_SKE_ITSPE(1.0),10/02/25 23:00:00,A,50-249,C10-S951_X_K,E_ITSP2,PC_ENT,SK,2014,37.46,,
ESTAT:ISOC_SKE_ITSPE(1.0),10/02/25 23:00:00,A,50-249,C10-S951_X_K,E_ITSP2,PC_ENT,SK,2015,40.68,,
ESTAT:ISOC_SKE_ITSPE(1.0),10/02/25 23:00:00,A,50-249,C10-S951_X_K,E_ITSP2,PC_ENT,SK,2016,40.31,,
ESTAT:ISOC_SKE_ITSPE(1.0),10/02/25 23:00:00,A,50-249,C10-S951_X_K,E_ITSP2,PC_ENT,SK,2017,38.01,,
ESTAT:ISOC_SKE_ITSPE(1.0),10/02/25 23:00:00,A,50-249,C10-S951_X_K,E_ITSP2,PC_ENT,SK,2018,35.40,,
ESTAT:ISOC_SKE_ITSPE(1.0),10/02/25 23:00:00,A,50-249,C10-S951_X_K,E_ITSP2,PC_ENT,SK,2019,35.89,,
ESTAT:ISOC_SKE_ITSPE(1.0),10/02/25 23:00:00,A,50-249,C10-S951_X_K,E_ITSP2,PC_ENT,SK,2020,35.70,,
ESTAT:ISOC_SKE_ITSPE(1.0),10/02/25 23:00:00,A,50-249,C10-S951_X_K,E_ITSP2,PC_ENT,SK,2022,33.13,,
ESTAT:ISOC_SKE_ITSPE(1.0),10/02/25 23:00:00,A,50-249,C10-S951_X_K,E_ITSP2,PC_ENT,SK,2024,37.02,,
ESTAT:ISOC_SKE_ITSPE(1.0),10/02/25 23:00:00,A,50-249,C10-S951_X_K,E_ITSP2,PC_ENT,TR,2015,,u,
ESTAT:ISOC_SKE_ITSPE(1.0),10/02/25 23:00:00,A,50-249,C10-S951_X_K,E_ITSP2,PC_ENT,TR,2018,24.29,,
ESTAT:ISOC_SKE_ITSPE(1.0),10/02/25 23:00:00,A,50-249,C10-S951_X_K,E_ITSP2,PC_ENT,TR,2019,26.30,,
ESTAT:ISOC_SKE_ITSPE(1.0),10/02/25 23:00:00,A,50-249,C10-S951_X_K,E_ITSP2,PC_ENT,TR,2020,25.92,,
ESTAT:ISOC_SKE_ITSPE(1.0),10/02/25 23:00:00,A,50-249,C10-S951_X_K,E_ITSP2,PC_ENT,TR,2022,32.34,,
ESTAT:ISOC_SKE_ITSPE(1.0),10/02/25 23:00:00,A,50-249,C10-S951_X_K,E_ITSP2,PC_ENT,TR,2024,28.66,,
ESTAT:ISOC_SKE_ITSPE(1.0),10/02/25 23:00:00,A,50-249,C10-S951_X_K,E_ITSP2,PC_ENT,UK,2012,55.50,,
ESTAT:ISOC_SKE_ITSPE(1.0),10/02/25 23:00:00,A,50-249,C10-S951_X_K,E_ITSP2,PC_ENT,UK,2014,46.31,,
ESTAT:ISOC_SKE_ITSPE(1.0),10/02/25 23:00:00,A,50-249,C10-S951_X_K,E_ITSP2,PC_ENT,UK,2015,48.76,,
ESTAT:ISOC_SKE_ITSPE(1.0),10/02/25 23:00:00,A,50-249,C10-S951_X_K,E_ITSP2,PC_ENT,UK,2016,48.23,,
ESTAT:ISOC_SKE_ITSPE(1.0),10/02/25 23:00:00,A,50-249,C10-S951_X_K,E_ITSP2,PC_ENT,UK,2017,47.71,,
ESTAT:ISOC_SKE_ITSPE(1.0),10/02/25 23:00:00,A,50-249,C10-S951_X_K,E_ITSP2,PC_ENT,UK,2018,48.12,,
ESTAT:ISOC_SKE_ITSPE(1.0),10/02/25 23:00:00,A,50-249,C10-S951_X_K,E_ITSP2,PC_ENT,UK,2019,50.44,,
ESTAT:ISOC_SKE_ITSPE(1.0),10/02/25 23:00:00,A,50-249,C10-S951_X_K,E_ITSP2,PC_ENT,UK,2020,49.97,,
ESTAT:ISOC_SKE_ITSPE(1.0),10/02/25 23:00:00,A,50-249,C10-S951_X_K,E_ITSP2,PC_ENT_CUSE,AT,2012,56.62,,
ESTAT:ISOC_SKE_ITSPE(1.0),10/02/25 23:00:00,A,50-249,C10-S951_X_K,E_ITSP2,PC_ENT_CUSE,AT,2014,50.15,,
ESTAT:ISOC_SKE_ITSPE(1.0),10/02/25 23:00:00,A,50-249,C10-S951_X_K,E_ITSP2,PC_ENT_CUSE,AT,2015,51.30,,
ESTAT:ISOC_SKE_ITSPE(1.0),10/02/25 23:00:00,A,50-249,C10-S951_X_K,E_ITSP2,PC_ENT_CUSE,AT,2016,53.68,,
ESTAT:ISOC_SKE_ITSPE(1.0),10/02/25 23:00:00,A,50-249,C10-S951_X_K,E_ITSP2,PC_ENT_CUSE,AT,2017,49.38,,
ESTAT:ISOC_SKE_ITSPE(1.0),10/02/25 23:00:00,A,50-249,C10-S951_X_K,E_ITSP2,PC_ENT_CUSE,AT,2018,44.83,,
ESTAT:ISOC_SKE_ITSPE(1.0),10/02/25 23:00:00,A,50-249,C10-S951_X_K,E_ITSP2,PC_ENT_CUSE,AT,2019,45.65,,
ESTAT:ISOC_SKE_ITSPE(1.0),10/02/25 23:00:00,A,50-249,C10-S951_X_K,E_ITSP2,PC_ENT_CUSE,BA,2018,29.36,,
ESTAT:ISOC_SKE_ITSPE(1.0),10/02/25 23:00:00,A,50-249,C10-S951_X_K,E_ITSP2,PC_ENT_CUSE,BA,2019,27.77,,
ESTAT:ISOC_SKE_ITSPE(1.0),10/02/25 23:00:00,A,50-249,C10-S951_X_K,E_ITSP2,PC_ENT_CUSE,BE,2012,55.90,,
ESTAT:ISOC_SKE_ITSPE(1.0),10/02/25 23:00:00,A,50-249,C10-S951_X_K,E_ITSP2,PC_ENT_CUSE,BE,2014,51.04,,
ESTAT:ISOC_SKE_ITSPE(1.0),10/02/25 23:00:00,A,50-249,C10-S951_X_K,E_ITSP2,PC_ENT_CUSE,BE,2015,53.77,,
ESTAT:ISOC_SKE_ITSPE(1.0),10/02/25 23:00:00,A,50-249,C10-S951_X_K,E_ITSP2,PC_ENT_CUSE,BE,2016,53.02,,
ESTAT:ISOC_SKE_ITSPE(1.0),10/02/25 23:00:00,A,50-249,C10-S951_X_K,E_ITSP2,PC_ENT_CUSE,BE,2017,54.67,,
ESTAT:ISOC_SKE_ITSPE(1.0),10/02/25 23:00:00,A,50-249,C10-S951_X_K,E_ITSP2,PC_ENT_CUSE,BE,2018,57.45,,
ESTAT:ISOC_SKE_ITSPE(1.0),10/02/25 23:00:00,A,50-249,C10-S951_X_K,E_ITSP2,PC_ENT_CUSE,BE,2019,54.54,,
ESTAT:ISOC_SKE_ITSPE(1.0),10/02/25 23:00:00,A,50-249,C10-S951_X_K,E_ITSP2,PC_ENT_CUSE,BG,2012,20.45,,
ESTAT:ISOC_SKE_ITSPE(1.0),10/02/25 23:00:00,A,50-249,C10-S951_X_K,E_ITSP2,PC_ENT_CUSE,BG,2014,34.72,,
ESTAT:ISOC_SKE_ITSPE(1.0),10/02/25 23:00:00,A,50-249,C10-S951_X_K,E_ITSP2,PC_ENT_CUSE,BG,2015,32.82,,
ESTAT:ISOC_SKE_ITSPE(1.0),10/02/25 23:00:00,A,50-249,C10-S951_X_K,E_ITSP2,PC_ENT_CUSE,BG,2016,33.36,,
ESTAT:ISOC_SKE_ITSPE(1.0),10/02/25 23:00:00,A,50-249,C10-S951_X_K,E_ITSP2,PC_ENT_CUSE,BG,2017,32.06,,
ESTAT:ISOC_SKE_ITSPE(1.0),10/02/25 23:00:00,A,50-249,C10-S951_X_K,E_ITSP2,PC_ENT_CUSE,BG,2018,32.02,,
ESTAT:ISOC_SKE_ITSPE(1.0),10/02/25 23:00:00,A,50-249,C10-S951_X_K,E_ITSP2,PC_ENT_CUSE,BG,2019,32.61,,
ESTAT:ISOC_SKE_ITSPE(1.0),10/02/25 23:00:00,A,50-249,C10-S951_X_K,E_ITSP2,PC_ENT_CUSE,CY,2012,41.60,,
ESTAT:ISOC_SKE_ITSPE(1.0),10/02/25 23:00:00,A,50-249,C10-S951_X_K,E_ITSP2,PC_ENT_CUSE,CY,2014,47.83,,
ESTAT:ISOC_SKE_ITSPE(1.0),10/02/25 23:00:00,A,50-249,C10-S951_X_K,E_ITSP2,PC_ENT_CUSE,CY,2015,49.45,,
ESTAT:ISOC_SKE_ITSPE(1.0),10/02/25 23:00:00,A,50-249,C10-S951_X_K,E_ITSP2,PC_ENT_CUSE,CY,2016,49.12,,
ESTAT:ISOC_SKE_ITSPE(1.0),10/02/25 23:00:00,A,50-249,C10-S951_X_K,E_ITSP2,PC_ENT_CUSE,CY,2017,49.71,,
ESTAT:ISOC_SKE_ITSPE(1.0),10/02/25 23:00:00,A,50-249,C10-S951_X_K,E_ITSP2,PC_ENT_CUSE,CY,2018,48.21,,
ESTAT:ISOC_SKE_ITSPE(1.0),10/02/25 23:00:00,A,50-249,C10-S951_X_K,E_ITSP2,PC_ENT_CUSE,CY,2019,47.34,,
ESTAT:ISOC_SKE_ITSPE(1.0),10/02/25 23:00:00,A,50-249,C10-S951_X_K,E_ITSP2,PC_ENT_CUSE,CZ,2012,55.34,,
ESTAT:ISOC_SKE_ITSPE(1.0),10/02/25 23:00:00,A,50-249,C10-S951_X_K,E_ITSP2,PC_ENT_CUSE,CZ,2014,41.78,,
ESTAT:ISOC_SKE_ITSPE(1.0),10/02/25 23:00:00,A,50-249,C10-S951_X_K,E_ITSP2,PC_ENT_CUSE,CZ,2015,40.90,,
ESTAT:ISOC_SKE_ITSPE(1.0),10/02/25 23:00:00,A,50-249,C10-S951_X_K,E_ITSP2,PC_ENT_CUSE,CZ,2016,41.71,,
ESTAT:ISOC_SKE_ITSPE(1.0),10/02/25 23:00:00,A,50-249,C10-S951_X_K,E_ITSP2,PC_ENT_CUSE,CZ,2017,40.04,,
ESTAT:ISOC_SKE_ITSPE(1.0),10/02/25 23:00:00,A,50-249,C10-S951_X_K,E_ITSP2,PC_ENT_CUSE,CZ,2018,39.48,,
ESTAT:ISOC_SKE_ITSPE(1.0),10/02/25 23:00:00,A,50-249,C10-S951_X_K,E_ITSP2,PC_ENT_CUSE,CZ,2019,41.03,,
ESTAT:ISOC_SKE_ITSPE(1.0),10/02/25 23:00:00,A,50-249,C10-S951_X_K,E_ITSP2,PC_ENT_CUSE,DE,2012,48.31,,
ESTAT:ISOC_SKE_ITSPE(1.0),10/02/25 23:00:00,A,50-249,C10-S951_X_K,E_ITSP2,PC_ENT_CUSE,DE,2014,47.12,,
ESTAT:ISOC_SKE_ITSPE(1.0),10/02/25 23:00:00,A,50-249,C10-S951_X_K,E_ITSP2,PC_ENT_CUSE,DE,2015,46.21,,
ESTAT:ISOC_SKE_ITSPE(1.0),10/02/25 23:00:00,A,50-249,C10-S951_X_K,E_ITSP2,PC_ENT_CUSE,DE,2016,45.43,,
ESTAT:ISOC_SKE_ITSPE(1.0),10/02/25 23:00:00,A,50-249,C10-S951_X_K,E_ITSP2,PC_ENT_CUSE,DE,2017,42.07,,
ESTAT:ISOC_SKE_ITSPE(1.0),10/02/25 23:00:00,A,50-249,C10-S951_X_K,E_ITSP2,PC_ENT_CUSE,DE,2018,44.59,,
ESTAT:ISOC_SKE_ITSPE(1.0),10/02/25 23:00:00,A,50-249,C10-S951_X_K,E_ITSP2,PC_ENT_CUSE,DE,2019,43.41,,
ESTAT:ISOC_SKE_ITSPE(1.0),10/02/25 23:00:00,A,50-249,C10-S951_X_K,E_ITSP2,PC_ENT_CUSE,DK,2012,58.26,,
ESTAT:ISOC_SKE_ITSPE(1.0),10/02/25 23:00:00,A,50-249,C10-S951_X_K,E_ITSP2,PC_ENT_CUSE,DK,2014,53.39,,
ESTAT:ISOC_SKE_ITSPE(1.0),10/02/25 23:00:00,A,50-249,C10-S951_X_K,E_ITSP2,PC_ENT_CUSE,DK,2015,52.67,,
ESTAT:ISOC_SKE_ITSPE(1.0),10/02/25 23:00:00,A,50-249,C10-S951_X_K,E_ITSP2,PC_ENT_CUSE,DK,2016,53.87,,
ESTAT:ISOC_SKE_ITSPE(1.0),10/02/25 23:00:00,A,50-249,C10-S951_X_K,E_ITSP2,PC_ENT_CUSE,DK,2017,49.38,,
ESTAT:ISOC_SKE_ITSPE(1.0),10/02/25 23:00:00,A,50-249,C10-S951_X_K,E_ITSP2,PC_ENT_CUSE,DK,2018,52.55,,
ESTAT:ISOC_SKE_ITSPE(1.0),10/02/25 23:00:00,A,50-249,C10-S951_X_K,E_ITSP2,PC_ENT_CUSE,DK,2019,54.46,,
ESTAT:ISOC_SKE_ITSPE(1.0),10/02/25 23:00:00,A,50-249,C10-S951_X_K,E_ITSP2,PC_ENT_CUSE,EA,2012,46.08,,
ESTAT:ISOC_SKE_ITSPE(1.0),10/02/25 23:00:00,A,50-249,C10-S951_X_K,E_ITSP2,PC_ENT_CUSE,EA,2014,45.28,,
ESTAT:ISOC_SKE_ITSPE(1.0),10/02/25 23:00:00,A,50-249,C10-S951_X_K,E_ITSP2,PC_ENT_CUSE,EA,2015,45.84,,
ESTAT:ISOC_SKE_ITSPE(1.0),10/02/25 23:00:00,A,50-249,C10-S951_X_K,E_ITSP2,PC_ENT_CUSE,EA,2016,45.24,,
ESTAT:ISOC_SKE_ITSPE(1.0),10/02/25 23:00:00,A,50-249,C10-S951_X_K,E_ITSP2,PC_ENT_CUSE,EA,2017,44.02,,
ESTAT:ISOC_SKE_ITSPE(1.0),10/02/25 23:00:00,A,50-249,C10-S951_X_K,E_ITSP2,PC_ENT_CUSE,EA,2018,43.92,,
ESTAT:ISOC_SKE_ITSPE(1.0),10/02/25 23:00:00,A,50-249,C10-S951_X_K,E_ITSP2,PC_ENT_CUSE,EA,2019,42.85,,
ESTAT:ISOC_SKE_ITSPE(1.0),10/02/25 23:00:00,A,50-249,C10-S951_X_K,E_ITSP2,PC_ENT_CUSE,EE,2012,37.42,,
ESTAT:ISOC_SKE_ITSPE(1.0),10/02/25 23:00:00,A,50-249,C10-S951_X_K,E_ITSP2,PC_ENT_CUSE,EE,2014,32.64,,
ESTAT:ISOC_SKE_ITSPE(1.0),10/02/25 23:00:00,A,50-249,C10-S951_X_K,E_ITSP2,PC_ENT_CUSE,EE,2015,30.32,,
ESTAT:ISOC_SKE_ITSPE(1.0),10/02/25 23:00:00,A,50-249,C10-S951_X_K,E_ITSP2,PC_ENT_CUSE,EE,2016,31.51,,
ESTAT:ISOC_SKE_ITSPE(1.0),10/02/25 23:00:00,A,50-249,C10-S951_X_K,E_ITSP2,PC_ENT_CUSE,EE,2017,33.09,,
ESTAT:ISOC_SKE_ITSPE(1.0),10/02/25 23:00:00,A,50-249,C10-S951_X_K,E_ITSP2,PC_ENT_CUSE,EE,2018,33.16,,
ESTAT:ISOC_SKE_ITSPE(1.0),10/02/25 23:00:00,A,50-249,C10-S951_X_K,E_ITSP2,PC_ENT_CUSE,EE,2019,32.60,,
ESTAT:ISOC_SKE_ITSPE(1.0),10/02/25 23:00:00,A,50-249,C10-S951_X_K,E_ITSP2,PC_ENT_CUSE,EL,2012,57.97,,
ESTAT:ISOC_SKE_ITSPE(1.0),10/02/25 23:00:00,A,50-249,C10-S951_X_K,E_ITSP2,PC_ENT_CUSE,EL,2014,48.50,,
ESTAT:ISOC_SKE_ITSPE(1.0),10/02/25 23:00:00,A,50-249,C10-S951_X_K,E_ITSP2,PC_ENT_CUSE,EL,2015,62.91,,
ESTAT:ISOC_SKE_ITSPE(1.0),10/02/25 23:00:00,A,50-249,C10-S951_X_K,E_ITSP2,PC_ENT_CUSE,EL,2016,59.40,,
ESTAT:ISOC_SKE_ITSPE(1.0),10/02/25 23:00:00,A,50-249,C10-S951_X_K,E_ITSP2,PC_ENT_CUSE,EL,2017,53.36,,
ESTAT:ISOC_SKE_ITSPE(1.0),10/02/25 23:00:00,A,50-249,C10-S951_X_K,E_ITSP2,PC_ENT_CUSE,EL,2018,57.55,,
ESTAT:ISOC_SKE_ITSPE(1.0),10/02/25 23:00:00,A,50-249,C10-S951_X_K,E_ITSP2,PC_ENT_CUSE,EL,2019,50.97,,
ESTAT:ISOC_SKE_ITSPE(1.0),10/02/25 23:00:00,A,50-249,C10-S951_X_K,E_ITSP2,PC_ENT_CUSE,ES,2012,47.54,,
ESTAT:ISOC_SKE_ITSPE(1.0),10/02/25 23:00:00,A,50-249,C10-S951_X_K,E_ITSP2,PC_ENT_CUSE,ES,2014,48.02,,
ESTAT:ISOC_SKE_ITSPE(1.0),10/02/25 23:00:00,A,50-249,C10-S951_X_K,E_ITSP2,PC_ENT_CUSE,ES,2015,51.00,,
ESTAT:ISOC_SKE_ITSPE(1.0),10/02/25 23:00:00,A,50-249,C10-S951_X_K,E_ITSP2,PC_ENT_CUSE,ES,2016,50.41,,
ESTAT:ISOC_SKE_ITSPE(1.0),10/02/25 23:00:00,A,50-249,C10-S951_X_K,E_ITSP2,PC_ENT_CUSE,ES,2017,43.60,,
ESTAT:ISOC_SKE_ITSPE(1.0),10/02/25 23:00:00,A,50-249,C10-S951_X_K,E_ITSP2,PC_ENT_CUSE,ES,2018,41.02,,
ESTAT:ISOC_SKE_ITSPE(1.0),10/02/25 23:00:00,A,50-249,C10-S951_X_K,E_ITSP2,PC_ENT_CUSE,ES,2019,37.57,,
ESTAT:ISOC_SKE_ITSPE(1.0),10/02/25 23:00:00,A,50-249,C10-S951_X_K,E_ITSP2,PC_ENT_CUSE,EU15,2012,47.86,,
ESTAT:ISOC_SKE_ITSPE(1.0),10/02/25 23:00:00,A,50-249,C10-S951_X_K,E_ITSP2,PC_ENT_CUSE,EU15,2014,45.86,,
ESTAT:ISOC_SKE_ITSPE(1.0),10/02/25 23:00:00,A,50-249,C10-S951_X_K,E_ITSP2,PC_ENT_CUSE,EU15,2015,46.84,,
ESTAT:ISOC_SKE_ITSPE(1.0),10/02/25 23:00:00,A,50-249,C10-S951_X_K,E_ITSP2,PC_ENT_CUSE,EU15,2016,46.15,,
ESTAT:ISOC_SKE_ITSPE(1.0),10/02/25 23:00:00,A,50-249,C10-S951_X_K,E_ITSP2,PC_ENT_CUSE,EU15,2017,45.18,,
ESTAT:ISOC_SKE_ITSPE(1.0),10/02/25 23:00:00,A,50-249,C10-S951_X_K,E_ITSP2,PC_ENT_CUSE,EU15,2018,45.02,,
ESTAT:ISOC_SKE_ITSPE(1.0),10/02/25 23:00:00,A,50-249,C10-S951_X_K,E_ITSP2,PC_ENT_CUSE,EU27_2007,2012,44.54,,
ESTAT:ISOC_SKE_ITSPE(1.0),10/02/25 23:00:00,A,50-249,C10-S951_X_K,E_ITSP2,PC_ENT_CUSE,EU27_2007,2014,42.92,,
ESTAT:ISOC_SKE_ITSPE(1.0),10/02/25 23:00:00,A,50-249,C10-S951_X_K,E_ITSP2,PC_ENT_CUSE,EU27_2007,2015,43.97,,
ESTAT:ISOC_SKE_ITSPE(1.0),10/02/25 23:00:00,A,50-249,C10-S951_X_K,E_ITSP2,PC_ENT_CUSE,EU27_2007,2016,43.36,,
ESTAT:ISOC_SKE_ITSPE(1.0),10/02/25 23:00:00,A,50-249,C10-S951_X_K,E_ITSP2,PC_ENT_CUSE,EU27_2007,2017,42.46,,
ESTAT:ISOC_SKE_ITSPE(1.0),10/02/25 23:00:00,A,50-249,C10-S951_X_K,E_ITSP2,PC_ENT_CUSE,EU27_2007,2018,42.38,,
ESTAT:ISOC_SKE_ITSPE(1.0),10/02/25 23:00:00,A,50-249,C10-S951_X_K,E_ITSP2,PC_ENT_CUSE,EU27_2020,2012,43.01,,
ESTAT:ISOC_SKE_ITSPE(1.0),10/02/25 23:00:00,A,50-249,C10-S951_X_K,E_ITSP2,PC_ENT_CUSE,EU27_2020,2014,42.38,,
ESTAT:ISOC_SKE_ITSPE(1.0),10/02/25 23:00:00,A,50-249,C10-S951_X_K,E_ITSP2,PC_ENT_CUSE,EU27_2020,2015,43.26,,
ESTAT:ISOC_SKE_ITSPE(1.0),10/02/25 23:00:00,A,50-249,C10-S951_X_K,E_ITSP2,PC_ENT_CUSE,EU27_2020,2016,42.54,,
ESTAT:ISOC_SKE_ITSPE(1.0),10/02/25 23:00:00,A,50-249,C10-S951_X_K,E_ITSP2,PC_ENT_CUSE,EU27_2020,2017,41.63,,
ESTAT:ISOC_SKE_ITSPE(1.0),10/02/25 23:00:00,A,50-249,C10-S951_X_K,E_ITSP2,PC_ENT_CUSE,EU27_2020,2018,41.52,,
ESTAT:ISOC_SKE_ITSPE(1.0),10/02/25 23:00:00,A,50-249,C10-S951_X_K,E_ITSP2,PC_ENT_CUSE,EU27_2020,2019,41.74,,
ESTAT:ISOC_SKE_ITSPE(1.0),10/02/25 23:00:00,A,50-249,C10-S951_X_K,E_ITSP2,PC_ENT_CUSE,EU28,2012,44.48,,
ESTAT:ISOC_SKE_ITSPE(1.0),10/02/25 23:00:00,A,50-249,C10-S951_X_K,E_ITSP2,PC_ENT_CUSE,EU28,2014,42.88,,
ESTAT:ISOC_SKE_ITSPE(1.0),10/02/25 23:00:00,A,50-249,C10-S951_X_K,E_ITSP2,PC_ENT_CUSE,EU28,2015,43.96,,
ESTAT:ISOC_SKE_ITSPE(1.0),10/02/25 23:00:00,A,50-249,C10-S951_X_K,E_ITSP2,PC_ENT_CUSE,EU28,2016,43.32,,
ESTAT:ISOC_SKE_ITSPE(1.0),10/02/25 23:00:00,A,50-249,C10-S951_X_K,E_ITSP2,PC_ENT_CUSE,EU28,2017,42.44,,
ESTAT:ISOC_SKE_ITSPE(1.0),10/02/25 23:00:00,A,50-249,C10-S951_X_K,E_ITSP2,PC_ENT_CUSE,EU28,2018,42.37,,
ESTAT:ISOC_SKE_ITSPE(1.0),10/02/25 23:00:00,A,50-249,C10-S951_X_K,E_ITSP2,PC_ENT_CUSE,EU28,2019,42.88,,
ESTAT:ISOC_SKE_ITSPE(1.0),10/02/25 23:00:00,A,50-249,C10-S951_X_K,E_ITSP2,PC_ENT_CUSE,FI,2012,55.25,,
ESTAT:ISOC_SKE_ITSPE(1.0),10/02/25 23:00:00,A,50-249,C10-S951_X_K,E_ITSP2,PC_ENT_CUSE,FI,2014,51.10,,
ESTAT:ISOC_SKE_ITSPE(1.0),10/02/25 23:00:00,A,50-249,C10-S951_X_K,E_ITSP2,PC_ENT_CUSE,FI,2015,48.08,,
ESTAT:ISOC_SKE_ITSPE(1.0),10/02/25 23:00:00,A,50-249,C10-S951_X_K,E_ITSP2,PC_ENT_CUSE,FI,2016,46.56,,
ESTAT:ISOC_SKE_ITSPE(1.0),10/02/25 23:00:00,A,50-249,C10-S951_X_K,E_ITSP2,PC_ENT_CUSE,FI,2017,44.91,,
ESTAT:ISOC_SKE_ITSPE(1.0),10/02/25 23:00:00,A,50-249,C10-S951_X_K,E_ITSP2,PC_ENT_CUSE,FI,2018,46.76,,
ESTAT:ISOC_SKE_ITSPE(1.0),10/02/25 23:00:00,A,50-249,C10-S951_X_K,E_ITSP2,PC_ENT_CUSE,FI,2019,47.03,,
ESTAT:ISOC_SKE_ITSPE(1.0),10/02/25 23:00:00,A,50-249,C10-S951_X_K,E_ITSP2,PC_ENT_CUSE,FR,2012,36.82,,
ESTAT:ISOC_SKE_ITSPE(1.0),10/02/25 23:00:00,A,50-249,C10-S951_X_K,E_ITSP2,PC_ENT_CUSE,FR,2014,36.57,,
ESTAT:ISOC_SKE_ITSPE(1.0),10/02/25 23:00:00,A,50-249,C10-S951_X_K,E_ITSP2,PC_ENT_CUSE,FR,2015,37.95,,
ESTAT:ISOC_SKE_ITSPE(1.0),10/02/25 23:00:00,A,50-249,C10-S951_X_K,E_ITSP2,PC_ENT_CUSE,FR,2016,37.27,,
ESTAT:ISOC_SKE_ITSPE(1.0),10/02/25 23:00:00,A,50-249,C10-S951_X_K,E_ITSP2,PC_ENT_CUSE,FR,2017,43.33,,
ESTAT:ISOC_SKE_ITSPE(1.0),10/02/25 23:00:00,A,50-249,C10-S951_X_K,E_ITSP2,PC_ENT_CUSE,FR,2018,40.90,,
ESTAT:ISOC_SKE_ITSPE(1.0),10/02/25 23:00:00,A,50-249,C10-S951_X_K,E_ITSP2,PC_ENT_CUSE,FR,2019,41.37,,
ESTAT:ISOC_SKE_ITSPE(1.0),10/02/25 23:00:00,A,50-249,C10-S951_X_K,E_ITSP2,PC_ENT_CUSE,HR,2012,37.44,,
ESTAT:ISOC_SKE_ITSPE(1.0),10/02/25 23:00:00,A,50-249,C10-S951_X_K,E_ITSP2,PC_ENT_CUSE,HR,2014,37.52,,
ESTAT:ISOC_SKE_ITSPE(1.0),10/02/25 23:00:00,A,50-249,C10-S951_X_K,E_ITSP2,PC_ENT_CUSE,HR,2015,41.69,,
ESTAT:ISOC_SKE_ITSPE(1.0),10/02/25 23:00:00,A,50-249,C10-S951_X_K,E_ITSP2,PC_ENT_CUSE,HR,2016,37.72,,
ESTAT:ISOC_SKE_ITSPE(1.0),10/02/25 23:00:00,A,50-249,C10-S951_X_K,E_ITSP2,PC_ENT_CUSE,HR,2017,39.29,,
ESTAT:ISOC_SKE_ITSPE(1.0),10/02/25 23:00:00,A,50-249,C10-S951_X_K,E_ITSP2,PC_ENT_CUSE,HR,2018,40.52,,
ESTAT:ISOC_SKE_ITSPE(1.0),10/02/25 23:00:00,A,50-249,C10-S951_X_K,E_ITSP2,PC_ENT_CUSE,HR,2019,39.74,,
ESTAT:ISOC_SKE_ITSPE(1.0),10/02/25 23:00:00,A,50-249,C10-S951_X_K,E_ITSP2,PC_ENT_CUSE,HU,2012,49.64,,
ESTAT:ISOC_SKE_ITSPE(1.0),10/02/25 23:00:00,A,50-249,C10-S951_X_K,E_ITSP2,PC_ENT_CUSE,HU,2014,48.68,,
ESTAT:ISOC_SKE_ITSPE(1.0),10/02/25 23:00:00,A,50-249,C10-S951_X_K,E_ITSP2,PC_ENT_CUSE,HU,2015,48.34,,
ESTAT:ISOC_SKE_ITSPE(1.0),10/02/25 23:00:00,A,50-249,C10-S951_X_K,E_ITSP2,PC_ENT_CUSE,HU,2016,47.71,,
ESTAT:ISOC_SKE_ITSPE(1.0),10/02/25 23:00:00,A,50-249,C10-S951_X_K,E_ITSP2,PC_ENT_CUSE,HU,2017,47.95,,
ESTAT:ISOC_SKE_ITSPE(1.0),10/02/25 23:00:00,A,50-249,C10-S951_X_K,E_ITSP2,PC_ENT_CUSE,HU,2018,47.14,,
ESTAT:ISOC_SKE_ITSPE(1.0),10/02/25 23:00:00,A,50-249,C10-S951_X_K,E_ITSP2,PC_ENT_CUSE,HU,2019,45.93,,
ESTAT:ISOC_SKE_ITSPE(1.0),10/02/25 23:00:00,A,50-249,C10-S951_X_K,E_ITSP2,PC_ENT_CUSE,IE,2012,51.08,,
ESTAT:ISOC_SKE_ITSPE(1.0),10/02/25 23:00:00,A,50-249,C10-S951_X_K,E_ITSP2,PC_ENT_CUSE,IE,2014,46.14,,
ESTAT:ISOC_SKE_ITSPE(1.0),10/02/25 23:00:00,A,50-249,C10-S951_X_K,E_ITSP2,PC_ENT_CUSE,IE,2015,48.11,,
ESTAT:ISOC_SKE_ITSPE(1.0),10/02/25 23:00:00,A,50-249,C10-S951_X_K,E_ITSP2,PC_ENT_CUSE,IE,2016,53.06,,
ESTAT:ISOC_SKE_ITSPE(1.0),10/02/25 23:00:00,A,50-249,C10-S951_X_K,E_ITSP2,PC_ENT_CUSE,IE,2017,51.81,,
ESTAT:ISOC_SKE_ITSPE(1.0),10/02/25 23:00:00,A,50-249,C10-S951_X_K,E_ITSP2,PC_ENT_CUSE,IE,2018,51.44,,
ESTAT:ISOC_SKE_ITSPE(1.0),10/02/25 23:00:00,A,50-249,C10-S951_X_K,E_ITSP2,PC_ENT_CUSE,IE,2019,48.36,,
ESTAT:ISOC_SKE_ITSPE(1.0),10/02/25 23:00:00,A,50-249,C10-S951_X_K,E_ITSP2,PC_ENT_CUSE,IS,2012,54.36,,
ESTAT:ISOC_SKE_ITSPE(1.0),10/02/25 23:00:00,A,50-249,C10-S951_X_K,E_ITSP2,PC_ENT_CUSE,IS,2014,41.30,,
ESTAT:ISOC_SKE_ITSPE(1.0),10/02/25 23:00:00,A,50-249,C10-S951_X_K,E_ITSP2,PC_ENT_CUSE,IS,2017,34.14,,
ESTAT:ISOC_SKE_ITSPE(1.0),10/02/25 23:00:00,A,50-249,C10-S951_X_K,E_ITSP2,PC_ENT_CUSE,IT,2012,39.86,,
ESTAT:ISOC_SKE_ITSPE(1.0),10/02/25 23:00:00,A,50-249,C10-S951_X_K,E_ITSP2,PC_ENT_CUSE,IT,2014,42.74,,
ESTAT:ISOC_SKE_ITSPE(1.0),10/02/25 23:00:00,A,50-249,C10-S951_X_K,E_ITSP2,PC_ENT_CUSE,IT,2015,43.68,,
ESTAT:ISOC_SKE_ITSPE(1.0),10/02/25 23:00:00,A,50-249,C10-S951_X_K,E_ITSP2,PC_ENT_CUSE,IT,2016,43.84,,
ESTAT:ISOC_SKE_ITSPE(1.0),10/02/25 23:00:00,A,50-249,C10-S951_X_K,E_ITSP2,PC_ENT_CUSE,IT,2017,42.68,,
ESTAT:ISOC_SKE_ITSPE(1.0),10/02/25 23:00:00,A,50-249,C10-S951_X_K,E_ITSP2,PC_ENT_CUSE,IT,2018,41.12,,
ESTAT:ISOC_SKE_ITSPE(1.0),10/02/25 23:00:00,A,50-249,C10-S951_X_K,E_ITSP2,PC_ENT_CUSE,IT,2019,42.71,,
ESTAT:ISOC_SKE_ITSPE(1.0),10/02/25 23:00:00,A,50-249,C10-S951_X_K,E_ITSP2,PC_ENT_CUSE,LT,2012,39.53,,
ESTAT:ISOC_SKE_ITSPE(1.0),10/02/25 23:00:00,A,50-249,C10-S951_X_K,E_ITSP2,PC_ENT_CUSE,LT,2014,35.15,,
ESTAT:ISOC_SKE_ITSPE(1.0),10/02/25 23:00:00,A,50-249,C10-S951_X_K,E_ITSP2,PC_ENT_CUSE,LT,2015,36.39,,
ESTAT:ISOC_SKE_ITSPE(1.0),10/02/25 23:00:00,A,50-249,C10-S951_X_K,E_ITSP2,PC_ENT_CUSE,LT,2016,36.14,,
ESTAT:ISOC_SKE_ITSPE(1.0),10/02/25 23:00:00,A,50-249,C10-S951_X_K,E_ITSP2,PC_ENT_CUSE,LT,2017,36.23,,
ESTAT:ISOC_SKE_ITSPE(1.0),10/02/25 23:00:00,A,50-249,C10-S951_X_K,E_ITSP2,PC_ENT_CUSE,LT,2018,33.80,,
ESTAT:ISOC_SKE_ITSPE(1.0),10/02/25 23:00:00,A,50-249,C10-S951_X_K,E_ITSP2,PC_ENT_CUSE,LT,2019,31.28,,
ESTAT:ISOC_SKE_ITSPE(1.0),10/02/25 23:00:00,A,50-249,C10-S951_X_K,E_ITSP2,PC_ENT_CUSE,LU,2012,51.21,,
ESTAT:ISOC_SKE_ITSPE(1.0),10/02/25 23:00:00,A,50-249,C10-S951_X_K,E_ITSP2,PC_ENT_CUSE,LU,2014,39.96,,
ESTAT:ISOC_SKE_ITSPE(1.0),10/02/25 23:00:00,A,50-249,C10-S951_X_K,E_ITSP2,PC_ENT_CUSE,LU,2015,43.84,,
ESTAT:ISOC_SKE_ITSPE(1.0),10/02/25 23:00:00,A,50-249,C10-S951_X_K,E_ITSP2,PC_ENT_CUSE,LU,2016,43.33,,
ESTAT:ISOC_SKE_ITSPE(1.0),10/02/25 23:00:00,A,50-249,C10-S951_X_K,E_ITSP2,PC_ENT_CUSE,LU,2017,43.86,,
ESTAT:ISOC_SKE_ITSPE(1.0),10/02/25 23:00:00,A,50-249,C10-S951_X_K,E_ITSP2,PC_ENT_CUSE,LU,2018,43.20,,
ESTAT:ISOC_SKE_ITSPE(1.0),10/02/25 23:00:00,A,50-249,C10-S951_X_K,E_ITSP2,PC_ENT_CUSE,LU,2019,42.11,,
ESTAT:ISOC_SKE_ITSPE(1.0),10/02/25 23:00:00,A,50-249,C10-S951_X_K,E_ITSP2,PC_ENT_CUSE,LV,2012,44.62,,
ESTAT:ISOC_SKE_ITSPE(1.0),10/02/25 23:00:00,A,50-249,C10-S951_X_K,E_ITSP2,PC_ENT_CUSE,LV,2014,42.44,,
ESTAT:ISOC_SKE_ITSPE(1.0),10/02/25 23:00:00,A,50-249,C10-S951_X_K,E_ITSP2,PC_ENT_CUSE,LV,2015,38.52,,
ESTAT:ISOC_SKE_ITSPE(1.0),10/02/25 23:00:00,A,50-249,C10-S951_X_K,E_ITSP2,PC_ENT_CUSE,LV,2016,36.40,,
ESTAT:ISOC_SKE_ITSPE(1.0),10/02/25 23:00:00,A,50-249,C10-S951_X_K,E_ITSP2,PC_ENT_CUSE,LV,2017,29.82,,
ESTAT:ISOC_SKE_ITSPE(1.0),10/02/25 23:00:00,A,50-249,C10-S951_X_K,E_ITSP2,PC_ENT_CUSE,LV,2018,34.67,,
ESTAT:ISOC_SKE_ITSPE(1.0),10/02/25 23:00:00,A,50-249,C10-S951_X_K,E_ITSP2,PC_ENT_CUSE,LV,2019,35.09,,
ESTAT:ISOC_SKE_ITSPE(1.0),10/02/25 23:00:00,A,50-249,C10-S951_X_K,E_ITSP2,PC_ENT_CUSE,ME,2016,53.78,,
ESTAT:ISOC_SKE_ITSPE(1.0),10/02/25 23:00:00,A,50-249,C10-S951_X_K,E_ITSP2,PC_ENT_CUSE,ME,2017,37.37,,
ESTAT:ISOC_SKE_ITSPE(1.0),10/02/25 23:00:00,A,50-249,C10-S951_X_K,E_ITSP2,PC_ENT_CUSE,ME,2018,48.63,,
ESTAT:ISOC_SKE_ITSPE(1.0),10/02/25 23:00:00,A,50-249,C10-S951_X_K,E_ITSP2,PC_ENT_CUSE,ME,2019,45.61,,
ESTAT:ISOC_SKE_ITSPE(1.0),10/02/25 23:00:00,A,50-249,C10-S951_X_K,E_ITSP2,PC_ENT_CUSE,MK,2012,29.20,,
ESTAT:ISOC_SKE_ITSPE(1.0),10/02/25 23:00:00,A,50-249,C10-S951_X_K,E_ITSP2,PC_ENT_CUSE,MK,2014,26.79,,
ESTAT:ISOC_SKE_ITSPE(1.0),10/02/25 23:00:00,A,50-249,C10-S951_X_K,E_ITSP2,PC_ENT_CUSE,MK,2015,25.11,,
ESTAT:ISOC_SKE_ITSPE(1.0),10/02/25 23:00:00,A,50-249,C10-S951_X_K,E_ITSP2,PC_ENT_CUSE,MK,2016,26.60,,
ESTAT:ISOC_SKE_ITSPE(1.0),10/02/25 23:00:00,A,50-249,C10-S951_X_K,E_ITSP2,PC_ENT_CUSE,MT,2012,44.83,,
ESTAT:ISOC_SKE_ITSPE(1.0),10/02/25 23:00:00,A,50-249,C10-S951_X_K,E_ITSP2,PC_ENT_CUSE,MT,2014,45.05,,
ESTAT:ISOC_SKE_ITSPE(1.0),10/02/25 23:00:00,A,50-249,C10-S951_X_K,E_ITSP2,PC_ENT_CUSE,MT,2015,43.44,,
ESTAT:ISOC_SKE_ITSPE(1.0),10/02/25 23:00:00,A,50-249,C10-S951_X_K,E_ITSP2,PC_ENT_CUSE,MT,2016,47.31,,
ESTAT:ISOC_SKE_ITSPE(1.0),10/02/25 23:00:00,A,50-249,C10-S951_X_K,E_ITSP2,PC_ENT_CUSE,MT,2017,46.24,,
ESTAT:ISOC_SKE_ITSPE(1.0),10/02/25 23:00:00,A,50-249,C10-S951_X_K,E_ITSP2,PC_ENT_CUSE,MT,2018,48.36,,
ESTAT:ISOC_SKE_ITSPE(1.0),10/02/25 23:00:00,A,50-249,C10-S951_X_K,E_ITSP2,PC_ENT_CUSE,MT,2019,49.61,,
ESTAT:ISOC_SKE_ITSPE(1.0),10/02/25 23:00:00,A,50-249,C10-S951_X_K,E_ITSP2,PC_ENT_CUSE,NL,2012,53.82,,
ESTAT:ISOC_SKE_ITSPE(1.0),10/02/25 23:00:00,A,50-249,C10-S951_X_K,E_ITSP2,PC_ENT_CUSE,NL,2014,55.19,,
ESTAT:ISOC_SKE_ITSPE(1.0),10/02/25 23:00:00,A,50-249,C10-S951_X_K,E_ITSP2,PC_ENT_CUSE,NL,2015,55.80,,
ESTAT:ISOC_SKE_ITSPE(1.0),10/02/25 23:00:00,A,50-249,C10-S951_X_K,E_ITSP2,PC_ENT_CUSE,NL,2016,53.00,,
ESTAT:ISOC_SKE_ITSPE(1.0),10/02/25 23:00:00,A,50-249,C10-S951_X_K,E_ITSP2,PC_ENT_CUSE,NL,2017,52.46,,
ESTAT:ISOC_SKE_ITSPE(1.0),10/02/25 23:00:00,A,50-249,C10-S951_X_K,E_ITSP2,PC_ENT_CUSE,NL,2018,52.67,,
ESTAT:ISOC_SKE_ITSPE(1.0),10/02/25 23:00:00,A,50-249,C10-S951_X_K,E_ITSP2,PC_ENT_CUSE,NL,2019,49.91,,
ESTAT:ISOC_SKE_ITSPE(1.0),10/02/25 23:00:00,A,50-249,C10-S951_X_K,E_ITSP2,PC_ENT_CUSE,NO,2012,59.96,,
ESTAT:ISOC_SKE_ITSPE(1.0),10/02/25 23:00:00,A,50-249,C10-S951_X_K,E_ITSP2,PC_ENT_CUSE,NO,2014,38.84,,
ESTAT:ISOC_SKE_ITSPE(1.0),10/02/25 23:00:00,A,50-249,C10-S951_X_K,E_ITSP2,PC_ENT_CUSE,NO,2015,38.70,,
ESTAT:ISOC_SKE_ITSPE(1.0),10/02/25 23:00:00,A,50-249,C10-S951_X_K,E_ITSP2,PC_ENT_CUSE,NO,2016,41.05,,
ESTAT:ISOC_SKE_ITSPE(1.0),10/02/25 23:00:00,A,50-249,C10-S951_X_K,E_ITSP2,PC_ENT_CUSE,NO,2017,41.15,,
ESTAT:ISOC_SKE_ITSPE(1.0),10/02/25 23:00:00,A,50-249,C10-S951_X_K,E_ITSP2,PC_ENT_CUSE,NO,2018,42.08,,
ESTAT:ISOC_SKE_ITSPE(1.0),10/02/25 23:00:00,A,50-249,C10-S951_X_K,E_ITSP2,PC_ENT_CUSE,NO,2019,40.56,,
ESTAT:ISOC_SKE_ITSPE(1.0),10/02/25 23:00:00,A,50-249,C10-S951_X_K,E_ITSP2,PC_ENT_CUSE,PL,2012,31.86,,
ESTAT:ISOC_SKE_ITSPE(1.0),10/02/25 23:00:00,A,50-249,C10-S951_X_K,E_ITSP2,PC_ENT_CUSE,PL,2014,25.66,,
ESTAT:ISOC_SKE_ITSPE(1.0),10/02/25 23:00:00,A,50-249,C10-S951_X_K,E_ITSP2,PC_ENT_CUSE,PL,2015,30.72,,
ESTAT:ISOC_SKE_ITSPE(1.0),10/02/25 23:00:00,A,50-249,C10-S951_X_K,E_ITSP2,PC_ENT_CUSE,PL,2016,28.10,,
ESTAT:ISOC_SKE_ITSPE(1.0),10/02/25 23:00:00,A,50-249,C10-S951_X_K,E_ITSP2,PC_ENT_CUSE,PL,2017,29.20,,
ESTAT:ISOC_SKE_ITSPE(1.0),10/02/25 23:00:00,A,50-249,C10-S951_X_K,E_ITSP2,PC_ENT_CUSE,PL,2018,30.00,,
ESTAT:ISOC_SKE_ITSPE(1.0),10/02/25 23:00:00,A,50-249,C10-S951_X_K,E_ITSP2,PC_ENT_CUSE,PL,2019,40.39,,
ESTAT:ISOC_SKE_ITSPE(1.0),10/02/25 23:00:00,A,50-249,C10-S951_X_K,E_ITSP2,PC_ENT_CUSE,PT,2012,50.16,,
ESTAT:ISOC_SKE_ITSPE(1.0),10/02/25 23:00:00,A,50-249,C10-S951_X_K,E_ITSP2,PC_ENT_CUSE,PT,2014,49.20,,
ESTAT:ISOC_SKE_ITSPE(1.0),10/02/25 23:00:00,A,50-249,C10-S951_X_K,E_ITSP2,PC_ENT_CUSE,PT,2015,45.35,,
ESTAT:ISOC_SKE_ITSPE(1.0),10/02/25 23:00:00,A,50-249,C10-S951_X_K,E_ITSP2,PC_ENT_CUSE,PT,2016,41.08,,
ESTAT:ISOC_SKE_ITSPE(1.0),10/02/25 23:00:00,A,50-249,C10-S951_X_K,E_ITSP2,PC_ENT_CUSE,PT,2017,49.73,,
ESTAT:ISOC_SKE_ITSPE(1.0),10/02/25 23:00:00,A,50-249,C10-S951_X_K,E_ITSP2,PC_ENT_CUSE,PT,2018,44.58,,
ESTAT:ISOC_SKE_ITSPE(1.0),10/02/25 23:00:00,A,50-249,C10-S951_X_K,E_ITSP2,PC_ENT_CUSE,PT,2019,,u,
ESTAT:ISOC_SKE_ITSPE(1.0),10/02/25 23:00:00,A,50-249,C10-S951_X_K,E_ITSP2,PC_ENT_CUSE,RO,2012,5.60,,
ESTAT:ISOC_SKE_ITSPE(1.0),10/02/25 23:00:00,A,50-249,C10-S951_X_K,E_ITSP2,PC_ENT_CUSE,RO,2014,20.95,,
ESTAT:ISOC_SKE_ITSPE(1.0),10/02/25 23:00:00,A,50-249,C10-S951_X_K,E_ITSP2,PC_ENT_CUSE,RO,2015,20.64,,
ESTAT:ISOC_SKE_ITSPE(1.0),10/02/25 23:00:00,A,50-249,C10-S951_X_K,E_ITSP2,PC_ENT_CUSE,RO,2016,19.69,,
ESTAT:ISOC_SKE_ITSPE(1.0),10/02/25 23:00:00,A,50-249,C10-S951_X_K,E_ITSP2,PC_ENT_CUSE,RO,2017,17.51,,
ESTAT:ISOC_SKE_ITSPE(1.0),10/02/25 23:00:00,A,50-249,C10-S951_X_K,E_ITSP2,PC_ENT_CUSE,RO,2018,17.13,,
ESTAT:ISOC_SKE_ITSPE(1.0),10/02/25 23:00:00,A,50-249,C10-S951_X_K,E_ITSP2,PC_ENT_CUSE,RO,2019,18.99,,
ESTAT:ISOC_SKE_ITSPE(1.0),10/02/25 23:00:00,A,50-249,C10-S951_X_K,E_ITSP2,PC_ENT_CUSE,RS,2014,37.18,,
ESTAT:ISOC_SKE_ITSPE(1.0),10/02/25 23:00:00,A,50-249,C10-S951_X_K,E_ITSP2,PC_ENT_CUSE,RS,2017,41.73,,
ESTAT:ISOC_SKE_ITSPE(1.0),10/02/25 23:00:00,A,50-249,C10-S951_X_K,E_ITSP2,PC_ENT_CUSE,RS,2018,35.10,,
ESTAT:ISOC_SKE_ITSPE(1.0),10/02/25 23:00:00,A,50-249,C10-S951_X_K,E_ITSP2,PC_ENT_CUSE,RS,2019,38.81,,
ESTAT:ISOC_SKE_ITSPE(1.0),10/02/25 23:00:00,A,50-249,C10-S951_X_K,E_ITSP2,PC_ENT_CUSE,SE,2012,46.37,,
ESTAT:ISOC_SKE_ITSPE(1.0),10/02/25 23:00:00,A,50-249,C10-S951_X_K,E_ITSP2,PC_ENT_CUSE,SE,2014,47.04,,
ESTAT:ISOC_SKE_ITSPE(1.0),10/02/25 23:00:00,A,50-249,C10-S951_X_K,E_ITSP2,PC_ENT_CUSE,SE,2015,46.09,,
ESTAT:ISOC_SKE_ITSPE(1.0),10/02/25 23:00:00,A,50-249,C10-S951_X_K,E_ITSP2,PC_ENT_CUSE,SE,2016,42.43,,
ESTAT:ISOC_SKE_ITSPE(1.0),10/02/25 23:00:00,A,50-249,C10-S951_X_K,E_ITSP2,PC_ENT_CUSE,SE,2017,46.79,,
ESTAT:ISOC_SKE_ITSPE(1.0),10/02/25 23:00:00,A,50-249,C10-S951_X_K,E_ITSP2,PC_ENT_CUSE,SE,2018,41.14,,
ESTAT:ISOC_SKE_ITSPE(1.0),10/02/25 23:00:00,A,50-249,C10-S951_X_K,E_ITSP2,PC_ENT_CUSE,SE,2019,43.75,,
ESTAT:ISOC_SKE_ITSPE(1.0),10/02/25 23:00:00,A,50-249,C10-S951_X_K,E_ITSP2,PC_ENT_CUSE,SI,2012,42.57,,
ESTAT:ISOC_SKE_ITSPE(1.0),10/02/25 23:00:00,A,50-249,C10-S951_X_K,E_ITSP2,PC_ENT_CUSE,SI,2014,39.27,,
ESTAT:ISOC_SKE_ITSPE(1.0),10/02/25 23:00:00,A,50-249,C10-S951_X_K,E_ITSP2,PC_ENT_CUSE,SI,2015,38.24,,
ESTAT:ISOC_SKE_ITSPE(1.0),10/02/25 23:00:00,A,50-249,C10-S951_X_K,E_ITSP2,PC_ENT_CUSE,SI,2016,42.80,,
ESTAT:ISOC_SKE_ITSPE(1.0),10/02/25 23:00:00,A,50-249,C10-S951_X_K,E_ITSP2,PC_ENT_CUSE,SI,2017,40.17,,
ESTAT:ISOC_SKE_ITSPE(1.0),10/02/25 23:00:00,A,50-249,C10-S951_X_K,E_ITSP2,PC_ENT_CUSE,SI,2018,42.15,,
ESTAT:ISOC_SKE_ITSPE(1.0),10/02/25 23:00:00,A,50-249,C10-S951_X_K,E_ITSP2,PC_ENT_CUSE,SI,2019,39.77,,
ESTAT:ISOC_SKE_ITSPE(1.0),10/02/25 23:00:00,A,50-249,C10-S951_X_K,E_ITSP2,PC_ENT_CUSE,SK,2012,41.80,,
ESTAT:ISOC_SKE_ITSPE(1.0),10/02/25 23:00:00,A,50-249,C10-S951_X_K,E_ITSP2,PC_ENT_CUSE,SK,2014,37.58,,
ESTAT:ISOC_SKE_ITSPE(1.0),10/02/25 23:00:00,A,50-249,C10-S951_X_K,E_ITSP2,PC_ENT_CUSE,SK,2015,41.00,,
ESTAT:ISOC_SKE_ITSPE(1.0),10/02/25 23:00:00,A,50-249,C10-S951_X_K,E_ITSP2,PC_ENT_CUSE,SK,2016,40.90,,
ESTAT:ISOC_SKE_ITSPE(1.0),10/02/25 23:00:00,A,50-249,C10-S951_X_K,E_ITSP2,PC_ENT_CUSE,SK,2017,38.33,,
ESTAT:ISOC_SKE_ITSPE(1.0),10/02/25 23:00:00,A,50-249,C10-S951_X_K,E_ITSP2,PC_ENT_CUSE,SK,2018,36.05,,
ESTAT:ISOC_SKE_ITSPE(1.0),10/02/25 23:00:00,A,50-249,C10-S951_X_K,E_ITSP2,PC_ENT_CUSE,SK,2019,36.53,,
ESTAT:ISOC_SKE_ITSPE(1.0),10/02/25 23:00:00,A,50-249,C10-S951_X_K,E_ITSP2,PC_ENT_CUSE,TR,2015,,u,
ESTAT:ISOC_SKE_ITSPE(1.0),10/02/25 23:00:00,A,50-249,C10-S951_X_K,E_ITSP2,PC_ENT_CUSE,TR,2018,24.54,,
ESTAT:ISOC_SKE_ITSPE(1.0),10/02/25 23:00:00,A,50-249,C10-S951_X_K,E_ITSP2,PC_ENT_CUSE,TR,2019,26.53,,
ESTAT:ISOC_SKE_ITSPE(1.0),10/02/25 23:00:00,A,50-249,C10-S951_X_K,E_ITSP2,PC_ENT_CUSE,UK,2012,55.75,,
ESTAT:ISOC_SKE_ITSPE(1.0),10/02/25 23:00:00,A,50-249,C10-S951_X_K,E_ITSP2,PC_ENT_CUSE,UK,2014,46.33,,
ESTAT:ISOC_SKE_ITSPE(1.0),10/02/25 23:00:00,A,50-249,C10-S951_X_K,E_ITSP2,PC_ENT_CUSE,UK,2015,48.99,,
ESTAT:ISOC_SKE_ITSPE(1.0),10/02/25 23:00:00,A,50-249,C10-S951_X_K,E_ITSP2,PC_ENT_CUSE,UK,2016,48.64,,
ESTAT:ISOC_SKE_ITSPE(1.0),10/02/25 23:00:00,A,50-249,C10-S951_X_K,E_ITSP2,PC_ENT_CUSE,UK,2017,48.07,,
ESTAT:ISOC_SKE_ITSPE(1.0),10/02/25 23:00:00,A,50-249,C10-S951_X_K,E_ITSP2,PC_ENT_CUSE,UK,2018,48.42,,
ESTAT:ISOC_SKE_ITSPE(1.0),10/02/25 23:00:00,A,50-249,C10-S951_X_K,E_ITSP2,PC_ENT_CUSE,UK,2019,50.97,,
ESTAT:ISOC_SKE_ITSPE(1.0),10/02/25 23:00:00,A,GE10,C10-S951_X_K,E_ITSP2,PC_ENT,AL,2022,26.08,b,
ESTAT:ISOC_SKE_ITSPE(1.0),10/02/25 23:00:00,A,GE10,C10-S951_X_K,E_ITSP2,PC_ENT,AT,2012,31.45,,
ESTAT:ISOC_SKE_ITSPE(1.0),10/02/25 23:00:00,A,GE10,C10-S951_X_K,E_ITSP2,PC_ENT,AT,2014,23.63,,
ESTAT:ISOC_SKE_ITSPE(1.0),10/02/25 23:00:00,A,GE10,C10-S951_X_K,E_ITSP2,PC_ENT,AT,2015,23.87,,
ESTAT:ISOC_SKE_ITSPE(1.0),10/02/25 23:00:00,A,GE10,C10-S951_X_K,E_ITSP2,PC_ENT,AT,2016,24.81,,
ESTAT:ISOC_SKE_ITSPE(1.0),10/02/25 23:00:00,A,GE10,C10-S951_X_K,E_ITSP2,PC_ENT,AT,2017,23.26,,
ESTAT:ISOC_SKE_ITSPE(1.0),10/02/25 23:00:00,A,GE10,C10-S951_X_K,E_ITSP2,PC_ENT,AT,2018,20.19,,
ESTAT:ISOC_SKE_ITSPE(1.0),10/02/25 23:00:00,A,GE10,C10-S951_X_K,E_ITSP2,PC_ENT,AT,2019,19.80,,
ESTAT:ISOC_SKE_ITSPE(1.0),10/02/25 23:00:00,A,GE10,C10-S951_X_K,E_ITSP2,PC_ENT,AT,2020,19.55,,
ESTAT:ISOC_SKE_ITSPE(1.0),10/02/25 23:00:00,A,GE10,C10-S951_X_K,E_ITSP2,PC_ENT,AT,2022,23.20,,
ESTAT:ISOC_SKE_ITSPE(1.0),10/02/25 23:00:00,A,GE10,C10-S951_X_K,E_ITSP2,PC_ENT,AT,2024,19.91,,
ESTAT:ISOC_SKE_ITSPE(1.0),10/02/25 23:00:00,A,GE10,C10-S951_X_K,E_ITSP2,PC_ENT,BA,2018,17.39,,
ESTAT:ISOC_SKE_ITSPE(1.0),10/02/25 23:00:00,A,GE10,C10-S951_X_K,E_ITSP2,PC_ENT,BA,2019,17.10,,
ESTAT:ISOC_SKE_ITSPE(1.0),10/02/25 23:00:00,A,GE10,C10-S951_X_K,E_ITSP2,PC_ENT,BA,2020,15.22,,
ESTAT:ISOC_SKE_ITSPE(1.0),10/02/25 23:00:00,A,GE10,C10-S951_X_K,E_ITSP2,PC_ENT,BA,2022,13.38,,
ESTAT:ISOC_SKE_ITSPE(1.0),10/02/25 23:00:00,A,GE10,C10-S951_X_K,E_ITSP2,PC_ENT,BA,2024,18.53,,
ESTAT:ISOC_SKE_ITSPE(1.0),10/02/25 23:00:00,A,GE10,C10-S951_X_K,E_ITSP2,PC_ENT,BE,2012,27.88,,
ESTAT:ISOC_SKE_ITSPE(1.0),10/02/25 23:00:00,A,GE10,C10-S951_X_K,E_ITSP2,PC_ENT,BE,2014,26.15,,
ESTAT:ISOC_SKE_ITSPE(1.0),10/02/25 23:00:00,A,GE10,C10-S951_X_K,E_ITSP2,PC_ENT,BE,2015,28.25,,
ESTAT:ISOC_SKE_ITSPE(1.0),10/02/25 23:00:00,A,GE10,C10-S951_X_K,E_ITSP2,PC_ENT,BE,2016,25.70,,
ESTAT:ISOC_SKE_ITSPE(1.0),10/02/25 23:00:00,A,GE10,C10-S951_X_K,E_ITSP2,PC_ENT,BE,2017,29.40,,
ESTAT:ISOC_SKE_ITSPE(1.0),10/02/25 23:00:00,A,GE10,C10-S951_X_K,E_ITSP2,PC_ENT,BE,2018,28.23,,
ESTAT:ISOC_SKE_ITSPE(1.0),10/02/25 23:00:00,A,GE10,C10-S951_X_K,E_ITSP2,PC_ENT,BE,2019,27.96,,
ESTAT:ISOC_SKE_ITSPE(1.0),10/02/25 23:00:00,A,GE10,C10-S951_X_K,E_ITSP2,PC_ENT,BE,2020,30.26,,
ESTAT:ISOC_SKE_ITSPE(1.0),10/02/25 23:00:00,A,GE10,C10-S951_X_K,E_ITSP2,PC_ENT,BE,2022,32.70,,
ESTAT:ISOC_SKE_ITSPE(1.0),10/02/25 23:00:00,A,GE10,C10-S951_X_K,E_ITSP2,PC_ENT,BE,2024,29.11,,
ESTAT:ISOC_SKE_ITSPE(1.0),10/02/25 23:00:00,A,GE10,C10-S951_X_K,E_ITSP2,PC_ENT,BG,2012,13.32,,
ESTAT:ISOC_SKE_ITSPE(1.0),10/02/25 23:00:00,A,GE10,C10-S951_X_K,E_ITSP2,PC_ENT,BG,2014,21.00,,
ESTAT:ISOC_SKE_ITSPE(1.0),10/02/25 23:00:00,A,GE10,C10-S951_X_K,E_ITSP2,PC_ENT,BG,2015,20.45,,
ESTAT:ISOC_SKE_ITSPE(1.0),10/02/25 23:00:00,A,GE10,C10-S951_X_K,E_ITSP2,PC_ENT,BG,2016,19.86,,
ESTAT:ISOC_SKE_ITSPE(1.0),10/02/25 23:00:00,A,GE10,C10-S951_X_K,E_ITSP2,PC_ENT,BG,2017,19.21,,
ESTAT:ISOC_SKE_ITSPE(1.0),10/02/25 23:00:00,A,GE10,C10-S951_X_K,E_ITSP2,PC_ENT,BG,2018,19.75,,
ESTAT:ISOC_SKE_ITSPE(1.0),10/02/25 23:00:00,A,GE10,C10-S951_X_K,E_ITSP2,PC_ENT,BG,2019,20.08,,
ESTAT:ISOC_SKE_ITSPE(1.0),10/02/25 23:00:00,A,GE10,C10-S951_X_K,E_ITSP2,PC_ENT,BG,2020,15.95,,
ESTAT:ISOC_SKE_ITSPE(1.0),10/02/25 23:00:00,A,GE10,C10-S951_X_K,E_ITSP2,PC_ENT,BG,2022,15.90,,
ESTAT:ISOC_SKE_ITSPE(1.0),10/02/25 23:00:00,A,GE10,C10-S951_X_K,E_ITSP2,PC_ENT,BG,2024,17.81,,
ESTAT:ISOC_SKE_ITSPE(1.0),10/02/25 23:00:00,A,GE10,C10-S951_X_K,E_ITSP2,PC_ENT,CY,2012,24.27,,
ESTAT:ISOC_SKE_ITSPE(1.0),10/02/25 23:00:00,A,GE10,C10-S951_X_K,E_ITSP2,PC_ENT,CY,2014,24.80,,
ESTAT:ISOC_SKE_ITSPE(1.0),10/02/25 23:00:00,A,GE10,C10-S951_X_K,E_ITSP2,PC_ENT,CY,2015,26.20,,
ESTAT:ISOC_SKE_ITSPE(1.0),10/02/25 23:00:00,A,GE10,C10-S951_X_K,E_ITSP2,PC_ENT,CY,2016,24.60,,
ESTAT:ISOC_SKE_ITSPE(1.0),10/02/25 23:00:00,A,GE10,C10-S951_X_K,E_ITSP2,PC_ENT,CY,2017,24.79,,
ESTAT:ISOC_SKE_ITSPE(1.0),10/02/25 23:00:00,A,GE10,C10-S951_X_K,E_ITSP2,PC_ENT,CY,2018,22.83,,
ESTAT:ISOC_SKE_ITSPE(1.0),10/02/25 23:00:00,A,GE10,C10-S951_X_K,E_ITSP2,PC_ENT,CY,2019,23.13,,
ESTAT:ISOC_SKE_ITSPE(1.0),10/02/25 23:00:00,A,GE10,C10-S951_X_K,E_ITSP2,PC_ENT,CY,2020,24.92,,
ESTAT:ISOC_SKE_ITSPE(1.0),10/02/25 23:00:00,A,GE10,C10-S951_X_K,E_ITSP2,PC_ENT,CY,2022,24.54,,
ESTAT:ISOC_SKE_ITSPE(1.0),10/02/25 23:00:00,A,GE10,C10-S951_X_K,E_ITSP2,PC_ENT,CY,2024,27.48,,
ESTAT:ISOC_SKE_ITSPE(1.0),10/02/25 23:00:00,A,GE10,C10-S951_X_K,E_ITSP2,PC_ENT,CZ,2012,29.20,,
ESTAT:ISOC_SKE_ITSPE(1.0),10/02/25 23:00:00,A,GE10,C10-S951_X_K,E_ITSP2,PC_ENT,CZ,2014,20.51,,
ESTAT:ISOC_SKE_ITSPE(1.0),10/02/25 23:00:00,A,GE10,C10-S951_X_K,E_ITSP2,PC_ENT,CZ,2015,19.30,,
ESTAT:ISOC_SKE_ITSPE(1.0),10/02/25 23:00:00,A,GE10,C10-S951_X_K,E_ITSP2,PC_ENT,CZ,2016,19.41,,
ESTAT:ISOC_SKE_ITSPE(1.0),10/02/25 23:00:00,A,GE10,C10-S951_X_K,E_ITSP2,PC_ENT,CZ,2017,20.51,,
ESTAT:ISOC_SKE_ITSPE(1.0),10/02/25 23:00:00,A,GE10,C10-S951_X_K,E_ITSP2,PC_ENT,CZ,2018,19.47,,
ESTAT:ISOC_SKE_ITSPE(1.0),10/02/25 23:00:00,A,GE10,C10-S951_X_K,E_ITSP2,PC_ENT,CZ,2019,20.45,,
ESTAT:ISOC_SKE_ITSPE(1.0),10/02/25 23:00:00,A,GE10,C10-S951_X_K,E_ITSP2,PC_ENT,CZ,2020,18.46,,
ESTAT:ISOC_SKE_ITSPE(1.0),10/02/25 23:00:00,A,GE10,C10-S951_X_K,E_ITSP2,PC_ENT,CZ,2022,19.60,,
ESTAT:ISOC_SKE_ITSPE(1.0),10/02/25 23:00:00,A,GE10,C10-S951_X_K,E_ITSP2,PC_ENT,CZ,2024,20.20,,
ESTAT:ISOC_SKE_ITSPE(1.0),10/02/25 23:00:00,A,GE10,C10-S951_X_K,E_ITSP2,PC_ENT,DE,2012,21.28,,
ESTAT:ISOC_SKE_ITSPE(1.0),10/02/25 23:00:00,A,GE10,C10-S951_X_K,E_ITSP2,PC_ENT,DE,2014,22.29,,
ESTAT:ISOC_SKE_ITSPE(1.0),10/02/25 23:00:00,A,GE10,C10-S951_X_K,E_ITSP2,PC_ENT,DE,2015,21.37,,
ESTAT:ISOC_SKE_ITSPE(1.0),10/02/25 23:00:00,A,GE10,C10-S951_X_K,E_ITSP2,PC_ENT,DE,2016,22.23,,
ESTAT:ISOC_SKE_ITSPE(1.0),10/02/25 23:00:00,A,GE10,C10-S951_X_K,E_ITSP2,PC_ENT,DE,2017,18.96,,
ESTAT:ISOC_SKE_ITSPE(1.0),10/02/25 23:00:00,A,GE10,C10-S951_X_K,E_ITSP2,PC_ENT,DE,2018,20.05,,
ESTAT:ISOC_SKE_ITSPE(1.0),10/02/25 23:00:00,A,GE10,C10-S951_X_K,E_ITSP2,PC_ENT,DE,2019,19.05,,
ESTAT:ISOC_SKE_ITSPE(1.0),10/02/25 23:00:00,A,GE10,C10-S951_X_K,E_ITSP2,PC_ENT,DE,2020,19.42,,
ESTAT:ISOC_SKE_ITSPE(1.0),10/02/25 23:00:00,A,GE10,C10-S951_X_K,E_ITSP2,PC_ENT,DE,2022,22.23,,
ESTAT:ISOC_SKE_ITSPE(1.0),10/02/25 23:00:00,A,GE10,C10-S951_X_K,E_ITSP2,PC_ENT,DE,2024,22.86,,
ESTAT:ISOC_SKE_ITSPE(1.0),10/02/25 23:00:00,A,GE10,C10-S951_X_K,E_ITSP2,PC_ENT,DK,2012,26.73,,
ESTAT:ISOC_SKE_ITSPE(1.0),10/02/25 23:00:00,A,GE10,C10-S951_X_K,E_ITSP2,PC_ENT,DK,2014,26.78,,
ESTAT:ISOC_SKE_ITSPE(1.0),10/02/25 23:00:00,A,GE10,C10-S951_X_K,E_ITSP2,PC_ENT,DK,2015,24.49,,
ESTAT:ISOC_SKE_ITSPE(1.0),10/02/25 23:00:00,A,GE10,C10-S951_X_K,E_ITSP2,PC_ENT,DK,2016,25.50,,
ESTAT:ISOC_SKE_ITSPE(1.0),10/02/25 23:00:00,A,GE10,C10-S951_X_K,E_ITSP2,PC_ENT,DK,2017,24.48,,
ESTAT:ISOC_SKE_ITSPE(1.0),10/02/25 23:00:00,A,GE10,C10-S951_X_K,E_ITSP2,PC_ENT,DK,2018,27.81,,
ESTAT:ISOC_SKE_ITSPE(1.0),10/02/25 23:00:00,A,GE10,C10-S951_X_K,E_ITSP2,PC_ENT,DK,2019,29.56,,
ESTAT:ISOC_SKE_ITSPE(1.0),10/02/25 23:00:00,A,GE10,C10-S951_X_K,E_ITSP2,PC_ENT,DK,2020,28.94,,
ESTAT:ISOC_SKE_ITSPE(1.0),10/02/25 23:00:00,A,GE10,C10-S951_X_K,E_ITSP2,PC_ENT,DK,2022,34.17,,
ESTAT:ISOC_SKE_ITSPE(1.0),10/02/25 23:00:00,A,GE10,C10-S951_X_K,E_ITSP2,PC_ENT,DK,2024,30.94,,
ESTAT:ISOC_SKE_ITSPE(1.0),10/02/25 23:00:00,A,GE10,C10-S951_X_K,E_ITSP2,PC_ENT,EA,2012,20.52,,
ESTAT:ISOC_SKE_ITSPE(1.0),10/02/25 23:00:00,A,GE10,C10-S951_X_K,E_ITSP2,PC_ENT,EA,2014,20.19,,
ESTAT:ISOC_SKE_ITSPE(1.0),10/02/25 23:00:00,A,GE10,C10-S951_X_K,E_ITSP2,PC_ENT,EA,2015,20.74,,
ESTAT:ISOC_SKE_ITSPE(1.0),10/02/25 23:00:00,A,GE10,C10-S951_X_K,E_ITSP2,PC_ENT,EA,2016,20.93,,
ESTAT:ISOC_SKE_ITSPE(1.0),10/02/25 23:00:00,A,GE10,C10-S951_X_K,E_ITSP2,PC_ENT,EA,2017,19.57,,
ESTAT:ISOC_SKE_ITSPE(1.0),10/02/25 23:00:00,A,GE10,C10-S951_X_K,E_ITSP2,PC_ENT,EA,2018,19.38,,
ESTAT:ISOC_SKE_ITSPE(1.0),10/02/25 23:00:00,A,GE10,C10-S951_X_K,E_ITSP2,PC_ENT,EA,2019,18.96,,
ESTAT:ISOC_SKE_ITSPE(1.0),10/02/25 23:00:00,A,GE10,C10-S951_X_K,E_ITSP2,PC_ENT,EA,2020,18.52,,
ESTAT:ISOC_SKE_ITSPE(1.0),10/02/25 23:00:00,A,GE10,C10-S951_X_K,E_ITSP2,PC_ENT,EA,2022,20.12,,
ESTAT:ISOC_SKE_ITSPE(1.0),10/02/25 23:00:00,A,GE10,C10-S951_X_K,E_ITSP2,PC_ENT,EA,2024,19.36,,
ESTAT:ISOC_SKE_ITSPE(1.0),10/02/25 23:00:00,A,GE10,C10-S951_X_K,E_ITSP2,PC_ENT,EE,2012,17.71,,
ESTAT:ISOC_SKE_ITSPE(1.0),10/02/25 23:00:00,A,GE10,C10-S951_X_K,E_ITSP2,PC_ENT,EE,2014,15.38,,
ESTAT:ISOC_SKE_ITSPE(1.0),10/02/25 23:00:00,A,GE10,C10-S951_X_K,E_ITSP2,PC_ENT,EE,2015,14.64,,
ESTAT:ISOC_SKE_ITSPE(1.0),10/02/25 23:00:00,A,GE10,C10-S951_X_K,E_ITSP2,PC_ENT,EE,2016,14.74,,
ESTAT:ISOC_SKE_ITSPE(1.0),10/02/25 23:00:00,A,GE10,C10-S951_X_K,E_ITSP2,PC_ENT,EE,2017,14.98,,
ESTAT:ISOC_SKE_ITSPE(1.0),10/02/25 23:00:00,A,GE10,C10-S951_X_K,E_ITSP2,PC_ENT,EE,2018,13.44,,
ESTAT:ISOC_SKE_ITSPE(1.0),10/02/25 23:00:00,A,GE10,C10-S951_X_K,E_ITSP2,PC_ENT,EE,2019,14.81,,
ESTAT:ISOC_SKE_ITSPE(1.0),10/02/25 23:00:00,A,GE10,C10-S951_X_K,E_ITSP2,PC_ENT,EE,2020,16.72,,
ESTAT:ISOC_SKE_ITSPE(1.0),10/02/25 23:00:00,A,GE10,C10-S951_X_K,E_ITSP2,PC_ENT,EE,2022,17.18,,
ESTAT:ISOC_SKE_ITSPE(1.0),10/02/25 23:00:00,A,GE10,C10-S951_X_K,E_ITSP2,PC_ENT,EE,2024,19.22,,
ESTAT:ISOC_SKE_ITSPE(1.0),10/02/25 23:00:00,A,GE10,C10-S951_X_K,E_ITSP2,PC_ENT,EL,2012,34.73,,
ESTAT:ISOC_SKE_ITSPE(1.0),10/02/25 23:00:00,A,GE10,C10-S951_X_K,E_ITSP2,PC_ENT,EL,2014,24.27,,
ESTAT:ISOC_SKE_ITSPE(1.0),10/02/25 23:00:00,A,GE10,C10-S951_X_K,E_ITSP2,PC_ENT,EL,2015,26.39,,
ESTAT:ISOC_SKE_ITSPE(1.0),10/02/25 23:00:00,A,GE10,C10-S951_X_K,E_ITSP2,PC_ENT,EL,2016,29.65,,
ESTAT:ISOC_SKE_ITSPE(1.0),10/02/25 23:00:00,A,GE10,C10-S951_X_K,E_ITSP2,PC_ENT,EL,2017,20.46,,
ESTAT:ISOC_SKE_ITSPE(1.0),10/02/25 23:00:00,A,GE10,C10-S951_X_K,E_ITSP2,PC_ENT,EL,2018,21.97,,
ESTAT:ISOC_SKE_ITSPE(1.0),10/02/25 23:00:00,A,GE10,C10-S951_X_K,E_ITSP2,PC_ENT,EL,2019,21.64,,
ESTAT:ISOC_SKE_ITSPE(1.0),10/02/25 23:00:00,A,GE10,C10-S951_X_K,E_ITSP2,PC_ENT,EL,2020,19.11,,
ESTAT:ISOC_SKE_ITSPE(1.0),10/02/25 23:00:00,A,GE10,C10-S951_X_K,E_ITSP2,PC_ENT,EL,2022,20.48,,
ESTAT:ISOC_SKE_ITSPE(1.0),10/02/25 23:00:00,A,GE10,C10-S951_X_K,E_ITSP2,PC_ENT,EL,2024,22.53,,
ESTAT:ISOC_SKE_ITSPE(1.0),10/02/25 23:00:00,A,GE10,C10-S951_X_K,E_ITSP2,PC_ENT,ES,2012,22.43,,
ESTAT:ISOC_SKE_ITSPE(1.0),10/02/25 23:00:00,A,GE10,C10-S951_X_K,E_ITSP2,PC_ENT,ES,2014,24.54,,
ESTAT:ISOC_SKE_ITSPE(1.0),10/02/25 23:00:00,A,GE10,C10-S951_X_K,E_ITSP2,PC_ENT,ES,2015,25.27,,
ESTAT:ISOC_SKE_ITSPE(1.0),10/02/25 23:00:00,A,GE10,C10-S951_X_K,E_ITSP2,PC_ENT,ES,2016,25.17,,
ESTAT:ISOC_SKE_ITSPE(1.0),10/02/25 23:00:00,A,GE10,C10-S951_X_K,E_ITSP2,PC_ENT,ES,2017,21.00,,
ESTAT:ISOC_SKE_ITSPE(1.0),10/02/25 23:00:00,A,GE10,C10-S951_X_K,E_ITSP2,PC_ENT,ES,2018,18.04,,
ESTAT:ISOC_SKE_ITSPE(1.0),10/02/25 23:00:00,A,GE10,C10-S951_X_K,E_ITSP2,PC_ENT,ES,2019,16.69,,
ESTAT:ISOC_SKE_ITSPE(1.0),10/02/25 23:00:00,A,GE10,C10-S951_X_K,E_ITSP2,PC_ENT,ES,2020,16.96,,
ESTAT:ISOC_SKE_ITSPE(1.0),10/02/25 23:00:00,A,GE10,C10-S951_X_K,E_ITSP2,PC_ENT,ES,2022,16.26,,
ESTAT:ISOC_SKE_ITSPE(1.0),10/02/25 23:00:00,A,GE10,C10-S951_X_K,E_ITSP2,PC_ENT,ES,2024,14.57,,
ESTAT:ISOC_SKE_ITSPE(1.0),10/02/25 23:00:00,A,GE10,C10-S951_X_K,E_ITSP2,PC_ENT,EU15,2012,22.00,,
ESTAT:ISOC_SKE_ITSPE(1.0),10/02/25 23:00:00,A,GE10,C10-S951_X_K,E_ITSP2,PC_ENT,EU15,2014,20.94,,
ESTAT:ISOC_SKE_ITSPE(1.0),10/02/25 23:00:00,A,GE10,C10-S951_X_K,E_ITSP2,PC_ENT,EU15,2015,21.10,,
ESTAT:ISOC_SKE_ITSPE(1.0),10/02/25 23:00:00,A,GE10,C10-S951_X_K,E_ITSP2,PC_ENT,EU15,2016,21.41,,
ESTAT:ISOC_SKE_ITSPE(1.0),10/02/25 23:00:00,A,GE10,C10-S951_X_K,E_ITSP2,PC_ENT,EU15,2017,20.13,,
ESTAT:ISOC_SKE_ITSPE(1.0),10/02/25 23:00:00,A,GE10,C10-S951_X_K,E_ITSP2,PC_ENT,EU15,2018,20.34,,
ESTAT:ISOC_SKE_ITSPE(1.0),10/02/25 23:00:00,A,GE10,C10-S951_X_K,E_ITSP2,PC_ENT,EU27_2007,2012,21.11,,
ESTAT:ISOC_SKE_ITSPE(1.0),10/02/25 23:00:00,A,GE10,C10-S951_X_K,E_ITSP2,PC_ENT,EU27_2007,2014,19.90,,
ESTAT:ISOC_SKE_ITSPE(1.0),10/02/25 23:00:00,A,GE10,C10-S951_X_K,E_ITSP2,PC_ENT,EU27_2007,2015,20.14,,
ESTAT:ISOC_SKE_ITSPE(1.0),10/02/25 23:00:00,A,GE10,C10-S951_X_K,E_ITSP2,PC_ENT,EU27_2007,2016,20.44,,
ESTAT:ISOC_SKE_ITSPE(1.0),10/02/25 23:00:00,A,GE10,C10-S951_X_K,E_ITSP2,PC_ENT,EU27_2007,2017,19.38,,
ESTAT:ISOC_SKE_ITSPE(1.0),10/02/25 23:00:00,A,GE10,C10-S951_X_K,E_ITSP2,PC_ENT,EU27_2007,2018,19.61,,
ESTAT:ISOC_SKE_ITSPE(1.0),10/02/25 23:00:00,A,GE10,C10-S951_X_K,E_ITSP2,PC_ENT,EU27_2020,2012,19.91,,
ESTAT:ISOC_SKE_ITSPE(1.0),10/02/25 23:00:00,A,GE10,C10-S951_X_K,E_ITSP2,PC_ENT,EU27_2020,2014,19.27,,
ESTAT:ISOC_SKE_ITSPE(1.0),10/02/25 23:00:00,A,GE10,C10-S951_X_K,E_ITSP2,PC_ENT,EU27_2020,2015,19.84,,
ESTAT:ISOC_SKE_ITSPE(1.0),10/02/25 23:00:00,A,GE10,C10-S951_X_K,E_ITSP2,PC_ENT,EU27_2020,2016,19.96,,
ESTAT:ISOC_SKE_ITSPE(1.0),10/02/25 23:00:00,A,GE10,C10-S951_X_K,E_ITSP2,PC_ENT,EU27_2020,2017,18.97,,
ESTAT:ISOC_SKE_ITSPE(1.0),10/02/25 23:00:00,A,GE10,C10-S951_X_K,E_ITSP2,PC_ENT,EU27_2020,2018,18.92,,
ESTAT:ISOC_SKE_ITSPE(1.0),10/02/25 23:00:00,A,GE10,C10-S951_X_K,E_ITSP2,PC_ENT,EU27_2020,2019,19.32,,
ESTAT:ISOC_SKE_ITSPE(1.0),10/02/25 23:00:00,A,GE10,C10-S951_X_K,E_ITSP2,PC_ENT,EU27_2020,2020,19.27,,
ESTAT:ISOC_SKE_ITSPE(1.0),10/02/25 23:00:00,A,GE10,C10-S951_X_K,E_ITSP2,PC_ENT,EU27_2020,2022,20.99,,
ESTAT:ISOC_SKE_ITSPE(1.0),10/02/25 23:00:00,A,GE10,C10-S951_X_K,E_ITSP2,PC_ENT,EU27_2020,2024,20.05,,
ESTAT:ISOC_SKE_ITSPE(1.0),10/02/25 23:00:00,A,GE10,C10-S951_X_K,E_ITSP2,PC_ENT,EU28,2012,21.11,,
ESTAT:ISOC_SKE_ITSPE(1.0),10/02/25 23:00:00,A,GE10,C10-S951_X_K,E_ITSP2,PC_ENT,EU28,2014,19.90,,
ESTAT:ISOC_SKE_ITSPE(1.0),10/02/25 23:00:00,A,GE10,C10-S951_X_K,E_ITSP2,PC_ENT,EU28,2015,20.16,,
ESTAT:ISOC_SKE_ITSPE(1.0),10/02/25 23:00:00,A,GE10,C10-S951_X_K,E_ITSP2,PC_ENT,EU28,2016,20.42,,
ESTAT:ISOC_SKE_ITSPE(1.0),10/02/25 23:00:00,A,GE10,C10-S951_X_K,E_ITSP2,PC_ENT,EU28,2017,19.38,,
ESTAT:ISOC_SKE_ITSPE(1.0),10/02/25 23:00:00,A,GE10,C10-S951_X_K,E_ITSP2,PC_ENT,EU28,2018,19.61,,
ESTAT:ISOC_SKE_ITSPE(1.0),10/02/25 23:00:00,A,GE10,C10-S951_X_K,E_ITSP2,PC_ENT,EU28,2019,20.31,,
ESTAT:ISOC_SKE_ITSPE(1.0),10/02/25 23:00:00,A,GE10,C10-S951_X_K,E_ITSP2,PC_ENT,FI,2012,32.93,,
ESTAT:ISOC_SKE_ITSPE(1.0),10/02/25 23:00:00,A,GE10,C10-S951_X_K,E_ITSP2,PC_ENT,FI,2014,28.47,,
ESTAT:ISOC_SKE_ITSPE(1.0),10/02/25 23:00:00,A,GE10,C10-S951_X_K,E_ITSP2,PC_ENT,FI,2015,24.97,,
ESTAT:ISOC_SKE_ITSPE(1.0),10/02/25 23:00:00,A,GE10,C10-S951_X_K,E_ITSP2,PC_ENT,FI,2016,24.35,,
ESTAT:ISOC_SKE_ITSPE(1.0),10/02/25 23:00:00,A,GE10,C10-S951_X_K,E_ITSP2,PC_ENT,FI,2017,25.96,,
ESTAT:ISOC_SKE_ITSPE(1.0),10/02/25 23:00:00,A,GE10,C10-S951_X_K,E_ITSP2,PC_ENT,FI,2018,25.68,,
ESTAT:ISOC_SKE_ITSPE(1.0),10/02/25 23:00:00,A,GE10,C10-S951_X_K,E_ITSP2,PC_ENT,FI,2019,25.60,,
ESTAT:ISOC_SKE_ITSPE(1.0),10/02/25 23:00:00,A,GE10,C10-S951_X_K,E_ITSP2,PC_ENT,FI,2020,27.58,,
ESTAT:ISOC_SKE_ITSPE(1.0),10/02/25 23:00:00,A,GE10,C10-S951_X_K,E_ITSP2,PC_ENT,FI,2022,28.86,,
ESTAT:ISOC_SKE_ITSPE(1.0),10/02/25 23:00:00,A,GE10,C10-S951_X_K,E_ITSP2,PC_ENT,FI,2024,30.51,,
ESTAT:ISOC_SKE_ITSPE(1.0),10/02/25 23:00:00,A,GE10,C10-S951_X_K,E_ITSP2,PC_ENT,FR,2012,14.97,,
ESTAT:ISOC_SKE_ITSPE(1.0),10/02/25 23:00:00,A,GE10,C10-S951_X_K,E_ITSP2,PC_ENT,FR,2014,14.70,,
ESTAT:ISOC_SKE_ITSPE(1.0),10/02/25 23:00:00,A,GE10,C10-S951_X_K,E_ITSP2,PC_ENT,FR,2015,16.20,,
ESTAT:ISOC_SKE_ITSPE(1.0),10/02/25 23:00:00,A,GE10,C10-S951_X_K,E_ITSP2,PC_ENT,FR,2016,15.54,,
ESTAT:ISOC_SKE_ITSPE(1.0),10/02/25 23:00:00,A,GE10,C10-S951_X_K,E_ITSP2,PC_ENT,FR,2017,17.22,,
ESTAT:ISOC_SKE_ITSPE(1.0),10/02/25 23:00:00,A,GE10,C10-S951_X_K,E_ITSP2,PC_ENT,FR,2018,17.01,,
ESTAT:ISOC_SKE_ITSPE(1.0),10/02/25 23:00:00,A,GE10,C10-S951_X_K,E_ITSP2,PC_ENT,FR,2019,17.44,,
ESTAT:ISOC_SKE_ITSPE(1.0),10/02/25 23:00:00,A,GE10,C10-S951_X_K,E_ITSP2,PC_ENT,FR,2020,18.01,,
ESTAT:ISOC_SKE_ITSPE(1.0),10/02/25 23:00:00,A,GE10,C10-S951_X_K,E_ITSP2,PC_ENT,FR,2022,17.56,b,
ESTAT:ISOC_SKE_ITSPE(1.0),10/02/25 23:00:00,A,GE10,C10-S951_X_K,E_ITSP2,PC_ENT,FR,2024,15.94,,
ESTAT:ISOC_SKE_ITSPE(1.0),10/02/25 23:00:00,A,GE10,C10-S951_X_K,E_ITSP2,PC_ENT,HR,2012,20.76,,
ESTAT:ISOC_SKE_ITSPE(1.0),10/02/25 23:00:00,A,GE10,C10-S951_X_K,E_ITSP2,PC_ENT,HR,2014,19.85,,
ESTAT:ISOC_SKE_ITSPE(1.0),10/02/25 23:00:00,A,GE10,C10-S951_X_K,E_ITSP2,PC_ENT,HR,2015,22.28,,
ESTAT:ISOC_SKE_ITSPE(1.0),10/02/25 23:00:00,A,GE10,C10-S951_X_K,E_ITSP2,PC_ENT,HR,2016,17.19,,
ESTAT:ISOC_SKE_ITSPE(1.0),10/02/25 23:00:00,A,GE10,C10-S951_X_K,E_ITSP2,PC_ENT,HR,2017,20.04,,
ESTAT:ISOC_SKE_ITSPE(1.0),10/02/25 23:00:00,A,GE10,C10-S951_X_K,E_ITSP2,PC_ENT,HR,2018,20.15,,
ESTAT:ISOC_SKE_ITSPE(1.0),10/02/25 23:00:00,A,GE10,C10-S951_X_K,E_ITSP2,PC_ENT,HR,2019,19.22,,
ESTAT:ISOC_SKE_ITSPE(1.0),10/02/25 23:00:00,A,GE10,C10-S951_X_K,E_ITSP2,PC_ENT,HR,2020,18.97,,
ESTAT:ISOC_SKE_ITSPE(1.0),10/02/25 23:00:00,A,GE10,C10-S951_X_K,E_ITSP2,PC_ENT,HR,2022,17.05,,
ESTAT:ISOC_SKE_ITSPE(1.0),10/02/25 23:00:00,A,GE10,C10-S951_X_K,E_ITSP2,PC_ENT,HR,2024,15.89,,
ESTAT:ISOC_SKE_ITSPE(1.0),10/02/25 23:00:00,A,GE10,C10-S951_X_K,E_ITSP2,PC_ENT,HU,2012,29.89,,
ESTAT:ISOC_SKE_ITSPE(1.0),10/02/25 23:00:00,A,GE10,C10-S951_X_K,E_ITSP2,PC_ENT,HU,2014,26.61,,
ESTAT:ISOC_SKE_ITSPE(1.0),10/02/25 23:00:00,A,GE10,C10-S951_X_K,E_ITSP2,PC_ENT,HU,2015,25.53,,
ESTAT:ISOC_SKE_ITSPE(1.0),10/02/25 23:00:00,A,GE10,C10-S951_X_K,E_ITSP2,PC_ENT,HU,2016,25.82,,
ESTAT:ISOC_SKE_ITSPE(1.0),10/02/25 23:00:00,A,GE10,C10-S951_X_K,E_ITSP2,PC_ENT,HU,2017,27.29,,
ESTAT:ISOC_SKE_ITSPE(1.0),10/02/25 23:00:00,A,GE10,C10-S951_X_K,E_ITSP2,PC_ENT,HU,2018,26.21,,
ESTAT:ISOC_SKE_ITSPE(1.0),10/02/25 23:00:00,A,GE10,C10-S951_X_K,E_ITSP2,PC_ENT,HU,2019,25.99,,
ESTAT:ISOC_SKE_ITSPE(1.0),10/02/25 23:00:00,A,GE10,C10-S951_X_K,E_ITSP2,PC_ENT,HU,2020,28.83,,
ESTAT:ISOC_SKE_ITSPE(1.0),10/02/25 23:00:00,A,GE10,C10-S951_X_K,E_ITSP2,PC_ENT,HU,2022,30.55,,
ESTAT:ISOC_SKE_ITSPE(1.0),10/02/25 23:00:00,A,GE10,C10-S951_X_K,E_ITSP2,PC_ENT,HU,2024,29.34,,
ESTAT:ISOC_SKE_ITSPE(1.0),10/02/25 23:00:00,A,GE10,C10-S951_X_K,E_ITSP2,PC_ENT,IE,2012,32.05,,
ESTAT:ISOC_SKE_ITSPE(1.0),10/02/25 23:00:00,A,GE10,C10-S951_X_K,E_ITSP2,PC_ENT,IE,2014,27.86,,
ESTAT:ISOC_SKE_ITSPE(1.0),10/02/25 23:00:00,A,GE10,C10-S951_X_K,E_ITSP2,PC_ENT,IE,2015,30.48,,
ESTAT:ISOC_SKE_ITSPE(1.0),10/02/25 23:00:00,A,GE10,C10-S951_X_K,E_ITSP2,PC_ENT,IE,2016,35.27,,
ESTAT:ISOC_SKE_ITSPE(1.0),10/02/25 23:00:00,A,GE10,C10-S951_X_K,E_ITSP2,PC_ENT,IE,2017,32.94,,
ESTAT:ISOC_SKE_ITSPE(1.0),10/02/25 23:00:00,A,GE10,C10-S951_X_K,E_ITSP2,PC_ENT,IE,2018,32.37,,
ESTAT:ISOC_SKE_ITSPE(1.0),10/02/25 23:00:00,A,GE10,C10-S951_X_K,E_ITSP2,PC_ENT,IE,2019,31.54,,
ESTAT:ISOC_SKE_ITSPE(1.0),10/02/25 23:00:00,A,GE10,C10-S951_X_K,E_ITSP2,PC_ENT,IE,2020,30.21,,
ESTAT:ISOC_SKE_ITSPE(1.0),10/02/25 23:00:00,A,GE10,C10-S951_X_K,E_ITSP2,PC_ENT,IE,2022,30.41,,
ESTAT:ISOC_SKE_ITSPE(1.0),10/02/25 23:00:00,A,GE10,C10-S951_X_K,E_ITSP2,PC_ENT,IE,2024,30.28,,
ESTAT:ISOC_SKE_ITSPE(1.0),10/02/25 23:00:00,A,GE10,C10-S951_X_K,E_ITSP2,PC_ENT,IS,2012,26.87,,
ESTAT:ISOC_SKE_ITSPE(1.0),10/02/25 23:00:00,A,GE10,C10-S951_X_K,E_ITSP2,PC_ENT,IS,2014,23.13,,
ESTAT:ISOC_SKE_ITSPE(1.0),10/02/25 23:00:00,A,GE10,C10-S951_X_K,E_ITSP2,PC_ENT,IS,2017,17.73,,
ESTAT:ISOC_SKE_ITSPE(1.0),10/02/25 23:00:00,A,GE10,C10-S951_X_K,E_ITSP2,PC_ENT,IS,2020,13.09,,
ESTAT:ISOC_SKE_ITSPE(1.0),10/02/25 23:00:00,A,GE10,C10-S951_X_K,E_ITSP2,PC_ENT,IT,2012,14.10,,
ESTAT:ISOC_SKE_ITSPE(1.0),10/02/25 23:00:00,A,GE10,C10-S951_X_K,E_ITSP2,PC_ENT,IT,2014,15.17,,
ESTAT:ISOC_SKE_ITSPE(1.0),10/02/25 23:00:00,A,GE10,C10-S951_X_K,E_ITSP2,PC_ENT,IT,2015,16.68,,
ESTAT:ISOC_SKE_ITSPE(1.0),10/02/25 23:00:00,A,GE10,C10-S951_X_K,E_ITSP2,PC_ENT,IT,2016,16.83,,
ESTAT:ISOC_SKE_ITSPE(1.0),10/02/25 23:00:00,A,GE10,C10-S951_X_K,E_ITSP2,PC_ENT,IT,2017,16.18,,
ESTAT:ISOC_SKE_ITSPE(1.0),10/02/25 23:00:00,A,GE10,C10-S951_X_K,E_ITSP2,PC_ENT,IT,2018,16.14,,
ESTAT:ISOC_SKE_ITSPE(1.0),10/02/25 23:00:00,A,GE10,C10-S951_X_K,E_ITSP2,PC_ENT,IT,2019,15.97,,
ESTAT:ISOC_SKE_ITSPE(1.0),10/02/25 23:00:00,A,GE10,C10-S951_X_K,E_ITSP2,PC_ENT,IT,2020,12.60,,
ESTAT:ISOC_SKE_ITSPE(1.0),10/02/25 23:00:00,A,GE10,C10-S951_X_K,E_ITSP2,PC_ENT,IT,2022,13.36,,
ESTAT:ISOC_SKE_ITSPE(1.0),10/02/25 23:00:00,A,GE10,C10-S951_X_K,E_ITSP2,PC_ENT,IT,2024,12.44,,
ESTAT:ISOC_SKE_ITSPE(1.0),10/02/25 23:00:00,A,GE10,C10-S951_X_K,E_ITSP2,PC_ENT,LT,2012,22.00,,
ESTAT:ISOC_SKE_ITSPE(1.0),10/02/25 23:00:00,A,GE10,C10-S951_X_K,E_ITSP2,PC_ENT,LT,2014,16.00,,
ESTAT:ISOC_SKE_ITSPE(1.0),10/02/25 23:00:00,A,GE10,C10-S951_X_K,E_ITSP2,PC_ENT,LT,2015,15.01,,
ESTAT:ISOC_SKE_ITSPE(1.0),10/02/25 23:00:00,A,GE10,C10-S951_X_K,E_ITSP2,PC_ENT,LT,2016,15.43,,
ESTAT:ISOC_SKE_ITSPE(1.0),10/02/25 23:00:00,A,GE10,C10-S951_X_K,E_ITSP2,PC_ENT,LT,2017,18.14,,
ESTAT:ISOC_SKE_ITSPE(1.0),10/02/25 23:00:00,A,GE10,C10-S951_X_K,E_ITSP2,PC_ENT,LT,2018,17.05,,
ESTAT:ISOC_SKE_ITSPE(1.0),10/02/25 23:00:00,A,GE10,C10-S951_X_K,E_ITSP2,PC_ENT,LT,2019,15.25,,
ESTAT:ISOC_SKE_ITSPE(1.0),10/02/25 23:00:00,A,GE10,C10-S951_X_K,E_ITSP2,PC_ENT,LT,2020,15.88,,
ESTAT:ISOC_SKE_ITSPE(1.0),10/02/25 23:00:00,A,GE10,C10-S951_X_K,E_ITSP2,PC_ENT,LT,2022,17.25,,
ESTAT:ISOC_SKE_ITSPE(1.0),10/02/25 23:00:00,A,GE10,C10-S951_X_K,E_ITSP2,PC_ENT,LT,2024,16.12,,
ESTAT:ISOC_SKE_ITSPE(1.0),10/02/25 23:00:00,A,GE10,C10-S951_X_K,E_ITSP2,PC_ENT,LU,2012,32.02,,
ESTAT:ISOC_SKE_ITSPE(1.0),10/02/25 23:00:00,A,GE10,C10-S951_X_K,E_ITSP2,PC_ENT,LU,2014,20.01,,
ESTAT:ISOC_SKE_ITSPE(1.0),10/02/25 23:00:00,A,GE10,C10-S951_X_K,E_ITSP2,PC_ENT,LU,2015,24.75,,
ESTAT:ISOC_SKE_ITSPE(1.0),10/02/25 23:00:00,A,GE10,C10-S951_X_K,E_ITSP2,PC_ENT,LU,2016,23.66,,
ESTAT:ISOC_SKE_ITSPE(1.0),10/02/25 23:00:00,A,GE10,C10-S951_X_K,E_ITSP2,PC_ENT,LU,2017,24.41,,
ESTAT:ISOC_SKE_ITSPE(1.0),10/02/25 23:00:00,A,GE10,C10-S951_X_K,E_ITSP2,PC_ENT,LU,2018,23.53,,
ESTAT:ISOC_SKE_ITSPE(1.0),10/02/25 23:00:00,A,GE10,C10-S951_X_K,E_ITSP2,PC_ENT,LU,2019,24.53,,
ESTAT:ISOC_SKE_ITSPE(1.0),10/02/25 23:00:00,A,GE10,C10-S951_X_K,E_ITSP2,PC_ENT,LU,2020,22.23,,
ESTAT:ISOC_SKE_ITSPE(1.0),10/02/25 23:00:00,A,GE10,C10-S951_X_K,E_ITSP2,PC_ENT,LU,2022,23.10,,
ESTAT:ISOC_SKE_ITSPE(1.0),10/02/25 23:00:00,A,GE10,C10-S951_X_K,E_ITSP2,PC_ENT,LU,2024,23.35,,
ESTAT:ISOC_SKE_ITSPE(1.0),10/02/25 23:00:00,A,GE10,C10-S951_X_K,E_ITSP2,PC_ENT,LV,2012,22.81,,
ESTAT:ISOC_SKE_ITSPE(1.0),10/02/25 23:00:00,A,GE10,C10-S951_X_K,E_ITSP2,PC_ENT,LV,2014,20.71,,
ESTAT:ISOC_SKE_ITSPE(1.0),10/02/25 23:00:00,A,GE10,C10-S951_X_K,E_ITSP2,PC_ENT,LV,2015,18.80,,
ESTAT:ISOC_SKE_ITSPE(1.0),10/02/25 23:00:00,A,GE10,C10-S951_X_K,E_ITSP2,PC_ENT,LV,2016,17.38,,
ESTAT:ISOC_SKE_ITSPE(1.0),10/02/25 23:00:00,A,GE10,C10-S951_X_K,E_ITSP2,PC_ENT,LV,2017,13.52,,
ESTAT:ISOC_SKE_ITSPE(1.0),10/02/25 23:00:00,A,GE10,C10-S951_X_K,E_ITSP2,PC_ENT,LV,2018,15.48,,
ESTAT:ISOC_SKE_ITSPE(1.0),10/02/25 23:00:00,A,GE10,C10-S951_X_K,E_ITSP2,PC_ENT,LV,2019,20.11,,
ESTAT:ISOC_SKE_ITSPE(1.0),10/02/25 23:00:00,A,GE10,C10-S951_X_K,E_ITSP2,PC_ENT,LV,2020,20.03,,
ESTAT:ISOC_SKE_ITSPE(1.0),10/02/25 23:00:00,A,GE10,C10-S951_X_K,E_ITSP2,PC_ENT,LV,2022,18.73,,
ESTAT:ISOC_SKE_ITSPE(1.0),10/02/25 23:00:00,A,GE10,C10-S951_X_K,E_ITSP2,PC_ENT,LV,2024,17.99,,
ESTAT:ISOC_SKE_ITSPE(1.0),10/02/25 23:00:00,A,GE10,C10-S951_X_K,E_ITSP2,PC_ENT,ME,2016,17.80,,
ESTAT:ISOC_SKE_ITSPE(1.0),10/02/25 23:00:00,A,GE10,C10-S951_X_K,E_ITSP2,PC_ENT,ME,2017,18.99,,
ESTAT:ISOC_SKE_ITSPE(1.0),10/02/25 23:00:00,A,GE10,C10-S951_X_K,E_ITSP2,PC_ENT,ME,2018,19.57,,
ESTAT:ISOC_SKE_ITSPE(1.0),10/02/25 23:00:00,A,GE10,C10-S951_X_K,E_ITSP2,PC_ENT,ME,2019,21.22,,
ESTAT:ISOC_SKE_ITSPE(1.0),10/02/25 23:00:00,A,GE10,C10-S951_X_K,E_ITSP2,PC_ENT,ME,2020,27.29,,
ESTAT:ISOC_SKE_ITSPE(1.0),10/02/25 23:00:00,A,GE10,C10-S951_X_K,E_ITSP2,PC_ENT,ME,2022,27.76,,
ESTAT:ISOC_SKE_ITSPE(1.0),10/02/25 23:00:00,A,GE10,C10-S951_X_K,E_ITSP2,PC_ENT,ME,2024,32.55,,
ESTAT:ISOC_SKE_ITSPE(1.0),10/02/25 23:00:00,A,GE10,C10-S951_X_K,E_ITSP2,PC_ENT,MK,2012,16.66,,
ESTAT:ISOC_SKE_ITSPE(1.0),10/02/25 23:00:00,A,GE10,C10-S951_X_K,E_ITSP2,PC_ENT,MK,2014,13.73,,
ESTAT:ISOC_SKE_ITSPE(1.0),10/02/25 23:00:00,A,GE10,C10-S951_X_K,E_ITSP2,PC_ENT,MK,2015,12.55,,
ESTAT:ISOC_SKE_ITSPE(1.0),10/02/25 23:00:00,A,GE10,C10-S951_X_K,E_ITSP2,PC_ENT,MK,2016,14.85,,
ESTAT:ISOC_SKE_ITSPE(1.0),10/02/25 23:00:00,A,GE10,C10-S951_X_K,E_ITSP2,PC_ENT,MK,2020,11.83,,
ESTAT:ISOC_SKE_ITSPE(1.0),10/02/25 23:00:00,A,GE10,C10-S951_X_K,E_ITSP2,PC_ENT,MK,2022,11.94,,
ESTAT:ISOC_SKE_ITSPE(1.0),10/02/25 23:00:00,A,GE10,C10-S951_X_K,E_ITSP2,PC_ENT,MT,2012,25.82,,
ESTAT:ISOC_SKE_ITSPE(1.0),10/02/25 23:00:00,A,GE10,C10-S951_X_K,E_ITSP2,PC_ENT,MT,2014,25.60,,
ESTAT:ISOC_SKE_ITSPE(1.0),10/02/25 23:00:00,A,GE10,C10-S951_X_K,E_ITSP2,PC_ENT,MT,2015,26.45,,
ESTAT:ISOC_SKE_ITSPE(1.0),10/02/25 23:00:00,A,GE10,C10-S951_X_K,E_ITSP2,PC_ENT,MT,2016,26.36,,
ESTAT:ISOC_SKE_ITSPE(1.0),10/02/25 23:00:00,A,GE10,C10-S951_X_K,E_ITSP2,PC_ENT,MT,2017,23.60,,
ESTAT:ISOC_SKE_ITSPE(1.0),10/02/25 23:00:00,A,GE10,C10-S951_X_K,E_ITSP2,PC_ENT,MT,2018,23.54,,
ESTAT:ISOC_SKE_ITSPE(1.0),10/02/25 23:00:00,A,GE10,C10-S951_X_K,E_ITSP2,PC_ENT,MT,2019,27.31,,
ESTAT:ISOC_SKE_ITSPE(1.0),10/02/25 23:00:00,A,GE10,C10-S951_X_K,E_ITSP2,PC_ENT,MT,2020,28.51,,
ESTAT:ISOC_SKE_ITSPE(1.0),10/02/25 23:00:00,A,GE10,C10-S951_X_K,E_ITSP2,PC_ENT,MT,2022,33.46,,
ESTAT:ISOC_SKE_ITSPE(1.0),10/02/25 23:00:00,A,GE10,C10-S951_X_K,E_ITSP2,PC_ENT,MT,2024,34.11,,
ESTAT:ISOC_SKE_ITSPE(1.0),10/02/25 23:00:00,A,GE10,C10-S951_X_K,E_ITSP2,PC_ENT,NL,2012,25.52,,
ESTAT:ISOC_SKE_ITSPE(1.0),10/02/25 23:00:00,A,GE10,C10-S951_X_K,E_ITSP2,PC_ENT,NL,2014,26.92,,
ESTAT:ISOC_SKE_ITSPE(1.0),10/02/25 23:00:00,A,GE10,C10-S951_X_K,E_ITSP2,PC_ENT,NL,2015,28.12,,
ESTAT:ISOC_SKE_ITSPE(1.0),10/02/25 23:00:00,A,GE10,C10-S951_X_K,E_ITSP2,PC_ENT,NL,2016,26.27,,
ESTAT:ISOC_SKE_ITSPE(1.0),10/02/25 23:00:00,A,GE10,C10-S951_X_K,E_ITSP2,PC_ENT,NL,2017,26.84,,
ESTAT:ISOC_SKE_ITSPE(1.0),10/02/25 23:00:00,A,GE10,C10-S951_X_K,E_ITSP2,PC_ENT,NL,2018,27.35,,
ESTAT:ISOC_SKE_ITSPE(1.0),10/02/25 23:00:00,A,GE10,C10-S951_X_K,E_ITSP2,PC_ENT,NL,2019,25.49,,
ESTAT:ISOC_SKE_ITSPE(1.0),10/02/25 23:00:00,A,GE10,C10-S951_X_K,E_ITSP2,PC_ENT,NL,2020,24.36,,
ESTAT:ISOC_SKE_ITSPE(1.0),10/02/25 23:00:00,A,GE10,C10-S951_X_K,E_ITSP2,PC_ENT,NL,2022,30.77,,
ESTAT:ISOC_SKE_ITSPE(1.0),10/02/25 23:00:00,A,GE10,C10-S951_X_K,E_ITSP2,PC_ENT,NL,2024,29.73,,
ESTAT:ISOC_SKE_ITSPE(1.0),10/02/25 23:00:00,A,GE10,C10-S951_X_K,E_ITSP2,PC_ENT,NO,2012,30.72,,
ESTAT:ISOC_SKE_ITSPE(1.0),10/02/25 23:00:00,A,GE10,C10-S951_X_K,E_ITSP2,PC_ENT,NO,2014,19.63,,
ESTAT:ISOC_SKE_ITSPE(1.0),10/02/25 23:00:00,A,GE10,C10-S951_X_K,E_ITSP2,PC_ENT,NO,2015,18.98,,
ESTAT:ISOC_SKE_ITSPE(1.0),10/02/25 23:00:00,A,GE10,C10-S951_X_K,E_ITSP2,PC_ENT,NO,2016,18.85,,
ESTAT:ISOC_SKE_ITSPE(1.0),10/02/25 23:00:00,A,GE10,C10-S951_X_K,E_ITSP2,PC_ENT,NO,2017,18.59,,
ESTAT:ISOC_SKE_ITSPE(1.0),10/02/25 23:00:00,A,GE10,C10-S951_X_K,E_ITSP2,PC_ENT,NO,2018,18.50,,
ESTAT:ISOC_SKE_ITSPE(1.0),10/02/25 23:00:00,A,GE10,C10-S951_X_K,E_ITSP2,PC_ENT,NO,2019,18.89,,
ESTAT:ISOC_SKE_ITSPE(1.0),10/02/25 23:00:00,A,GE10,C10-S951_X_K,E_ITSP2,PC_ENT,NO,2020,16.58,,
ESTAT:ISOC_SKE_ITSPE(1.0),10/02/25 23:00:00,A,GE10,C10-S951_X_K,E_ITSP2,PC_ENT,NO,2022,19.68,,
ESTAT:ISOC_SKE_ITSPE(1.0),10/02/25 23:00:00,A,GE10,C10-S951_X_K,E_ITSP2,PC_ENT,NO,2024,20.80,,
ESTAT:ISOC_SKE_ITSPE(1.0),10/02/25 23:00:00,A,GE10,C10-S951_X_K,E_ITSP2,PC_ENT,PL,2012,14.21,,
ESTAT:ISOC_SKE_ITSPE(1.0),10/02/25 23:00:00,A,GE10,C10-S951_X_K,E_ITSP2,PC_ENT,PL,2014,10.22,,
ESTAT:ISOC_SKE_ITSPE(1.0),10/02/25 23:00:00,A,GE10,C10-S951_X_K,E_ITSP2,PC_ENT,PL,2015,12.02,,
ESTAT:ISOC_SKE_ITSPE(1.0),10/02/25 23:00:00,A,GE10,C10-S951_X_K,E_ITSP2,PC_ENT,PL,2016,12.47,,
ESTAT:ISOC_SKE_ITSPE(1.0),10/02/25 23:00:00,A,GE10,C10-S951_X_K,E_ITSP2,PC_ENT,PL,2017,12.28,,
ESTAT:ISOC_SKE_ITSPE(1.0),10/02/25 23:00:00,A,GE10,C10-S951_X_K,E_ITSP2,PC_ENT,PL,2018,13.23,,
ESTAT:ISOC_SKE_ITSPE(1.0),10/02/25 23:00:00,A,GE10,C10-S951_X_K,E_ITSP2,PC_ENT,PL,2019,23.49,,
ESTAT:ISOC_SKE_ITSPE(1.0),10/02/25 23:00:00,A,GE10,C10-S951_X_K,E_ITSP2,PC_ENT,PL,2020,25.19,,
ESTAT:ISOC_SKE_ITSPE(1.0),10/02/25 23:00:00,A,GE10,C10-S951_X_K,E_ITSP2,PC_ENT,PL,2022,30.86,,
ESTAT:ISOC_SKE_ITSPE(1.0),10/02/25 23:00:00,A,GE10,C10-S951_X_K,E_ITSP2,PC_ENT,PL,2024,25.99,,
ESTAT:ISOC_SKE_ITSPE(1.0),10/02/25 23:00:00,A,GE10,C10-S951_X_K,E_ITSP2,PC_ENT,PT,2012,28.77,,
ESTAT:ISOC_SKE_ITSPE(1.0),10/02/25 23:00:00,A,GE10,C10-S951_X_K,E_ITSP2,PC_ENT,PT,2014,19.08,,
ESTAT:ISOC_SKE_ITSPE(1.0),10/02/25 23:00:00,A,GE10,C10-S951_X_K,E_ITSP2,PC_ENT,PT,2015,19.79,,
ESTAT:ISOC_SKE_ITSPE(1.0),10/02/25 23:00:00,A,GE10,C10-S951_X_K,E_ITSP2,PC_ENT,PT,2016,19.00,,
ESTAT:ISOC_SKE_ITSPE(1.0),10/02/25 23:00:00,A,GE10,C10-S951_X_K,E_ITSP2,PC_ENT,PT,2017,19.80,,
ESTAT:ISOC_SKE_ITSPE(1.0),10/02/25 23:00:00,A,GE10,C10-S951_X_K,E_ITSP2,PC_ENT,PT,2018,18.61,,
ESTAT:ISOC_SKE_ITSPE(1.0),10/02/25 23:00:00,A,GE10,C10-S951_X_K,E_ITSP2,PC_ENT,PT,2019,21.16,,
ESTAT:ISOC_SKE_ITSPE(1.0),10/02/25 23:00:00,A,GE10,C10-S951_X_K,E_ITSP2,PC_ENT,PT,2020,19.84,,
ESTAT:ISOC_SKE_ITSPE(1.0),10/02/25 23:00:00,A,GE10,C10-S951_X_K,E_ITSP2,PC_ENT,PT,2022,20.03,,
ESTAT:ISOC_SKE_ITSPE(1.0),10/02/25 23:00:00,A,GE10,C10-S951_X_K,E_ITSP2,PC_ENT,PT,2024,20.56,,
ESTAT:ISOC_SKE_ITSPE(1.0),10/02/25 23:00:00,A,GE10,C10-S951_X_K,E_ITSP2,PC_ENT,RO,2012,4.00,,
ESTAT:ISOC_SKE_ITSPE(1.0),10/02/25 23:00:00,A,GE10,C10-S951_X_K,E_ITSP2,PC_ENT,RO,2014,11.68,,
ESTAT:ISOC_SKE_ITSPE(1.0),10/02/25 23:00:00,A,GE10,C10-S951_X_K,E_ITSP2,PC_ENT,RO,2015,12.91,,
ESTAT:ISOC_SKE_ITSPE(1.0),10/02/25 23:00:00,A,GE10,C10-S951_X_K,E_ITSP2,PC_ENT,RO,2016,11.24,,
ESTAT:ISOC_SKE_ITSPE(1.0),10/02/25 23:00:00,A,GE10,C10-S951_X_K,E_ITSP2,PC_ENT,RO,2017,9.88,,
ESTAT:ISOC_SKE_ITSPE(1.0),10/02/25 23:00:00,A,GE10,C10-S951_X_K,E_ITSP2,PC_ENT,RO,2018,11.34,,
ESTAT:ISOC_SKE_ITSPE(1.0),10/02/25 23:00:00,A,GE10,C10-S951_X_K,E_ITSP2,PC_ENT,RO,2019,10.46,,
ESTAT:ISOC_SKE_ITSPE(1.0),10/02/25 23:00:00,A,GE10,C10-S951_X_K,E_ITSP2,PC_ENT,RO,2020,15.56,,
ESTAT:ISOC_SKE_ITSPE(1.0),10/02/25 23:00:00,A,GE10,C10-S951_X_K,E_ITSP2,PC_ENT,RO,2022,11.48,,
ESTAT:ISOC_SKE_ITSPE(1.0),10/02/25 23:00:00,A,GE10,C10-S951_X_K,E_ITSP2,PC_ENT,RO,2024,13.16,,
ESTAT:ISOC_SKE_ITSPE(1.0),10/02/25 23:00:00,A,GE10,C10-S951_X_K,E_ITSP2,PC_ENT,RS,2014,22.55,,
ESTAT:ISOC_SKE_ITSPE(1.0),10/02/25 23:00:00,A,GE10,C10-S951_X_K,E_ITSP2,PC_ENT,RS,2017,23.02,,
ESTAT:ISOC_SKE_ITSPE(1.0),10/02/25 23:00:00,A,GE10,C10-S951_X_K,E_ITSP2,PC_ENT,RS,2018,20.58,,
ESTAT:ISOC_SKE_ITSPE(1.0),10/02/25 23:00:00,A,GE10,C10-S951_X_K,E_ITSP2,PC_ENT,RS,2019,20.94,,
ESTAT:ISOC_SKE_ITSPE(1.0),10/02/25 23:00:00,A,GE10,C10-S951_X_K,E_ITSP2,PC_ENT,RS,2020,19.34,,
ESTAT:ISOC_SKE_ITSPE(1.0),10/02/25 23:00:00,A,GE10,C10-S951_X_K,E_ITSP2,PC_ENT,RS,2022,24.16,,
ESTAT:ISOC_SKE_ITSPE(1.0),10/02/25 23:00:00,A,GE10,C10-S951_X_K,E_ITSP2,PC_ENT,RS,2024,25.19,,
ESTAT:ISOC_SKE_ITSPE(1.0),10/02/25 23:00:00,A,GE10,C10-S951_X_K,E_ITSP2,PC_ENT,SE,2012,22.29,,
ESTAT:ISOC_SKE_ITSPE(1.0),10/02/25 23:00:00,A,GE10,C10-S951_X_K,E_ITSP2,PC_ENT,SE,2014,20.19,,
ESTAT:ISOC_SKE_ITSPE(1.0),10/02/25 23:00:00,A,GE10,C10-S951_X_K,E_ITSP2,PC_ENT,SE,2015,19.39,,
ESTAT:ISOC_SKE_ITSPE(1.0),10/02/25 23:00:00,A,GE10,C10-S951_X_K,E_ITSP2,PC_ENT,SE,2016,17.69,,
ESTAT:ISOC_SKE_ITSPE(1.0),10/02/25 23:00:00,A,GE10,C10-S951_X_K,E_ITSP2,PC_ENT,SE,2017,20.32,,
ESTAT:ISOC_SKE_ITSPE(1.0),10/02/25 23:00:00,A,GE10,C10-S951_X_K,E_ITSP2,PC_ENT,SE,2018,19.08,,
ESTAT:ISOC_SKE_ITSPE(1.0),10/02/25 23:00:00,A,GE10,C10-S951_X_K,E_ITSP2,PC_ENT,SE,2019,18.27,,
ESTAT:ISOC_SKE_ITSPE(1.0),10/02/25 23:00:00,A,GE10,C10-S951_X_K,E_ITSP2,PC_ENT,SE,2020,21.08,,
ESTAT:ISOC_SKE_ITSPE(1.0),10/02/25 23:00:00,A,GE10,C10-S951_X_K,E_ITSP2,PC_ENT,SE,2022,23.00,,
ESTAT:ISOC_SKE_ITSPE(1.0),10/02/25 23:00:00,A,GE10,C10-S951_X_K,E_ITSP2,PC_ENT,SE,2024,21.60,b,
ESTAT:ISOC_SKE_ITSPE(1.0),10/02/25 23:00:00,A,GE10,C10-S951_X_K,E_ITSP2,PC_ENT,SI,2012,20.82,,
ESTAT:ISOC_SKE_ITSPE(1.0),10/02/25 23:00:00,A,GE10,C10-S951_X_K,E_ITSP2,PC_ENT,SI,2014,19.56,,
ESTAT:ISOC_SKE_ITSPE(1.0),10/02/25 23:00:00,A,GE10,C10-S951_X_K,E_ITSP2,PC_ENT,SI,2015,19.80,,
ESTAT:ISOC_SKE_ITSPE(1.0),10/02/25 23:00:00,A,GE10,C10-S951_X_K,E_ITSP2,PC_ENT,SI,2016,20.00,,
ESTAT:ISOC_SKE_ITSPE(1.0),10/02/25 23:00:00,A,GE10,C10-S951_X_K,E_ITSP2,PC_ENT,SI,2017,19.09,,
ESTAT:ISOC_SKE_ITSPE(1.0),10/02/25 23:00:00,A,GE10,C10-S951_X_K,E_ITSP2,PC_ENT,SI,2018,20.39,,
ESTAT:ISOC_SKE_ITSPE(1.0),10/02/25 23:00:00,A,GE10,C10-S951_X_K,E_ITSP2,PC_ENT,SI,2019,18.00,,
ESTAT:ISOC_SKE_ITSPE(1.0),10/02/25 23:00:00,A,GE10,C10-S951_X_K,E_ITSP2,PC_ENT,SI,2020,16.79,,
ESTAT:ISOC_SKE_ITSPE(1.0),10/02/25 23:00:00,A,GE10,C10-S951_X_K,E_ITSP2,PC_ENT,SI,2022,20.62,,
ESTAT:ISOC_SKE_ITSPE(1.0),10/02/25 23:00:00,A,GE10,C10-S951_X_K,E_ITSP2,PC_ENT,SI,2024,17.71,,
ESTAT:ISOC_SKE_ITSPE(1.0),10/02/25 23:00:00,A,GE10,C10-S951_X_K,E_ITSP2,PC_ENT,SK,2012,24.67,,
ESTAT:ISOC_SKE_ITSPE(1.0),10/02/25 23:00:00,A,GE10,C10-S951_X_K,E_ITSP2,PC_ENT,SK,2014,18.43,,
ESTAT:ISOC_SKE_ITSPE(1.0),10/02/25 23:00:00,A,GE10,C10-S951_X_K,E_ITSP2,PC_ENT,SK,2015,19.45,,
ESTAT:ISOC_SKE_ITSPE(1.0),10/02/25 23:00:00,A,GE10,C10-S951_X_K,E_ITSP2,PC_ENT,SK,2016,19.98,,
ESTAT:ISOC_SKE_ITSPE(1.0),10/02/25 23:00:00,A,GE10,C10-S951_X_K,E_ITSP2,PC_ENT,SK,2017,19.65,,
ESTAT:ISOC_SKE_ITSPE(1.0),10/02/25 23:00:00,A,GE10,C10-S951_X_K,E_ITSP2,PC_ENT,SK,2018,17.56,,
ESTAT:ISOC_SKE_ITSPE(1.0),10/02/25 23:00:00,A,GE10,C10-S951_X_K,E_ITSP2,PC_ENT,SK,2019,17.72,,
ESTAT:ISOC_SKE_ITSPE(1.0),10/02/25 23:00:00,A,GE10,C10-S951_X_K,E_ITSP2,PC_ENT,SK,2020,16.82,,
ESTAT:ISOC_SKE_ITSPE(1.0),10/02/25 23:00:00,A,GE10,C10-S951_X_K,E_ITSP2,PC_ENT,SK,2022,17.66,,
ESTAT:ISOC_SKE_ITSPE(1.0),10/02/25 23:00:00,A,GE10,C10-S951_X_K,E_ITSP2,PC_ENT,SK,2024,17.25,,
ESTAT:ISOC_SKE_ITSPE(1.0),10/02/25 23:00:00,A,GE10,C10-S951_X_K,E_ITSP2,PC_ENT,TR,2015,,u,
ESTAT:ISOC_SKE_ITSPE(1.0),10/02/25 23:00:00,A,GE10,C10-S951_X_K,E_ITSP2,PC_ENT,TR,2018,11.63,,
ESTAT:ISOC_SKE_ITSPE(1.0),10/02/25 23:00:00,A,GE10,C10-S951_X_K,E_ITSP2,PC_ENT,TR,2019,13.75,,
ESTAT:ISOC_SKE_ITSPE(1.0),10/02/25 23:00:00,A,GE10,C10-S951_X_K,E_ITSP2,PC_ENT,TR,2020,11.80,,
ESTAT:ISOC_SKE_ITSPE(1.0),10/02/25 23:00:00,A,GE10,C10-S951_X_K,E_ITSP2,PC_ENT,TR,2022,17.80,,
ESTAT:ISOC_SKE_ITSPE(1.0),10/02/25 23:00:00,A,GE10,C10-S951_X_K,E_ITSP2,PC_ENT,TR,2024,13.37,,
ESTAT:ISOC_SKE_ITSPE(1.0),10/02/25 23:00:00,A,GE10,C10-S951_X_K,E_ITSP2,PC_ENT,UK,2012,30.23,,
ESTAT:ISOC_SKE_ITSPE(1.0),10/02/25 23:00:00,A,GE10,C10-S951_X_K,E_ITSP2,PC_ENT,UK,2014,24.27,,
ESTAT:ISOC_SKE_ITSPE(1.0),10/02/25 23:00:00,A,GE10,C10-S951_X_K,E_ITSP2,PC_ENT,UK,2015,22.22,,
ESTAT:ISOC_SKE_ITSPE(1.0),10/02/25 23:00:00,A,GE10,C10-S951_X_K,E_ITSP2,PC_ENT,UK,2016,23.48,,
ESTAT:ISOC_SKE_ITSPE(1.0),10/02/25 23:00:00,A,GE10,C10-S951_X_K,E_ITSP2,PC_ENT,UK,2017,22.17,,
ESTAT:ISOC_SKE_ITSPE(1.0),10/02/25 23:00:00,A,GE10,C10-S951_X_K,E_ITSP2,PC_ENT,UK,2018,24.38,,
ESTAT:ISOC_SKE_ITSPE(1.0),10/02/25 23:00:00,A,GE10,C10-S951_X_K,E_ITSP2,PC_ENT,UK,2019,27.12,,
ESTAT:ISOC_SKE_ITSPE(1.0),10/02/25 23:00:00,A,GE10,C10-S951_X_K,E_ITSP2,PC_ENT,UK,2020,29.48,,
ESTAT:ISOC_SKE_ITSPE(1.0),10/02/25 23:00:00,A,GE10,C10-S951_X_K,E_ITSP2,PC_ENT_CUSE,AT,2012,31.79,,
ESTAT:ISOC_SKE_ITSPE(1.0),10/02/25 23:00:00,A,GE10,C10-S951_X_K,E_ITSP2,PC_ENT_CUSE,AT,2014,23.81,,
ESTAT:ISOC_SKE_ITSPE(1.0),10/02/25 23:00:00,A,GE10,C10-S951_X_K,E_ITSP2,PC_ENT_CUSE,AT,2015,24.01,,
ESTAT:ISOC_SKE_ITSPE(1.0),10/02/25 23:00:00,A,GE10,C10-S951_X_K,E_ITSP2,PC_ENT_CUSE,AT,2016,24.91,,
ESTAT:ISOC_SKE_ITSPE(1.0),10/02/25 23:00:00,A,GE10,C10-S951_X_K,E_ITSP2,PC_ENT_CUSE,AT,2017,23.29,,
ESTAT:ISOC_SKE_ITSPE(1.0),10/02/25 23:00:00,A,GE10,C10-S951_X_K,E_ITSP2,PC_ENT_CUSE,AT,2018,20.19,,
ESTAT:ISOC_SKE_ITSPE(1.0),10/02/25 23:00:00,A,GE10,C10-S951_X_K,E_ITSP2,PC_ENT_CUSE,AT,2019,19.80,,
ESTAT:ISOC_SKE_ITSPE(1.0),10/02/25 23:00:00,A,GE10,C10-S951_X_K,E_ITSP2,PC_ENT_CUSE,BA,2018,17.48,,
ESTAT:ISOC_SKE_ITSPE(1.0),10/02/25 23:00:00,A,GE10,C10-S951_X_K,E_ITSP2,PC_ENT_CUSE,BA,2019,17.17,,
ESTAT:ISOC_SKE_ITSPE(1.0),10/02/25 23:00:00,A,GE10,C10-S951_X_K,E_ITSP2,PC_ENT_CUSE,BE,2012,28.47,,
ESTAT:ISOC_SKE_ITSPE(1.0),10/02/25 23:00:00,A,GE10,C10-S951_X_K,E_ITSP2,PC_ENT_CUSE,BE,2014,26.65,,
ESTAT:ISOC_SKE_ITSPE(1.0),10/02/25 23:00:00,A,GE10,C10-S951_X_K,E_ITSP2,PC_ENT_CUSE,BE,2015,28.26,,
ESTAT:ISOC_SKE_ITSPE(1.0),10/02/25 23:00:00,A,GE10,C10-S951_X_K,E_ITSP2,PC_ENT_CUSE,BE,2016,25.70,,
ESTAT:ISOC_SKE_ITSPE(1.0),10/02/25 23:00:00,A,GE10,C10-S951_X_K,E_ITSP2,PC_ENT_CUSE,BE,2017,29.40,,
ESTAT:ISOC_SKE_ITSPE(1.0),10/02/25 23:00:00,A,GE10,C10-S951_X_K,E_ITSP2,PC_ENT_CUSE,BE,2018,28.23,,
ESTAT:ISOC_SKE_ITSPE(1.0),10/02/25 23:00:00,A,GE10,C10-S951_X_K,E_ITSP2,PC_ENT_CUSE,BE,2019,27.96,,
ESTAT:ISOC_SKE_ITSPE(1.0),10/02/25 23:00:00,A,GE10,C10-S951_X_K,E_ITSP2,PC_ENT_CUSE,BG,2012,14.68,,
ESTAT:ISOC_SKE_ITSPE(1.0),10/02/25 23:00:00,A,GE10,C10-S951_X_K,E_ITSP2,PC_ENT_CUSE,BG,2014,22.45,,
ESTAT:ISOC_SKE_ITSPE(1.0),10/02/25 23:00:00,A,GE10,C10-S951_X_K,E_ITSP2,PC_ENT_CUSE,BG,2015,21.98,,
ESTAT:ISOC_SKE_ITSPE(1.0),10/02/25 23:00:00,A,GE10,C10-S951_X_K,E_ITSP2,PC_ENT_CUSE,BG,2016,21.19,,
ESTAT:ISOC_SKE_ITSPE(1.0),10/02/25 23:00:00,A,GE10,C10-S951_X_K,E_ITSP2,PC_ENT_CUSE,BG,2017,19.87,,
ESTAT:ISOC_SKE_ITSPE(1.0),10/02/25 23:00:00,A,GE10,C10-S951_X_K,E_ITSP2,PC_ENT_CUSE,BG,2018,20.43,,
ESTAT:ISOC_SKE_ITSPE(1.0),10/02/25 23:00:00,A,GE10,C10-S951_X_K,E_ITSP2,PC_ENT_CUSE,BG,2019,20.98,,
ESTAT:ISOC_SKE_ITSPE(1.0),10/02/25 23:00:00,A,GE10,C10-S951_X_K,E_ITSP2,PC_ENT_CUSE,CY,2012,25.06,,
ESTAT:ISOC_SKE_ITSPE(1.0),10/02/25 23:00:00,A,GE10,C10-S951_X_K,E_ITSP2,PC_ENT_CUSE,CY,2014,25.56,,
ESTAT:ISOC_SKE_ITSPE(1.0),10/02/25 23:00:00,A,GE10,C10-S951_X_K,E_ITSP2,PC_ENT_CUSE,CY,2015,27.19,,
ESTAT:ISOC_SKE_ITSPE(1.0),10/02/25 23:00:00,A,GE10,C10-S951_X_K,E_ITSP2,PC_ENT_CUSE,CY,2016,25.22,,
ESTAT:ISOC_SKE_ITSPE(1.0),10/02/25 23:00:00,A,GE10,C10-S951_X_K,E_ITSP2,PC_ENT_CUSE,CY,2017,25.48,,
ESTAT:ISOC_SKE_ITSPE(1.0),10/02/25 23:00:00,A,GE10,C10-S951_X_K,E_ITSP2,PC_ENT_CUSE,CY,2018,23.54,,
ESTAT:ISOC_SKE_ITSPE(1.0),10/02/25 23:00:00,A,GE10,C10-S951_X_K,E_ITSP2,PC_ENT_CUSE,CY,2019,23.62,,
ESTAT:ISOC_SKE_ITSPE(1.0),10/02/25 23:00:00,A,GE10,C10-S951_X_K,E_ITSP2,PC_ENT_CUSE,CZ,2012,30.08,,
ESTAT:ISOC_SKE_ITSPE(1.0),10/02/25 23:00:00,A,GE10,C10-S951_X_K,E_ITSP2,PC_ENT_CUSE,CZ,2014,20.87,,
ESTAT:ISOC_SKE_ITSPE(1.0),10/02/25 23:00:00,A,GE10,C10-S951_X_K,E_ITSP2,PC_ENT_CUSE,CZ,2015,19.66,,
ESTAT:ISOC_SKE_ITSPE(1.0),10/02/25 23:00:00,A,GE10,C10-S951_X_K,E_ITSP2,PC_ENT_CUSE,CZ,2016,19.75,,
ESTAT:ISOC_SKE_ITSPE(1.0),10/02/25 23:00:00,A,GE10,C10-S951_X_K,E_ITSP2,PC_ENT_CUSE,CZ,2017,20.92,,
ESTAT:ISOC_SKE_ITSPE(1.0),10/02/25 23:00:00,A,GE10,C10-S951_X_K,E_ITSP2,PC_ENT_CUSE,CZ,2018,19.80,,
ESTAT:ISOC_SKE_ITSPE(1.0),10/02/25 23:00:00,A,GE10,C10-S951_X_K,E_ITSP2,PC_ENT_CUSE,CZ,2019,20.94,,
ESTAT:ISOC_SKE_ITSPE(1.0),10/02/25 23:00:00,A,GE10,C10-S951_X_K,E_ITSP2,PC_ENT_CUSE,DE,2012,21.82,,
ESTAT:ISOC_SKE_ITSPE(1.0),10/02/25 23:00:00,A,GE10,C10-S951_X_K,E_ITSP2,PC_ENT_CUSE,DE,2014,22.58,,
ESTAT:ISOC_SKE_ITSPE(1.0),10/02/25 23:00:00,A,GE10,C10-S951_X_K,E_ITSP2,PC_ENT_CUSE,DE,2015,21.63,,
ESTAT:ISOC_SKE_ITSPE(1.0),10/02/25 23:00:00,A,GE10,C10-S951_X_K,E_ITSP2,PC_ENT_CUSE,DE,2016,22.56,,
ESTAT:ISOC_SKE_ITSPE(1.0),10/02/25 23:00:00,A,GE10,C10-S951_X_K,E_ITSP2,PC_ENT_CUSE,DE,2017,19.36,,
ESTAT:ISOC_SKE_ITSPE(1.0),10/02/25 23:00:00,A,GE10,C10-S951_X_K,E_ITSP2,PC_ENT_CUSE,DE,2018,20.25,,
ESTAT:ISOC_SKE_ITSPE(1.0),10/02/25 23:00:00,A,GE10,C10-S951_X_K,E_ITSP2,PC_ENT_CUSE,DE,2019,19.22,,
ESTAT:ISOC_SKE_ITSPE(1.0),10/02/25 23:00:00,A,GE10,C10-S951_X_K,E_ITSP2,PC_ENT_CUSE,DK,2012,26.99,,
ESTAT:ISOC_SKE_ITSPE(1.0),10/02/25 23:00:00,A,GE10,C10-S951_X_K,E_ITSP2,PC_ENT_CUSE,DK,2014,26.97,,
ESTAT:ISOC_SKE_ITSPE(1.0),10/02/25 23:00:00,A,GE10,C10-S951_X_K,E_ITSP2,PC_ENT_CUSE,DK,2015,24.57,,
ESTAT:ISOC_SKE_ITSPE(1.0),10/02/25 23:00:00,A,GE10,C10-S951_X_K,E_ITSP2,PC_ENT_CUSE,DK,2016,25.50,,
ESTAT:ISOC_SKE_ITSPE(1.0),10/02/25 23:00:00,A,GE10,C10-S951_X_K,E_ITSP2,PC_ENT_CUSE,DK,2017,24.48,,
ESTAT:ISOC_SKE_ITSPE(1.0),10/02/25 23:00:00,A,GE10,C10-S951_X_K,E_ITSP2,PC_ENT_CUSE,DK,2018,27.81,,
ESTAT:ISOC_SKE_ITSPE(1.0),10/02/25 23:00:00,A,GE10,C10-S951_X_K,E_ITSP2,PC_ENT_CUSE,DK,2019,29.56,,
ESTAT:ISOC_SKE_ITSPE(1.0),10/02/25 23:00:00,A,GE10,C10-S951_X_K,E_ITSP2,PC_ENT_CUSE,EA,2012,20.93,,
ESTAT:ISOC_SKE_ITSPE(1.0),10/02/25 23:00:00,A,GE10,C10-S951_X_K,E_ITSP2,PC_ENT_CUSE,EA,2014,20.46,,
ESTAT:ISOC_SKE_ITSPE(1.0),10/02/25 23:00:00,A,GE10,C10-S951_X_K,E_ITSP2,PC_ENT_CUSE,EA,2015,21.01,,
ESTAT:ISOC_SKE_ITSPE(1.0),10/02/25 23:00:00,A,GE10,C10-S951_X_K,E_ITSP2,PC_ENT_CUSE,EA,2016,21.17,,
ESTAT:ISOC_SKE_ITSPE(1.0),10/02/25 23:00:00,A,GE10,C10-S951_X_K,E_ITSP2,PC_ENT_CUSE,EA,2017,19.83,,
ESTAT:ISOC_SKE_ITSPE(1.0),10/02/25 23:00:00,A,GE10,C10-S951_X_K,E_ITSP2,PC_ENT_CUSE,EA,2018,19.61,,
ESTAT:ISOC_SKE_ITSPE(1.0),10/02/25 23:00:00,A,GE10,C10-S951_X_K,E_ITSP2,PC_ENT_CUSE,EA,2019,19.18,,
ESTAT:ISOC_SKE_ITSPE(1.0),10/02/25 23:00:00,A,GE10,C10-S951_X_K,E_ITSP2,PC_ENT_CUSE,EE,2012,18.23,,
ESTAT:ISOC_SKE_ITSPE(1.0),10/02/25 23:00:00,A,GE10,C10-S951_X_K,E_ITSP2,PC_ENT_CUSE,EE,2014,15.84,,
ESTAT:ISOC_SKE_ITSPE(1.0),10/02/25 23:00:00,A,GE10,C10-S951_X_K,E_ITSP2,PC_ENT_CUSE,EE,2015,15.01,,
ESTAT:ISOC_SKE_ITSPE(1.0),10/02/25 23:00:00,A,GE10,C10-S951_X_K,E_ITSP2,PC_ENT_CUSE,EE,2016,15.30,,
ESTAT:ISOC_SKE_ITSPE(1.0),10/02/25 23:00:00,A,GE10,C10-S951_X_K,E_ITSP2,PC_ENT_CUSE,EE,2017,15.56,,
ESTAT:ISOC_SKE_ITSPE(1.0),10/02/25 23:00:00,A,GE10,C10-S951_X_K,E_ITSP2,PC_ENT_CUSE,EE,2018,13.45,,
ESTAT:ISOC_SKE_ITSPE(1.0),10/02/25 23:00:00,A,GE10,C10-S951_X_K,E_ITSP2,PC_ENT_CUSE,EE,2019,14.92,,
ESTAT:ISOC_SKE_ITSPE(1.0),10/02/25 23:00:00,A,GE10,C10-S951_X_K,E_ITSP2,PC_ENT_CUSE,EL,2012,37.21,,
ESTAT:ISOC_SKE_ITSPE(1.0),10/02/25 23:00:00,A,GE10,C10-S951_X_K,E_ITSP2,PC_ENT_CUSE,EL,2014,27.01,,
ESTAT:ISOC_SKE_ITSPE(1.0),10/02/25 23:00:00,A,GE10,C10-S951_X_K,E_ITSP2,PC_ENT_CUSE,EL,2015,29.77,,
ESTAT:ISOC_SKE_ITSPE(1.0),10/02/25 23:00:00,A,GE10,C10-S951_X_K,E_ITSP2,PC_ENT_CUSE,EL,2016,33.38,,
ESTAT:ISOC_SKE_ITSPE(1.0),10/02/25 23:00:00,A,GE10,C10-S951_X_K,E_ITSP2,PC_ENT_CUSE,EL,2017,23.09,,
ESTAT:ISOC_SKE_ITSPE(1.0),10/02/25 23:00:00,A,GE10,C10-S951_X_K,E_ITSP2,PC_ENT_CUSE,EL,2018,25.31,,
ESTAT:ISOC_SKE_ITSPE(1.0),10/02/25 23:00:00,A,GE10,C10-S951_X_K,E_ITSP2,PC_ENT_CUSE,EL,2019,25.32,,
ESTAT:ISOC_SKE_ITSPE(1.0),10/02/25 23:00:00,A,GE10,C10-S951_X_K,E_ITSP2,PC_ENT_CUSE,ES,2012,22.94,,
ESTAT:ISOC_SKE_ITSPE(1.0),10/02/25 23:00:00,A,GE10,C10-S951_X_K,E_ITSP2,PC_ENT_CUSE,ES,2014,24.83,,
ESTAT:ISOC_SKE_ITSPE(1.0),10/02/25 23:00:00,A,GE10,C10-S951_X_K,E_ITSP2,PC_ENT_CUSE,ES,2015,25.58,,
ESTAT:ISOC_SKE_ITSPE(1.0),10/02/25 23:00:00,A,GE10,C10-S951_X_K,E_ITSP2,PC_ENT_CUSE,ES,2016,25.47,,
ESTAT:ISOC_SKE_ITSPE(1.0),10/02/25 23:00:00,A,GE10,C10-S951_X_K,E_ITSP2,PC_ENT_CUSE,ES,2017,21.10,,
ESTAT:ISOC_SKE_ITSPE(1.0),10/02/25 23:00:00,A,GE10,C10-S951_X_K,E_ITSP2,PC_ENT_CUSE,ES,2018,18.23,,
ESTAT:ISOC_SKE_ITSPE(1.0),10/02/25 23:00:00,A,GE10,C10-S951_X_K,E_ITSP2,PC_ENT_CUSE,ES,2019,16.88,,
ESTAT:ISOC_SKE_ITSPE(1.0),10/02/25 23:00:00,A,GE10,C10-S951_X_K,E_ITSP2,PC_ENT_CUSE,EU15,2012,22.52,,
ESTAT:ISOC_SKE_ITSPE(1.0),10/02/25 23:00:00,A,GE10,C10-S951_X_K,E_ITSP2,PC_ENT_CUSE,EU15,2014,21.31,,
ESTAT:ISOC_SKE_ITSPE(1.0),10/02/25 23:00:00,A,GE10,C10-S951_X_K,E_ITSP2,PC_ENT_CUSE,EU15,2015,21.43,,
ESTAT:ISOC_SKE_ITSPE(1.0),10/02/25 23:00:00,A,GE10,C10-S951_X_K,E_ITSP2,PC_ENT_CUSE,EU15,2016,21.75,,
ESTAT:ISOC_SKE_ITSPE(1.0),10/02/25 23:00:00,A,GE10,C10-S951_X_K,E_ITSP2,PC_ENT_CUSE,EU15,2017,20.51,,
ESTAT:ISOC_SKE_ITSPE(1.0),10/02/25 23:00:00,A,GE10,C10-S951_X_K,E_ITSP2,PC_ENT_CUSE,EU15,2018,20.73,,
ESTAT:ISOC_SKE_ITSPE(1.0),10/02/25 23:00:00,A,GE10,C10-S951_X_K,E_ITSP2,PC_ENT_CUSE,EU27_2007,2012,21.82,,
ESTAT:ISOC_SKE_ITSPE(1.0),10/02/25 23:00:00,A,GE10,C10-S951_X_K,E_ITSP2,PC_ENT_CUSE,EU27_2007,2014,20.43,,
ESTAT:ISOC_SKE_ITSPE(1.0),10/02/25 23:00:00,A,GE10,C10-S951_X_K,E_ITSP2,PC_ENT_CUSE,EU27_2007,2015,20.64,,
ESTAT:ISOC_SKE_ITSPE(1.0),10/02/25 23:00:00,A,GE10,C10-S951_X_K,E_ITSP2,PC_ENT_CUSE,EU27_2007,2016,20.94,,
ESTAT:ISOC_SKE_ITSPE(1.0),10/02/25 23:00:00,A,GE10,C10-S951_X_K,E_ITSP2,PC_ENT_CUSE,EU27_2007,2017,19.87,,
ESTAT:ISOC_SKE_ITSPE(1.0),10/02/25 23:00:00,A,GE10,C10-S951_X_K,E_ITSP2,PC_ENT_CUSE,EU27_2007,2018,20.09,,
ESTAT:ISOC_SKE_ITSPE(1.0),10/02/25 23:00:00,A,GE10,C10-S951_X_K,E_ITSP2,PC_ENT_CUSE,EU27_2020,2012,20.55,,
ESTAT:ISOC_SKE_ITSPE(1.0),10/02/25 23:00:00,A,GE10,C10-S951_X_K,E_ITSP2,PC_ENT_CUSE,EU27_2020,2014,19.74,,
ESTAT:ISOC_SKE_ITSPE(1.0),10/02/25 23:00:00,A,GE10,C10-S951_X_K,E_ITSP2,PC_ENT_CUSE,EU27_2020,2015,20.31,,
ESTAT:ISOC_SKE_ITSPE(1.0),10/02/25 23:00:00,A,GE10,C10-S951_X_K,E_ITSP2,PC_ENT_CUSE,EU27_2020,2016,20.40,,
ESTAT:ISOC_SKE_ITSPE(1.0),10/02/25 23:00:00,A,GE10,C10-S951_X_K,E_ITSP2,PC_ENT_CUSE,EU27_2020,2017,19.37,,
ESTAT:ISOC_SKE_ITSPE(1.0),10/02/25 23:00:00,A,GE10,C10-S951_X_K,E_ITSP2,PC_ENT_CUSE,EU27_2020,2018,19.29,,
ESTAT:ISOC_SKE_ITSPE(1.0),10/02/25 23:00:00,A,GE10,C10-S951_X_K,E_ITSP2,PC_ENT_CUSE,EU27_2020,2019,19.71,,
ESTAT:ISOC_SKE_ITSPE(1.0),10/02/25 23:00:00,A,GE10,C10-S951_X_K,E_ITSP2,PC_ENT_CUSE,EU28,2012,21.82,,
ESTAT:ISOC_SKE_ITSPE(1.0),10/02/25 23:00:00,A,GE10,C10-S951_X_K,E_ITSP2,PC_ENT_CUSE,EU28,2014,20.43,,
ESTAT:ISOC_SKE_ITSPE(1.0),10/02/25 23:00:00,A,GE10,C10-S951_X_K,E_ITSP2,PC_ENT_CUSE,EU28,2015,20.66,,
ESTAT:ISOC_SKE_ITSPE(1.0),10/02/25 23:00:00,A,GE10,C10-S951_X_K,E_ITSP2,PC_ENT_CUSE,EU28,2016,20.92,,
ESTAT:ISOC_SKE_ITSPE(1.0),10/02/25 23:00:00,A,GE10,C10-S951_X_K,E_ITSP2,PC_ENT_CUSE,EU28,2017,19.88,,
ESTAT:ISOC_SKE_ITSPE(1.0),10/02/25 23:00:00,A,GE10,C10-S951_X_K,E_ITSP2,PC_ENT_CUSE,EU28,2018,20.10,,
ESTAT:ISOC_SKE_ITSPE(1.0),10/02/25 23:00:00,A,GE10,C10-S951_X_K,E_ITSP2,PC_ENT_CUSE,EU28,2019,20.78,,
ESTAT:ISOC_SKE_ITSPE(1.0),10/02/25 23:00:00,A,GE10,C10-S951_X_K,E_ITSP2,PC_ENT_CUSE,FI,2012,32.93,,
ESTAT:ISOC_SKE_ITSPE(1.0),10/02/25 23:00:00,A,GE10,C10-S951_X_K,E_ITSP2,PC_ENT_CUSE,FI,2014,28.47,,
ESTAT:ISOC_SKE_ITSPE(1.0),10/02/25 23:00:00,A,GE10,C10-S951_X_K,E_ITSP2,PC_ENT_CUSE,FI,2015,24.97,,
ESTAT:ISOC_SKE_ITSPE(1.0),10/02/25 23:00:00,A,GE10,C10-S951_X_K,E_ITSP2,PC_ENT_CUSE,FI,2016,24.35,,
ESTAT:ISOC_SKE_ITSPE(1.0),10/02/25 23:00:00,A,GE10,C10-S951_X_K,E_ITSP2,PC_ENT_CUSE,FI,2017,25.96,,
ESTAT:ISOC_SKE_ITSPE(1.0),10/02/25 23:00:00,A,GE10,C10-S951_X_K,E_ITSP2,PC_ENT_CUSE,FI,2018,25.68,,
ESTAT:ISOC_SKE_ITSPE(1.0),10/02/25 23:00:00,A,GE10,C10-S951_X_K,E_ITSP2,PC_ENT_CUSE,FI,2019,25.60,,
ESTAT:ISOC_SKE_ITSPE(1.0),10/02/25 23:00:00,A,GE10,C10-S951_X_K,E_ITSP2,PC_ENT_CUSE,FR,2012,15.08,,
ESTAT:ISOC_SKE_ITSPE(1.0),10/02/25 23:00:00,A,GE10,C10-S951_X_K,E_ITSP2,PC_ENT_CUSE,FR,2014,14.78,,
ESTAT:ISOC_SKE_ITSPE(1.0),10/02/25 23:00:00,A,GE10,C10-S951_X_K,E_ITSP2,PC_ENT_CUSE,FR,2015,16.26,,
ESTAT:ISOC_SKE_ITSPE(1.0),10/02/25 23:00:00,A,GE10,C10-S951_X_K,E_ITSP2,PC_ENT_CUSE,FR,2016,15.58,,
ESTAT:ISOC_SKE_ITSPE(1.0),10/02/25 23:00:00,A,GE10,C10-S951_X_K,E_ITSP2,PC_ENT_CUSE,FR,2017,17.25,,
ESTAT:ISOC_SKE_ITSPE(1.0),10/02/25 23:00:00,A,GE10,C10-S951_X_K,E_ITSP2,PC_ENT_CUSE,FR,2018,17.05,,
ESTAT:ISOC_SKE_ITSPE(1.0),10/02/25 23:00:00,A,GE10,C10-S951_X_K,E_ITSP2,PC_ENT_CUSE,FR,2019,17.46,,
ESTAT:ISOC_SKE_ITSPE(1.0),10/02/25 23:00:00,A,GE10,C10-S951_X_K,E_ITSP2,PC_ENT_CUSE,HR,2012,21.36,,
ESTAT:ISOC_SKE_ITSPE(1.0),10/02/25 23:00:00,A,GE10,C10-S951_X_K,E_ITSP2,PC_ENT_CUSE,HR,2014,20.59,,
ESTAT:ISOC_SKE_ITSPE(1.0),10/02/25 23:00:00,A,GE10,C10-S951_X_K,E_ITSP2,PC_ENT_CUSE,HR,2015,24.69,,
ESTAT:ISOC_SKE_ITSPE(1.0),10/02/25 23:00:00,A,GE10,C10-S951_X_K,E_ITSP2,PC_ENT_CUSE,HR,2016,18.78,,
ESTAT:ISOC_SKE_ITSPE(1.0),10/02/25 23:00:00,A,GE10,C10-S951_X_K,E_ITSP2,PC_ENT_CUSE,HR,2017,20.84,,
ESTAT:ISOC_SKE_ITSPE(1.0),10/02/25 23:00:00,A,GE10,C10-S951_X_K,E_ITSP2,PC_ENT_CUSE,HR,2018,20.81,,
ESTAT:ISOC_SKE_ITSPE(1.0),10/02/25 23:00:00,A,GE10,C10-S951_X_K,E_ITSP2,PC_ENT_CUSE,HR,2019,19.57,,
ESTAT:ISOC_SKE_ITSPE(1.0),10/02/25 23:00:00,A,GE10,C10-S951_X_K,E_ITSP2,PC_ENT_CUSE,HU,2012,32.51,,
ESTAT:ISOC_SKE_ITSPE(1.0),10/02/25 23:00:00,A,GE10,C10-S951_X_K,E_ITSP2,PC_ENT_CUSE,HU,2014,29.28,,
ESTAT:ISOC_SKE_ITSPE(1.0),10/02/25 23:00:00,A,GE10,C10-S951_X_K,E_ITSP2,PC_ENT_CUSE,HU,2015,27.59,,
ESTAT:ISOC_SKE_ITSPE(1.0),10/02/25 23:00:00,A,GE10,C10-S951_X_K,E_ITSP2,PC_ENT_CUSE,HU,2016,27.51,,
ESTAT:ISOC_SKE_ITSPE(1.0),10/02/25 23:00:00,A,GE10,C10-S951_X_K,E_ITSP2,PC_ENT_CUSE,HU,2017,28.77,,
ESTAT:ISOC_SKE_ITSPE(1.0),10/02/25 23:00:00,A,GE10,C10-S951_X_K,E_ITSP2,PC_ENT_CUSE,HU,2018,28.03,,
ESTAT:ISOC_SKE_ITSPE(1.0),10/02/25 23:00:00,A,GE10,C10-S951_X_K,E_ITSP2,PC_ENT_CUSE,HU,2019,27.51,,
ESTAT:ISOC_SKE_ITSPE(1.0),10/02/25 23:00:00,A,GE10,C10-S951_X_K,E_ITSP2,PC_ENT_CUSE,IE,2012,33.77,,
ESTAT:ISOC_SKE_ITSPE(1.0),10/02/25 23:00:00,A,GE10,C10-S951_X_K,E_ITSP2,PC_ENT_CUSE,IE,2014,28.29,,
ESTAT:ISOC_SKE_ITSPE(1.0),10/02/25 23:00:00,A,GE10,C10-S951_X_K,E_ITSP2,PC_ENT_CUSE,IE,2015,31.23,,
ESTAT:ISOC_SKE_ITSPE(1.0),10/02/25 23:00:00,A,GE10,C10-S951_X_K,E_ITSP2,PC_ENT_CUSE,IE,2016,35.65,,
ESTAT:ISOC_SKE_ITSPE(1.0),10/02/25 23:00:00,A,GE10,C10-S951_X_K,E_ITSP2,PC_ENT_CUSE,IE,2017,33.27,,
ESTAT:ISOC_SKE_ITSPE(1.0),10/02/25 23:00:00,A,GE10,C10-S951_X_K,E_ITSP2,PC_ENT_CUSE,IE,2018,33.29,,
ESTAT:ISOC_SKE_ITSPE(1.0),10/02/25 23:00:00,A,GE10,C10-S951_X_K,E_ITSP2,PC_ENT_CUSE,IE,2019,32.60,,
ESTAT:ISOC_SKE_ITSPE(1.0),10/02/25 23:00:00,A,GE10,C10-S951_X_K,E_ITSP2,PC_ENT_CUSE,IS,2012,27.10,,
ESTAT:ISOC_SKE_ITSPE(1.0),10/02/25 23:00:00,A,GE10,C10-S951_X_K,E_ITSP2,PC_ENT_CUSE,IS,2014,23.13,,
ESTAT:ISOC_SKE_ITSPE(1.0),10/02/25 23:00:00,A,GE10,C10-S951_X_K,E_ITSP2,PC_ENT_CUSE,IS,2017,17.73,,
ESTAT:ISOC_SKE_ITSPE(1.0),10/02/25 23:00:00,A,GE10,C10-S951_X_K,E_ITSP2,PC_ENT_CUSE,IT,2012,14.46,,
ESTAT:ISOC_SKE_ITSPE(1.0),10/02/25 23:00:00,A,GE10,C10-S951_X_K,E_ITSP2,PC_ENT_CUSE,IT,2014,15.41,,
ESTAT:ISOC_SKE_ITSPE(1.0),10/02/25 23:00:00,A,GE10,C10-S951_X_K,E_ITSP2,PC_ENT_CUSE,IT,2015,16.96,,
ESTAT:ISOC_SKE_ITSPE(1.0),10/02/25 23:00:00,A,GE10,C10-S951_X_K,E_ITSP2,PC_ENT_CUSE,IT,2016,16.97,,
ESTAT:ISOC_SKE_ITSPE(1.0),10/02/25 23:00:00,A,GE10,C10-S951_X_K,E_ITSP2,PC_ENT_CUSE,IT,2017,16.35,,
ESTAT:ISOC_SKE_ITSPE(1.0),10/02/25 23:00:00,A,GE10,C10-S951_X_K,E_ITSP2,PC_ENT_CUSE,IT,2018,16.42,,
ESTAT:ISOC_SKE_ITSPE(1.0),10/02/25 23:00:00,A,GE10,C10-S951_X_K,E_ITSP2,PC_ENT_CUSE,IT,2019,16.14,,
ESTAT:ISOC_SKE_ITSPE(1.0),10/02/25 23:00:00,A,GE10,C10-S951_X_K,E_ITSP2,PC_ENT_CUSE,LT,2012,22.07,,
ESTAT:ISOC_SKE_ITSPE(1.0),10/02/25 23:00:00,A,GE10,C10-S951_X_K,E_ITSP2,PC_ENT_CUSE,LT,2014,16.00,,
ESTAT:ISOC_SKE_ITSPE(1.0),10/02/25 23:00:00,A,GE10,C10-S951_X_K,E_ITSP2,PC_ENT_CUSE,LT,2015,15.01,,
ESTAT:ISOC_SKE_ITSPE(1.0),10/02/25 23:00:00,A,GE10,C10-S951_X_K,E_ITSP2,PC_ENT_CUSE,LT,2016,15.43,,
ESTAT:ISOC_SKE_ITSPE(1.0),10/02/25 23:00:00,A,GE10,C10-S951_X_K,E_ITSP2,PC_ENT_CUSE,LT,2017,18.14,,
ESTAT:ISOC_SKE_ITSPE(1.0),10/02/25 23:00:00,A,GE10,C10-S951_X_K,E_ITSP2,PC_ENT_CUSE,LT,2018,17.05,,
ESTAT:ISOC_SKE_ITSPE(1.0),10/02/25 23:00:00,A,GE10,C10-S951_X_K,E_ITSP2,PC_ENT_CUSE,LT,2019,15.25,,
ESTAT:ISOC_SKE_ITSPE(1.0),10/02/25 23:00:00,A,GE10,C10-S951_X_K,E_ITSP2,PC_ENT_CUSE,LU,2012,32.33,,
ESTAT:ISOC_SKE_ITSPE(1.0),10/02/25 23:00:00,A,GE10,C10-S951_X_K,E_ITSP2,PC_ENT_CUSE,LU,2014,20.06,,
ESTAT:ISOC_SKE_ITSPE(1.0),10/02/25 23:00:00,A,GE10,C10-S951_X_K,E_ITSP2,PC_ENT_CUSE,LU,2015,24.79,,
ESTAT:ISOC_SKE_ITSPE(1.0),10/02/25 23:00:00,A,GE10,C10-S951_X_K,E_ITSP2,PC_ENT_CUSE,LU,2016,23.66,,
ESTAT:ISOC_SKE_ITSPE(1.0),10/02/25 23:00:00,A,GE10,C10-S951_X_K,E_ITSP2,PC_ENT_CUSE,LU,2017,24.41,,
ESTAT:ISOC_SKE_ITSPE(1.0),10/02/25 23:00:00,A,GE10,C10-S951_X_K,E_ITSP2,PC_ENT_CUSE,LU,2018,23.53,,
ESTAT:ISOC_SKE_ITSPE(1.0),10/02/25 23:00:00,A,GE10,C10-S951_X_K,E_ITSP2,PC_ENT_CUSE,LU,2019,24.53,,
ESTAT:ISOC_SKE_ITSPE(1.0),10/02/25 23:00:00,A,GE10,C10-S951_X_K,E_ITSP2,PC_ENT_CUSE,LV,2012,23.92,,
ESTAT:ISOC_SKE_ITSPE(1.0),10/02/25 23:00:00,A,GE10,C10-S951_X_K,E_ITSP2,PC_ENT_CUSE,LV,2014,21.11,,
ESTAT:ISOC_SKE_ITSPE(1.0),10/02/25 23:00:00,A,GE10,C10-S951_X_K,E_ITSP2,PC_ENT_CUSE,LV,2015,19.15,,
ESTAT:ISOC_SKE_ITSPE(1.0),10/02/25 23:00:00,A,GE10,C10-S951_X_K,E_ITSP2,PC_ENT_CUSE,LV,2016,17.61,,
ESTAT:ISOC_SKE_ITSPE(1.0),10/02/25 23:00:00,A,GE10,C10-S951_X_K,E_ITSP2,PC_ENT_CUSE,LV,2017,13.68,,
ESTAT:ISOC_SKE_ITSPE(1.0),10/02/25 23:00:00,A,GE10,C10-S951_X_K,E_ITSP2,PC_ENT_CUSE,LV,2018,15.51,,
ESTAT:ISOC_SKE_ITSPE(1.0),10/02/25 23:00:00,A,GE10,C10-S951_X_K,E_ITSP2,PC_ENT_CUSE,LV,2019,20.27,,
ESTAT:ISOC_SKE_ITSPE(1.0),10/02/25 23:00:00,A,GE10,C10-S951_X_K,E_ITSP2,PC_ENT_CUSE,ME,2016,18.75,,
ESTAT:ISOC_SKE_ITSPE(1.0),10/02/25 23:00:00,A,GE10,C10-S951_X_K,E_ITSP2,PC_ENT_CUSE,ME,2017,19.29,,
ESTAT:ISOC_SKE_ITSPE(1.0),10/02/25 23:00:00,A,GE10,C10-S951_X_K,E_ITSP2,PC_ENT_CUSE,ME,2018,19.88,,
ESTAT:ISOC_SKE_ITSPE(1.0),10/02/25 23:00:00,A,GE10,C10-S951_X_K,E_ITSP2,PC_ENT_CUSE,ME,2019,21.52,,
ESTAT:ISOC_SKE_ITSPE(1.0),10/02/25 23:00:00,A,GE10,C10-S951_X_K,E_ITSP2,PC_ENT_CUSE,MK,2012,18.13,,
ESTAT:ISOC_SKE_ITSPE(1.0),10/02/25 23:00:00,A,GE10,C10-S951_X_K,E_ITSP2,PC_ENT_CUSE,MK,2014,14.51,,
ESTAT:ISOC_SKE_ITSPE(1.0),10/02/25 23:00:00,A,GE10,C10-S951_X_K,E_ITSP2,PC_ENT_CUSE,MK,2015,13.14,,
ESTAT:ISOC_SKE_ITSPE(1.0),10/02/25 23:00:00,A,GE10,C10-S951_X_K,E_ITSP2,PC_ENT_CUSE,MK,2016,15.56,,
ESTAT:ISOC_SKE_ITSPE(1.0),10/02/25 23:00:00,A,GE10,C10-S951_X_K,E_ITSP2,PC_ENT_CUSE,MT,2012,26.75,,
ESTAT:ISOC_SKE_ITSPE(1.0),10/02/25 23:00:00,A,GE10,C10-S951_X_K,E_ITSP2,PC_ENT_CUSE,MT,2014,26.20,,
ESTAT:ISOC_SKE_ITSPE(1.0),10/02/25 23:00:00,A,GE10,C10-S951_X_K,E_ITSP2,PC_ENT_CUSE,MT,2015,27.05,,
ESTAT:ISOC_SKE_ITSPE(1.0),10/02/25 23:00:00,A,GE10,C10-S951_X_K,E_ITSP2,PC_ENT_CUSE,MT,2016,27.13,,
ESTAT:ISOC_SKE_ITSPE(1.0),10/02/25 23:00:00,A,GE10,C10-S951_X_K,E_ITSP2,PC_ENT_CUSE,MT,2017,24.39,,
ESTAT:ISOC_SKE_ITSPE(1.0),10/02/25 23:00:00,A,GE10,C10-S951_X_K,E_ITSP2,PC_ENT_CUSE,MT,2018,24.25,,
ESTAT:ISOC_SKE_ITSPE(1.0),10/02/25 23:00:00,A,GE10,C10-S951_X_K,E_ITSP2,PC_ENT_CUSE,MT,2019,27.95,,
ESTAT:ISOC_SKE_ITSPE(1.0),10/02/25 23:00:00,A,GE10,C10-S951_X_K,E_ITSP2,PC_ENT_CUSE,NL,2012,25.52,,
ESTAT:ISOC_SKE_ITSPE(1.0),10/02/25 23:00:00,A,GE10,C10-S951_X_K,E_ITSP2,PC_ENT_CUSE,NL,2014,26.92,,
ESTAT:ISOC_SKE_ITSPE(1.0),10/02/25 23:00:00,A,GE10,C10-S951_X_K,E_ITSP2,PC_ENT_CUSE,NL,2015,28.12,,
ESTAT:ISOC_SKE_ITSPE(1.0),10/02/25 23:00:00,A,GE10,C10-S951_X_K,E_ITSP2,PC_ENT_CUSE,NL,2016,26.27,,
ESTAT:ISOC_SKE_ITSPE(1.0),10/02/25 23:00:00,A,GE10,C10-S951_X_K,E_ITSP2,PC_ENT_CUSE,NL,2017,26.84,,
ESTAT:ISOC_SKE_ITSPE(1.0),10/02/25 23:00:00,A,GE10,C10-S951_X_K,E_ITSP2,PC_ENT_CUSE,NL,2018,27.35,,
ESTAT:ISOC_SKE_ITSPE(1.0),10/02/25 23:00:00,A,GE10,C10-S951_X_K,E_ITSP2,PC_ENT_CUSE,NL,2019,25.49,,
ESTAT:ISOC_SKE_ITSPE(1.0),10/02/25 23:00:00,A,GE10,C10-S951_X_K,E_ITSP2,PC_ENT_CUSE,NO,2012,31.32,,
ESTAT:ISOC_SKE_ITSPE(1.0),10/02/25 23:00:00,A,GE10,C10-S951_X_K,E_ITSP2,PC_ENT_CUSE,NO,2014,19.99,,
ESTAT:ISOC_SKE_ITSPE(1.0),10/02/25 23:00:00,A,GE10,C10-S951_X_K,E_ITSP2,PC_ENT_CUSE,NO,2015,19.23,,
ESTAT:ISOC_SKE_ITSPE(1.0),10/02/25 23:00:00,A,GE10,C10-S951_X_K,E_ITSP2,PC_ENT_CUSE,NO,2016,19.14,,
ESTAT:ISOC_SKE_ITSPE(1.0),10/02/25 23:00:00,A,GE10,C10-S951_X_K,E_ITSP2,PC_ENT_CUSE,NO,2017,18.79,,
ESTAT:ISOC_SKE_ITSPE(1.0),10/02/25 23:00:00,A,GE10,C10-S951_X_K,E_ITSP2,PC_ENT_CUSE,NO,2018,18.68,,
ESTAT:ISOC_SKE_ITSPE(1.0),10/02/25 23:00:00,A,GE10,C10-S951_X_K,E_ITSP2,PC_ENT_CUSE,NO,2019,19.16,,
ESTAT:ISOC_SKE_ITSPE(1.0),10/02/25 23:00:00,A,GE10,C10-S951_X_K,E_ITSP2,PC_ENT_CUSE,PL,2012,15.00,,
ESTAT:ISOC_SKE_ITSPE(1.0),10/02/25 23:00:00,A,GE10,C10-S951_X_K,E_ITSP2,PC_ENT_CUSE,PL,2014,10.82,,
ESTAT:ISOC_SKE_ITSPE(1.0),10/02/25 23:00:00,A,GE10,C10-S951_X_K,E_ITSP2,PC_ENT_CUSE,PL,2015,12.78,,
ESTAT:ISOC_SKE_ITSPE(1.0),10/02/25 23:00:00,A,GE10,C10-S951_X_K,E_ITSP2,PC_ENT_CUSE,PL,2016,13.17,,
ESTAT:ISOC_SKE_ITSPE(1.0),10/02/25 23:00:00,A,GE10,C10-S951_X_K,E_ITSP2,PC_ENT_CUSE,PL,2017,12.84,,
ESTAT:ISOC_SKE_ITSPE(1.0),10/02/25 23:00:00,A,GE10,C10-S951_X_K,E_ITSP2,PC_ENT_CUSE,PL,2018,13.75,,
ESTAT:ISOC_SKE_ITSPE(1.0),10/02/25 23:00:00,A,GE10,C10-S951_X_K,E_ITSP2,PC_ENT_CUSE,PL,2019,24.27,,
ESTAT:ISOC_SKE_ITSPE(1.0),10/02/25 23:00:00,A,GE10,C10-S951_X_K,E_ITSP2,PC_ENT_CUSE,PT,2012,29.32,,
ESTAT:ISOC_SKE_ITSPE(1.0),10/02/25 23:00:00,A,GE10,C10-S951_X_K,E_ITSP2,PC_ENT_CUSE,PT,2014,19.32,,
ESTAT:ISOC_SKE_ITSPE(1.0),10/02/25 23:00:00,A,GE10,C10-S951_X_K,E_ITSP2,PC_ENT_CUSE,PT,2015,20.00,,
ESTAT:ISOC_SKE_ITSPE(1.0),10/02/25 23:00:00,A,GE10,C10-S951_X_K,E_ITSP2,PC_ENT_CUSE,PT,2016,19.19,,
ESTAT:ISOC_SKE_ITSPE(1.0),10/02/25 23:00:00,A,GE10,C10-S951_X_K,E_ITSP2,PC_ENT_CUSE,PT,2017,20.05,,
ESTAT:ISOC_SKE_ITSPE(1.0),10/02/25 23:00:00,A,GE10,C10-S951_X_K,E_ITSP2,PC_ENT_CUSE,PT,2018,18.75,,
ESTAT:ISOC_SKE_ITSPE(1.0),10/02/25 23:00:00,A,GE10,C10-S951_X_K,E_ITSP2,PC_ENT_CUSE,PT,2019,21.34,,
ESTAT:ISOC_SKE_ITSPE(1.0),10/02/25 23:00:00,A,GE10,C10-S951_X_K,E_ITSP2,PC_ENT_CUSE,RO,2012,4.91,,
ESTAT:ISOC_SKE_ITSPE(1.0),10/02/25 23:00:00,A,GE10,C10-S951_X_K,E_ITSP2,PC_ENT_CUSE,RO,2014,13.35,,
ESTAT:ISOC_SKE_ITSPE(1.0),10/02/25 23:00:00,A,GE10,C10-S951_X_K,E_ITSP2,PC_ENT_CUSE,RO,2015,14.62,,
ESTAT:ISOC_SKE_ITSPE(1.0),10/02/25 23:00:00,A,GE10,C10-S951_X_K,E_ITSP2,PC_ENT_CUSE,RO,2016,13.09,,
ESTAT:ISOC_SKE_ITSPE(1.0),10/02/25 23:00:00,A,GE10,C10-S951_X_K,E_ITSP2,PC_ENT_CUSE,RO,2017,11.42,,
ESTAT:ISOC_SKE_ITSPE(1.0),10/02/25 23:00:00,A,GE10,C10-S951_X_K,E_ITSP2,PC_ENT_CUSE,RO,2018,12.95,,
ESTAT:ISOC_SKE_ITSPE(1.0),10/02/25 23:00:00,A,GE10,C10-S951_X_K,E_ITSP2,PC_ENT_CUSE,RO,2019,12.49,,
ESTAT:ISOC_SKE_ITSPE(1.0),10/02/25 23:00:00,A,GE10,C10-S951_X_K,E_ITSP2,PC_ENT_CUSE,RS,2014,22.55,,
ESTAT:ISOC_SKE_ITSPE(1.0),10/02/25 23:00:00,A,GE10,C10-S951_X_K,E_ITSP2,PC_ENT_CUSE,RS,2017,23.02,,
ESTAT:ISOC_SKE_ITSPE(1.0),10/02/25 23:00:00,A,GE10,C10-S951_X_K,E_ITSP2,PC_ENT_CUSE,RS,2018,20.72,,
ESTAT:ISOC_SKE_ITSPE(1.0),10/02/25 23:00:00,A,GE10,C10-S951_X_K,E_ITSP2,PC_ENT_CUSE,RS,2019,20.94,,
ESTAT:ISOC_SKE_ITSPE(1.0),10/02/25 23:00:00,A,GE10,C10-S951_X_K,E_ITSP2,PC_ENT_CUSE,SE,2012,22.66,,
ESTAT:ISOC_SKE_ITSPE(1.0),10/02/25 23:00:00,A,GE10,C10-S951_X_K,E_ITSP2,PC_ENT_CUSE,SE,2014,20.19,,
ESTAT:ISOC_SKE_ITSPE(1.0),10/02/25 23:00:00,A,GE10,C10-S951_X_K,E_ITSP2,PC_ENT_CUSE,SE,2015,19.39,,
ESTAT:ISOC_SKE_ITSPE(1.0),10/02/25 23:00:00,A,GE10,C10-S951_X_K,E_ITSP2,PC_ENT_CUSE,SE,2016,17.69,,
ESTAT:ISOC_SKE_ITSPE(1.0),10/02/25 23:00:00,A,GE10,C10-S951_X_K,E_ITSP2,PC_ENT_CUSE,SE,2017,20.32,,
ESTAT:ISOC_SKE_ITSPE(1.0),10/02/25 23:00:00,A,GE10,C10-S951_X_K,E_ITSP2,PC_ENT_CUSE,SE,2018,19.08,,
ESTAT:ISOC_SKE_ITSPE(1.0),10/02/25 23:00:00,A,GE10,C10-S951_X_K,E_ITSP2,PC_ENT_CUSE,SE,2019,18.27,,
ESTAT:ISOC_SKE_ITSPE(1.0),10/02/25 23:00:00,A,GE10,C10-S951_X_K,E_ITSP2,PC_ENT_CUSE,SI,2012,21.24,,
ESTAT:ISOC_SKE_ITSPE(1.0),10/02/25 23:00:00,A,GE10,C10-S951_X_K,E_ITSP2,PC_ENT_CUSE,SI,2014,19.91,,
ESTAT:ISOC_SKE_ITSPE(1.0),10/02/25 23:00:00,A,GE10,C10-S951_X_K,E_ITSP2,PC_ENT_CUSE,SI,2015,20.05,,
ESTAT:ISOC_SKE_ITSPE(1.0),10/02/25 23:00:00,A,GE10,C10-S951_X_K,E_ITSP2,PC_ENT_CUSE,SI,2016,20.14,,
ESTAT:ISOC_SKE_ITSPE(1.0),10/02/25 23:00:00,A,GE10,C10-S951_X_K,E_ITSP2,PC_ENT_CUSE,SI,2017,19.27,,
ESTAT:ISOC_SKE_ITSPE(1.0),10/02/25 23:00:00,A,GE10,C10-S951_X_K,E_ITSP2,PC_ENT_CUSE,SI,2018,20.59,,
ESTAT:ISOC_SKE_ITSPE(1.0),10/02/25 23:00:00,A,GE10,C10-S951_X_K,E_ITSP2,PC_ENT_CUSE,SI,2019,18.18,,
ESTAT:ISOC_SKE_ITSPE(1.0),10/02/25 23:00:00,A,GE10,C10-S951_X_K,E_ITSP2,PC_ENT_CUSE,SK,2012,25.08,,
ESTAT:ISOC_SKE_ITSPE(1.0),10/02/25 23:00:00,A,GE10,C10-S951_X_K,E_ITSP2,PC_ENT_CUSE,SK,2014,18.79,,
ESTAT:ISOC_SKE_ITSPE(1.0),10/02/25 23:00:00,A,GE10,C10-S951_X_K,E_ITSP2,PC_ENT_CUSE,SK,2015,19.90,,
ESTAT:ISOC_SKE_ITSPE(1.0),10/02/25 23:00:00,A,GE10,C10-S951_X_K,E_ITSP2,PC_ENT_CUSE,SK,2016,20.46,,
ESTAT:ISOC_SKE_ITSPE(1.0),10/02/25 23:00:00,A,GE10,C10-S951_X_K,E_ITSP2,PC_ENT_CUSE,SK,2017,20.08,,
ESTAT:ISOC_SKE_ITSPE(1.0),10/02/25 23:00:00,A,GE10,C10-S951_X_K,E_ITSP2,PC_ENT_CUSE,SK,2018,18.01,,
ESTAT:ISOC_SKE_ITSPE(1.0),10/02/25 23:00:00,A,GE10,C10-S951_X_K,E_ITSP2,PC_ENT_CUSE,SK,2019,18.37,,
ESTAT:ISOC_SKE_ITSPE(1.0),10/02/25 23:00:00,A,GE10,C10-S951_X_K,E_ITSP2,PC_ENT_CUSE,TR,2015,,u,
ESTAT:ISOC_SKE_ITSPE(1.0),10/02/25 23:00:00,A,GE10,C10-S951_X_K,E_ITSP2,PC_ENT_CUSE,TR,2018,11.99,,
ESTAT:ISOC_SKE_ITSPE(1.0),10/02/25 23:00:00,A,GE10,C10-S951_X_K,E_ITSP2,PC_ENT_CUSE,TR,2019,14.21,,
ESTAT:ISOC_SKE_ITSPE(1.0),10/02/25 23:00:00,A,GE10,C10-S951_X_K,E_ITSP2,PC_ENT_CUSE,UK,2012,31.61,,
ESTAT:ISOC_SKE_ITSPE(1.0),10/02/25 23:00:00,A,GE10,C10-S951_X_K,E_ITSP2,PC_ENT_CUSE,UK,2014,25.33,,
ESTAT:ISOC_SKE_ITSPE(1.0),10/02/25 23:00:00,A,GE10,C10-S951_X_K,E_ITSP2,PC_ENT_CUSE,UK,2015,22.98,,
ESTAT:ISOC_SKE_ITSPE(1.0),10/02/25 23:00:00,A,GE10,C10-S951_X_K,E_ITSP2,PC_ENT_CUSE,UK,2016,24.51,,
ESTAT:ISOC_SKE_ITSPE(1.0),10/02/25 23:00:00,A,GE10,C10-S951_X_K,E_ITSP2,PC_ENT_CUSE,UK,2017,23.40,,
ESTAT:ISOC_SKE_ITSPE(1.0),10/02/25 23:00:00,A,GE10,C10-S951_X_K,E_ITSP2,PC_ENT_CUSE,UK,2018,25.83,,
ESTAT:ISOC_SKE_ITSPE(1.0),10/02/25 23:00:00,A,GE10,C10-S951_X_K,E_ITSP2,PC_ENT_CUSE,UK,2019,28.32,,
ESTAT:ISOC_SKE_ITSPE(1.0),10/02/25 23:00:00,A,GE250,C10-S951_X_K,E_ITSP2,PC_ENT,AL,2022,79.38,b,
ESTAT:ISOC_SKE_ITSPE(1.0),10/02/25 23:00:00,A,GE250,C10-S951_X_K,E_ITSP2,PC_ENT,AT,2012,86.88,,
ESTAT:ISOC_SKE_ITSPE(1.0),10/02/25 23:00:00,A,GE250,C10-S951_X_K,E_ITSP2,PC_ENT,AT,2014,87.24,,
ESTAT:ISOC_SKE_ITSPE(1.0),10/02/25 23:00:00,A,GE250,C10-S951_X_K,E_ITSP2,PC_ENT,AT,2015,89.35,,
ESTAT:ISOC_SKE_ITSPE(1.0),10/02/25 23:00:00,A,GE250,C10-S951_X_K,E_ITSP2,PC_ENT,AT,2016,85.21,,
ESTAT:ISOC_SKE_ITSPE(1.0),10/02/25 23:00:00,A,GE250,C10-S951_X_K,E_ITSP2,PC_ENT,AT,2017,87.32,,
ESTAT:ISOC_SKE_ITSPE(1.0),10/02/25 23:00:00,A,GE250,C10-S951_X_K,E_ITSP2,PC_ENT,AT,2018,84.39,,
ESTAT:ISOC_SKE_ITSPE(1.0),10/02/25 23:00:00,A,GE250,C10-S951_X_K,E_ITSP2,PC_ENT,AT,2019,82.59,,
ESTAT:ISOC_SKE_ITSPE(1.0),10/02/25 23:00:00,A,GE250,C10-S951_X_K,E_ITSP2,PC_ENT,AT,2020,84.17,,
ESTAT:ISOC_SKE_ITSPE(1.0),10/02/25 23:00:00,A,GE250,C10-S951_X_K,E_ITSP2,PC_ENT,AT,2022,81.62,,
ESTAT:ISOC_SKE_ITSPE(1.0),10/02/25 23:00:00,A,GE250,C10-S951_X_K,E_ITSP2,PC_ENT,AT,2024,80.66,,
ESTAT:ISOC_SKE_ITSPE(1.0),10/02/25 23:00:00,A,GE250,C10-S951_X_K,E_ITSP2,PC_ENT,BA,2018,66.40,,
ESTAT:ISOC_SKE_ITSPE(1.0),10/02/25 23:00:00,A,GE250,C10-S951_X_K,E_ITSP2,PC_ENT,BA,2019,70.14,,
ESTAT:ISOC_SKE_ITSPE(1.0),10/02/25 23:00:00,A,GE250,C10-S951_X_K,E_ITSP2,PC_ENT,BA,2020,73.01,,
ESTAT:ISOC_SKE_ITSPE(1.0),10/02/25 23:00:00,A,GE250,C10-S951_X_K,E_ITSP2,PC_ENT,BA,2022,59.75,,
ESTAT:ISOC_SKE_ITSPE(1.0),10/02/25 23:00:00,A,GE250,C10-S951_X_K,E_ITSP2,PC_ENT,BA,2024,66.14,,
ESTAT:ISOC_SKE_ITSPE(1.0),10/02/25 23:00:00,A,GE250,C10-S951_X_K,E_ITSP2,PC_ENT,BE,2012,84.25,,
ESTAT:ISOC_SKE_ITSPE(1.0),10/02/25 23:00:00,A,GE250,C10-S951_X_K,E_ITSP2,PC_ENT,BE,2014,84.45,,
ESTAT:ISOC_SKE_ITSPE(1.0),10/02/25 23:00:00,A,GE250,C10-S951_X_K,E_ITSP2,PC_ENT,BE,2015,85.41,,
ESTAT:ISOC_SKE_ITSPE(1.0),10/02/25 23:00:00,A,GE250,C10-S951_X_K,E_ITSP2,PC_ENT,BE,2016,84.64,,
ESTAT:ISOC_SKE_ITSPE(1.0),10/02/25 23:00:00,A,GE250,C10-S951_X_K,E_ITSP2,PC_ENT,BE,2017,86.63,,
ESTAT:ISOC_SKE_ITSPE(1.0),10/02/25 23:00:00,A,GE250,C10-S951_X_K,E_ITSP2,PC_ENT,BE,2018,86.43,,
ESTAT:ISOC_SKE_ITSPE(1.0),10/02/25 23:00:00,A,GE250,C10-S951_X_K,E_ITSP2,PC_ENT,BE,2019,87.62,,
ESTAT:ISOC_SKE_ITSPE(1.0),10/02/25 23:00:00,A,GE250,C10-S951_X_K,E_ITSP2,PC_ENT,BE,2020,88.19,,
ESTAT:ISOC_SKE_ITSPE(1.0),10/02/25 23:00:00,A,GE250,C10-S951_X_K,E_ITSP2,PC_ENT,BE,2022,88.96,,
ESTAT:ISOC_SKE_ITSPE(1.0),10/02/25 23:00:00,A,GE250,C10-S951_X_K,E_ITSP2,PC_ENT,BE,2024,89.52,,
ESTAT:ISOC_SKE_ITSPE(1.0),10/02/25 23:00:00,A,GE250,C10-S951_X_K,E_ITSP2,PC_ENT,BG,2012,23.57,,
ESTAT:ISOC_SKE_ITSPE(1.0),10/02/25 23:00:00,A,GE250,C10-S951_X_K,E_ITSP2,PC_ENT,BG,2014,57.94,,
ESTAT:ISOC_SKE_ITSPE(1.0),10/02/25 23:00:00,A,GE250,C10-S951_X_K,E_ITSP2,PC_ENT,BG,2015,60.88,,
ESTAT:ISOC_SKE_ITSPE(1.0),10/02/25 23:00:00,A,GE250,C10-S951_X_K,E_ITSP2,PC_ENT,BG,2016,61.06,,
ESTAT:ISOC_SKE_ITSPE(1.0),10/02/25 23:00:00,A,GE250,C10-S951_X_K,E_ITSP2,PC_ENT,BG,2017,63.43,,
ESTAT:ISOC_SKE_ITSPE(1.0),10/02/25 23:00:00,A,GE250,C10-S951_X_K,E_ITSP2,PC_ENT,BG,2018,64.65,,
ESTAT:ISOC_SKE_ITSPE(1.0),10/02/25 23:00:00,A,GE250,C10-S951_X_K,E_ITSP2,PC_ENT,BG,2019,61.19,,
ESTAT:ISOC_SKE_ITSPE(1.0),10/02/25 23:00:00,A,GE250,C10-S951_X_K,E_ITSP2,PC_ENT,BG,2020,61.30,,
ESTAT:ISOC_SKE_ITSPE(1.0),10/02/25 23:00:00,A,GE250,C10-S951_X_K,E_ITSP2,PC_ENT,BG,2022,60.93,,
ESTAT:ISOC_SKE_ITSPE(1.0),10/02/25 23:00:00,A,GE250,C10-S951_X_K,E_ITSP2,PC_ENT,BG,2024,61.66,,
ESTAT:ISOC_SKE_ITSPE(1.0),10/02/25 23:00:00,A,GE250,C10-S951_X_K,E_ITSP2,PC_ENT,CY,2012,78.62,,
ESTAT:ISOC_SKE_ITSPE(1.0),10/02/25 23:00:00,A,GE250,C10-S951_X_K,E_ITSP2,PC_ENT,CY,2014,88.73,,
ESTAT:ISOC_SKE_ITSPE(1.0),10/02/25 23:00:00,A,GE250,C10-S951_X_K,E_ITSP2,PC_ENT,CY,2015,82.07,,
ESTAT:ISOC_SKE_ITSPE(1.0),10/02/25 23:00:00,A,GE250,C10-S951_X_K,E_ITSP2,PC_ENT,CY,2016,87.00,,
ESTAT:ISOC_SKE_ITSPE(1.0),10/02/25 23:00:00,A,GE250,C10-S951_X_K,E_ITSP2,PC_ENT,CY,2017,79.43,,
ESTAT:ISOC_SKE_ITSPE(1.0),10/02/25 23:00:00,A,GE250,C10-S951_X_K,E_ITSP2,PC_ENT,CY,2018,88.41,,
ESTAT:ISOC_SKE_ITSPE(1.0),10/02/25 23:00:00,A,GE250,C10-S951_X_K,E_ITSP2,PC_ENT,CY,2019,82.00,,
ESTAT:ISOC_SKE_ITSPE(1.0),10/02/25 23:00:00,A,GE250,C10-S951_X_K,E_ITSP2,PC_ENT,CY,2020,81.59,,
ESTAT:ISOC_SKE_ITSPE(1.0),10/02/25 23:00:00,A,GE250,C10-S951_X_K,E_ITSP2,PC_ENT,CY,2022,73.33,,
ESTAT:ISOC_SKE_ITSPE(1.0),10/02/25 23:00:00,A,GE250,C10-S951_X_K,E_ITSP2,PC_ENT,CY,2024,85.85,,
ESTAT:ISOC_SKE_ITSPE(1.0),10/02/25 23:00:00,A,GE250,C10-S951_X_K,E_ITSP2,PC_ENT,CZ,2012,82.81,,
ESTAT:ISOC_SKE_ITSPE(1.0),10/02/25 23:00:00,A,GE250,C10-S951_X_K,E_ITSP2,PC_ENT,CZ,2014,79.22,,
ESTAT:ISOC_SKE_ITSPE(1.0),10/02/25 23:00:00,A,GE250,C10-S951_X_K,E_ITSP2,PC_ENT,CZ,2015,79.19,,
ESTAT:ISOC_SKE_ITSPE(1.0),10/02/25 23:00:00,A,GE250,C10-S951_X_K,E_ITSP2,PC_ENT,CZ,2016,80.86,,
ESTAT:ISOC_SKE_ITSPE(1.0),10/02/25 23:00:00,A,GE250,C10-S951_X_K,E_ITSP2,PC_ENT,CZ,2017,81.24,,
ESTAT:ISOC_SKE_ITSPE(1.0),10/02/25 23:00:00,A,GE250,C10-S951_X_K,E_ITSP2,PC_ENT,CZ,2018,81.45,,
ESTAT:ISOC_SKE_ITSPE(1.0),10/02/25 23:00:00,A,GE250,C10-S951_X_K,E_ITSP2,PC_ENT,CZ,2019,80.51,,
ESTAT:ISOC_SKE_ITSPE(1.0),10/02/25 23:00:00,A,GE250,C10-S951_X_K,E_ITSP2,PC_ENT,CZ,2020,80.06,,
ESTAT:ISOC_SKE_ITSPE(1.0),10/02/25 23:00:00,A,GE250,C10-S951_X_K,E_ITSP2,PC_ENT,CZ,2022,83.00,,
ESTAT:ISOC_SKE_ITSPE(1.0),10/02/25 23:00:00,A,GE250,C10-S951_X_K,E_ITSP2,PC_ENT,CZ,2024,81.33,,
ESTAT:ISOC_SKE_ITSPE(1.0),10/02/25 23:00:00,A,GE250,C10-S951_X_K,E_ITSP2,PC_ENT,DE,2012,83.13,,
ESTAT:ISOC_SKE_ITSPE(1.0),10/02/25 23:00:00,A,GE250,C10-S951_X_K,E_ITSP2,PC_ENT,DE,2014,80.13,,
ESTAT:ISOC_SKE_ITSPE(1.0),10/02/25 23:00:00,A,GE250,C10-S951_X_K,E_ITSP2,PC_ENT,DE,2015,81.84,,
ESTAT:ISOC_SKE_ITSPE(1.0),10/02/25 23:00:00,A,GE250,C10-S951_X_K,E_ITSP2,PC_ENT,DE,2016,77.12,,
ESTAT:ISOC_SKE_ITSPE(1.0),10/02/25 23:00:00,A,GE250,C10-S951_X_K,E_ITSP2,PC_ENT,DE,2017,76.77,,
ESTAT:ISOC_SKE_ITSPE(1.0),10/02/25 23:00:00,A,GE250,C10-S951_X_K,E_ITSP2,PC_ENT,DE,2018,76.14,,
ESTAT:ISOC_SKE_ITSPE(1.0),10/02/25 23:00:00,A,GE250,C10-S951_X_K,E_ITSP2,PC_ENT,DE,2019,77.02,,
ESTAT:ISOC_SKE_ITSPE(1.0),10/02/25 23:00:00,A,GE250,C10-S951_X_K,E_ITSP2,PC_ENT,DE,2020,78.46,,
ESTAT:ISOC_SKE_ITSPE(1.0),10/02/25 23:00:00,A,GE250,C10-S951_X_K,E_ITSP2,PC_ENT,DE,2022,78.95,,
ESTAT:ISOC_SKE_ITSPE(1.0),10/02/25 23:00:00,A,GE250,C10-S951_X_K,E_ITSP2,PC_ENT,DE,2024,81.25,,
ESTAT:ISOC_SKE_ITSPE(1.0),10/02/25 23:00:00,A,GE250,C10-S951_X_K,E_ITSP2,PC_ENT,DK,2012,89.98,,
ESTAT:ISOC_SKE_ITSPE(1.0),10/02/25 23:00:00,A,GE250,C10-S951_X_K,E_ITSP2,PC_ENT,DK,2014,86.78,,
ESTAT:ISOC_SKE_ITSPE(1.0),10/02/25 23:00:00,A,GE250,C10-S951_X_K,E_ITSP2,PC_ENT,DK,2015,87.45,,
ESTAT:ISOC_SKE_ITSPE(1.0),10/02/25 23:00:00,A,GE250,C10-S951_X_K,E_ITSP2,PC_ENT,DK,2016,84.72,,
ESTAT:ISOC_SKE_ITSPE(1.0),10/02/25 23:00:00,A,GE250,C10-S951_X_K,E_ITSP2,PC_ENT,DK,2017,84.39,,
ESTAT:ISOC_SKE_ITSPE(1.0),10/02/25 23:00:00,A,GE250,C10-S951_X_K,E_ITSP2,PC_ENT,DK,2018,85.06,,
ESTAT:ISOC_SKE_ITSPE(1.0),10/02/25 23:00:00,A,GE250,C10-S951_X_K,E_ITSP2,PC_ENT,DK,2019,85.47,,
ESTAT:ISOC_SKE_ITSPE(1.0),10/02/25 23:00:00,A,GE250,C10-S951_X_K,E_ITSP2,PC_ENT,DK,2020,88.30,,
ESTAT:ISOC_SKE_ITSPE(1.0),10/02/25 23:00:00,A,GE250,C10-S951_X_K,E_ITSP2,PC_ENT,DK,2022,89.72,,
ESTAT:ISOC_SKE_ITSPE(1.0),10/02/25 23:00:00,A,GE250,C10-S951_X_K,E_ITSP2,PC_ENT,DK,2024,89.05,,
ESTAT:ISOC_SKE_ITSPE(1.0),10/02/25 23:00:00,A,GE250,C10-S951_X_K,E_ITSP2,PC_ENT,EA,2012,78.10,,
ESTAT:ISOC_SKE_ITSPE(1.0),10/02/25 23:00:00,A,GE250,C10-S951_X_K,E_ITSP2,PC_ENT,EA,2014,77.01,,
ESTAT:ISOC_SKE_ITSPE(1.0),10/02/25 23:00:00,A,GE250,C10-S951_X_K,E_ITSP2,PC_ENT,EA,2015,79.42,,
ESTAT:ISOC_SKE_ITSPE(1.0),10/02/25 23:00:00,A,GE250,C10-S951_X_K,E_ITSP2,PC_ENT,EA,2016,76.41,,
ESTAT:ISOC_SKE_ITSPE(1.0),10/02/25 23:00:00,A,GE250,C10-S951_X_K,E_ITSP2,PC_ENT,EA,2017,75.83,,
ESTAT:ISOC_SKE_ITSPE(1.0),10/02/25 23:00:00,A,GE250,C10-S951_X_K,E_ITSP2,PC_ENT,EA,2018,76.00,,
ESTAT:ISOC_SKE_ITSPE(1.0),10/02/25 23:00:00,A,GE250,C10-S951_X_K,E_ITSP2,PC_ENT,EA,2019,75.78,,
ESTAT:ISOC_SKE_ITSPE(1.0),10/02/25 23:00:00,A,GE250,C10-S951_X_K,E_ITSP2,PC_ENT,EA,2020,76.39,,
ESTAT:ISOC_SKE_ITSPE(1.0),10/02/25 23:00:00,A,GE250,C10-S951_X_K,E_ITSP2,PC_ENT,EA,2022,77.37,,
ESTAT:ISOC_SKE_ITSPE(1.0),10/02/25 23:00:00,A,GE250,C10-S951_X_K,E_ITSP2,PC_ENT,EA,2024,78.31,,
ESTAT:ISOC_SKE_ITSPE(1.0),10/02/25 23:00:00,A,GE250,C10-S951_X_K,E_ITSP2,PC_ENT,EE,2012,74.31,,
ESTAT:ISOC_SKE_ITSPE(1.0),10/02/25 23:00:00,A,GE250,C10-S951_X_K,E_ITSP2,PC_ENT,EE,2014,70.95,,
ESTAT:ISOC_SKE_ITSPE(1.0),10/02/25 23:00:00,A,GE250,C10-S951_X_K,E_ITSP2,PC_ENT,EE,2015,69.03,,
ESTAT:ISOC_SKE_ITSPE(1.0),10/02/25 23:00:00,A,GE250,C10-S951_X_K,E_ITSP2,PC_ENT,EE,2016,69.66,,
ESTAT:ISOC_SKE_ITSPE(1.0),10/02/25 23:00:00,A,GE250,C10-S951_X_K,E_ITSP2,PC_ENT,EE,2017,69.80,,
ESTAT:ISOC_SKE_ITSPE(1.0),10/02/25 23:00:00,A,GE250,C10-S951_X_K,E_ITSP2,PC_ENT,EE,2018,61.68,,
ESTAT:ISOC_SKE_ITSPE(1.0),10/02/25 23:00:00,A,GE250,C10-S951_X_K,E_ITSP2,PC_ENT,EE,2019,65.42,,
ESTAT:ISOC_SKE_ITSPE(1.0),10/02/25 23:00:00,A,GE250,C10-S951_X_K,E_ITSP2,PC_ENT,EE,2020,68.55,,
ESTAT:ISOC_SKE_ITSPE(1.0),10/02/25 23:00:00,A,GE250,C10-S951_X_K,E_ITSP2,PC_ENT,EE,2022,72.67,,
ESTAT:ISOC_SKE_ITSPE(1.0),10/02/25 23:00:00,A,GE250,C10-S951_X_K,E_ITSP2,PC_ENT,EE,2024,79.25,,
ESTAT:ISOC_SKE_ITSPE(1.0),10/02/25 23:00:00,A,GE250,C10-S951_X_K,E_ITSP2,PC_ENT,EL,2012,87.38,,
ESTAT:ISOC_SKE_ITSPE(1.0),10/02/25 23:00:00,A,GE250,C10-S951_X_K,E_ITSP2,PC_ENT,EL,2014,66.19,,
ESTAT:ISOC_SKE_ITSPE(1.0),10/02/25 23:00:00,A,GE250,C10-S951_X_K,E_ITSP2,PC_ENT,EL,2015,85.46,,
ESTAT:ISOC_SKE_ITSPE(1.0),10/02/25 23:00:00,A,GE250,C10-S951_X_K,E_ITSP2,PC_ENT,EL,2016,82.88,,
ESTAT:ISOC_SKE_ITSPE(1.0),10/02/25 23:00:00,A,GE250,C10-S951_X_K,E_ITSP2,PC_ENT,EL,2017,79.53,,
ESTAT:ISOC_SKE_ITSPE(1.0),10/02/25 23:00:00,A,GE250,C10-S951_X_K,E_ITSP2,PC_ENT,EL,2018,80.84,,
ESTAT:ISOC_SKE_ITSPE(1.0),10/02/25 23:00:00,A,GE250,C10-S951_X_K,E_ITSP2,PC_ENT,EL,2019,82.51,,
ESTAT:ISOC_SKE_ITSPE(1.0),10/02/25 23:00:00,A,GE250,C10-S951_X_K,E_ITSP2,PC_ENT,EL,2020,70.33,,
ESTAT:ISOC_SKE_ITSPE(1.0),10/02/25 23:00:00,A,GE250,C10-S951_X_K,E_ITSP2,PC_ENT,EL,2022,75.19,,
ESTAT:ISOC_SKE_ITSPE(1.0),10/02/25 23:00:00,A,GE250,C10-S951_X_K,E_ITSP2,PC_ENT,EL,2024,84.30,,
ESTAT:ISOC_SKE_ITSPE(1.0),10/02/25 23:00:00,A,GE250,C10-S951_X_K,E_ITSP2,PC_ENT,ES,2012,73.34,,
ESTAT:ISOC_SKE_ITSPE(1.0),10/02/25 23:00:00,A,GE250,C10-S951_X_K,E_ITSP2,PC_ENT,ES,2014,70.33,,
ESTAT:ISOC_SKE_ITSPE(1.0),10/02/25 23:00:00,A,GE250,C10-S951_X_K,E_ITSP2,PC_ENT,ES,2015,74.56,,
ESTAT:ISOC_SKE_ITSPE(1.0),10/02/25 23:00:00,A,GE250,C10-S951_X_K,E_ITSP2,PC_ENT,ES,2016,74.12,,
ESTAT:ISOC_SKE_ITSPE(1.0),10/02/25 23:00:00,A,GE250,C10-S951_X_K,E_ITSP2,PC_ENT,ES,2017,72.27,,
ESTAT:ISOC_SKE_ITSPE(1.0),10/02/25 23:00:00,A,GE250,C10-S951_X_K,E_ITSP2,PC_ENT,ES,2018,71.10,,
ESTAT:ISOC_SKE_ITSPE(1.0),10/02/25 23:00:00,A,GE250,C10-S951_X_K,E_ITSP2,PC_ENT,ES,2019,64.63,,
ESTAT:ISOC_SKE_ITSPE(1.0),10/02/25 23:00:00,A,GE250,C10-S951_X_K,E_ITSP2,PC_ENT,ES,2020,66.75,,
ESTAT:ISOC_SKE_ITSPE(1.0),10/02/25 23:00:00,A,GE250,C10-S951_X_K,E_ITSP2,PC_ENT,ES,2022,71.83,,
ESTAT:ISOC_SKE_ITSPE(1.0),10/02/25 23:00:00,A,GE250,C10-S951_X_K,E_ITSP2,PC_ENT,ES,2024,69.42,,
ESTAT:ISOC_SKE_ITSPE(1.0),10/02/25 23:00:00,A,GE250,C10-S951_X_K,E_ITSP2,PC_ENT,EU15,2012,78.81,,
ESTAT:ISOC_SKE_ITSPE(1.0),10/02/25 23:00:00,A,GE250,C10-S951_X_K,E_ITSP2,PC_ENT,EU15,2014,77.13,,
ESTAT:ISOC_SKE_ITSPE(1.0),10/02/25 23:00:00,A,GE250,C10-S951_X_K,E_ITSP2,PC_ENT,EU15,2015,79.20,,
ESTAT:ISOC_SKE_ITSPE(1.0),10/02/25 23:00:00,A,GE250,C10-S951_X_K,E_ITSP2,PC_ENT,EU15,2016,76.28,,
ESTAT:ISOC_SKE_ITSPE(1.0),10/02/25 23:00:00,A,GE250,C10-S951_X_K,E_ITSP2,PC_ENT,EU15,2017,76.06,,
ESTAT:ISOC_SKE_ITSPE(1.0),10/02/25 23:00:00,A,GE250,C10-S951_X_K,E_ITSP2,PC_ENT,EU15,2018,76.08,,
ESTAT:ISOC_SKE_ITSPE(1.0),10/02/25 23:00:00,A,GE250,C10-S951_X_K,E_ITSP2,PC_ENT,EU27_2007,2012,74.84,,
ESTAT:ISOC_SKE_ITSPE(1.0),10/02/25 23:00:00,A,GE250,C10-S951_X_K,E_ITSP2,PC_ENT,EU27_2007,2014,75.60,,
ESTAT:ISOC_SKE_ITSPE(1.0),10/02/25 23:00:00,A,GE250,C10-S951_X_K,E_ITSP2,PC_ENT,EU27_2007,2015,77.27,,
ESTAT:ISOC_SKE_ITSPE(1.0),10/02/25 23:00:00,A,GE250,C10-S951_X_K,E_ITSP2,PC_ENT,EU27_2007,2016,75.04,,
ESTAT:ISOC_SKE_ITSPE(1.0),10/02/25 23:00:00,A,GE250,C10-S951_X_K,E_ITSP2,PC_ENT,EU27_2007,2017,74.60,,
ESTAT:ISOC_SKE_ITSPE(1.0),10/02/25 23:00:00,A,GE250,C10-S951_X_K,E_ITSP2,PC_ENT,EU27_2007,2018,74.72,,
ESTAT:ISOC_SKE_ITSPE(1.0),10/02/25 23:00:00,A,GE250,C10-S951_X_K,E_ITSP2,PC_ENT,EU27_2020,2012,73.92,,
ESTAT:ISOC_SKE_ITSPE(1.0),10/02/25 23:00:00,A,GE250,C10-S951_X_K,E_ITSP2,PC_ENT,EU27_2020,2014,75.35,,
ESTAT:ISOC_SKE_ITSPE(1.0),10/02/25 23:00:00,A,GE250,C10-S951_X_K,E_ITSP2,PC_ENT,EU27_2020,2015,77.19,,
ESTAT:ISOC_SKE_ITSPE(1.0),10/02/25 23:00:00,A,GE250,C10-S951_X_K,E_ITSP2,PC_ENT,EU27_2020,2016,74.94,,
ESTAT:ISOC_SKE_ITSPE(1.0),10/02/25 23:00:00,A,GE250,C10-S951_X_K,E_ITSP2,PC_ENT,EU27_2020,2017,74.26,,
ESTAT:ISOC_SKE_ITSPE(1.0),10/02/25 23:00:00,A,GE250,C10-S951_X_K,E_ITSP2,PC_ENT,EU27_2020,2018,74.50,,
ESTAT:ISOC_SKE_ITSPE(1.0),10/02/25 23:00:00,A,GE250,C10-S951_X_K,E_ITSP2,PC_ENT,EU27_2020,2019,75.09,,
ESTAT:ISOC_SKE_ITSPE(1.0),10/02/25 23:00:00,A,GE250,C10-S951_X_K,E_ITSP2,PC_ENT,EU27_2020,2020,76.06,,
ESTAT:ISOC_SKE_ITSPE(1.0),10/02/25 23:00:00,A,GE250,C10-S951_X_K,E_ITSP2,PC_ENT,EU27_2020,2022,77.60,,
ESTAT:ISOC_SKE_ITSPE(1.0),10/02/25 23:00:00,A,GE250,C10-S951_X_K,E_ITSP2,PC_ENT,EU27_2020,2024,78.44,,
ESTAT:ISOC_SKE_ITSPE(1.0),10/02/25 23:00:00,A,GE250,C10-S951_X_K,E_ITSP2,PC_ENT,EU28,2012,74.87,,
ESTAT:ISOC_SKE_ITSPE(1.0),10/02/25 23:00:00,A,GE250,C10-S951_X_K,E_ITSP2,PC_ENT,EU28,2014,75.67,,
ESTAT:ISOC_SKE_ITSPE(1.0),10/02/25 23:00:00,A,GE250,C10-S951_X_K,E_ITSP2,PC_ENT,EU28,2015,77.30,,
ESTAT:ISOC_SKE_ITSPE(1.0),10/02/25 23:00:00,A,GE250,C10-S951_X_K,E_ITSP2,PC_ENT,EU28,2016,75.07,,
ESTAT:ISOC_SKE_ITSPE(1.0),10/02/25 23:00:00,A,GE250,C10-S951_X_K,E_ITSP2,PC_ENT,EU28,2017,74.65,,
ESTAT:ISOC_SKE_ITSPE(1.0),10/02/25 23:00:00,A,GE250,C10-S951_X_K,E_ITSP2,PC_ENT,EU28,2018,74.78,,
ESTAT:ISOC_SKE_ITSPE(1.0),10/02/25 23:00:00,A,GE250,C10-S951_X_K,E_ITSP2,PC_ENT,EU28,2019,75.42,,
ESTAT:ISOC_SKE_ITSPE(1.0),10/02/25 23:00:00,A,GE250,C10-S951_X_K,E_ITSP2,PC_ENT,FI,2012,87.07,,
ESTAT:ISOC_SKE_ITSPE(1.0),10/02/25 23:00:00,A,GE250,C10-S951_X_K,E_ITSP2,PC_ENT,FI,2014,83.22,,
ESTAT:ISOC_SKE_ITSPE(1.0),10/02/25 23:00:00,A,GE250,C10-S951_X_K,E_ITSP2,PC_ENT,FI,2015,82.53,,
ESTAT:ISOC_SKE_ITSPE(1.0),10/02/25 23:00:00,A,GE250,C10-S951_X_K,E_ITSP2,PC_ENT,FI,2016,83.73,,
ESTAT:ISOC_SKE_ITSPE(1.0),10/02/25 23:00:00,A,GE250,C10-S951_X_K,E_ITSP2,PC_ENT,FI,2017,85.60,,
ESTAT:ISOC_SKE_ITSPE(1.0),10/02/25 23:00:00,A,GE250,C10-S951_X_K,E_ITSP2,PC_ENT,FI,2018,84.67,,
ESTAT:ISOC_SKE_ITSPE(1.0),10/02/25 23:00:00,A,GE250,C10-S951_X_K,E_ITSP2,PC_ENT,FI,2019,84.42,,
ESTAT:ISOC_SKE_ITSPE(1.0),10/02/25 23:00:00,A,GE250,C10-S951_X_K,E_ITSP2,PC_ENT,FI,2020,81.03,,
ESTAT:ISOC_SKE_ITSPE(1.0),10/02/25 23:00:00,A,GE250,C10-S951_X_K,E_ITSP2,PC_ENT,FI,2022,85.55,,
ESTAT:ISOC_SKE_ITSPE(1.0),10/02/25 23:00:00,A,GE250,C10-S951_X_K,E_ITSP2,PC_ENT,FI,2024,89.00,,
ESTAT:ISOC_SKE_ITSPE(1.0),10/02/25 23:00:00,A,GE250,C10-S951_X_K,E_ITSP2,PC_ENT,FR,2012,71.41,,
ESTAT:ISOC_SKE_ITSPE(1.0),10/02/25 23:00:00,A,GE250,C10-S951_X_K,E_ITSP2,PC_ENT,FR,2014,72.41,,
ESTAT:ISOC_SKE_ITSPE(1.0),10/02/25 23:00:00,A,GE250,C10-S951_X_K,E_ITSP2,PC_ENT,FR,2015,77.13,,
ESTAT:ISOC_SKE_ITSPE(1.0),10/02/25 23:00:00,A,GE250,C10-S951_X_K,E_ITSP2,PC_ENT,FR,2016,72.09,,
ESTAT:ISOC_SKE_ITSPE(1.0),10/02/25 23:00:00,A,GE250,C10-S951_X_K,E_ITSP2,PC_ENT,FR,2017,71.17,,
ESTAT:ISOC_SKE_ITSPE(1.0),10/02/25 23:00:00,A,GE250,C10-S951_X_K,E_ITSP2,PC_ENT,FR,2018,75.37,,
ESTAT:ISOC_SKE_ITSPE(1.0),10/02/25 23:00:00,A,GE250,C10-S951_X_K,E_ITSP2,PC_ENT,FR,2019,75.56,,
ESTAT:ISOC_SKE_ITSPE(1.0),10/02/25 23:00:00,A,GE250,C10-S951_X_K,E_ITSP2,PC_ENT,FR,2020,76.81,,
ESTAT:ISOC_SKE_ITSPE(1.0),10/02/25 23:00:00,A,GE250,C10-S951_X_K,E_ITSP2,PC_ENT,FR,2022,73.17,b,
ESTAT:ISOC_SKE_ITSPE(1.0),10/02/25 23:00:00,A,GE250,C10-S951_X_K,E_ITSP2,PC_ENT,FR,2024,72.95,,
ESTAT:ISOC_SKE_ITSPE(1.0),10/02/25 23:00:00,A,GE250,C10-S951_X_K,E_ITSP2,PC_ENT,HR,2012,77.85,,
ESTAT:ISOC_SKE_ITSPE(1.0),10/02/25 23:00:00,A,GE250,C10-S951_X_K,E_ITSP2,PC_ENT,HR,2014,83.49,,
ESTAT:ISOC_SKE_ITSPE(1.0),10/02/25 23:00:00,A,GE250,C10-S951_X_K,E_ITSP2,PC_ENT,HR,2015,80.00,,
ESTAT:ISOC_SKE_ITSPE(1.0),10/02/25 23:00:00,A,GE250,C10-S951_X_K,E_ITSP2,PC_ENT,HR,2016,79.19,,
ESTAT:ISOC_SKE_ITSPE(1.0),10/02/25 23:00:00,A,GE250,C10-S951_X_K,E_ITSP2,PC_ENT,HR,2017,81.04,,
ESTAT:ISOC_SKE_ITSPE(1.0),10/02/25 23:00:00,A,GE250,C10-S951_X_K,E_ITSP2,PC_ENT,HR,2018,82.08,,
ESTAT:ISOC_SKE_ITSPE(1.0),10/02/25 23:00:00,A,GE250,C10-S951_X_K,E_ITSP2,PC_ENT,HR,2019,78.51,,
ESTAT:ISOC_SKE_ITSPE(1.0),10/02/25 23:00:00,A,GE250,C10-S951_X_K,E_ITSP2,PC_ENT,HR,2020,79.86,,
ESTAT:ISOC_SKE_ITSPE(1.0),10/02/25 23:00:00,A,GE250,C10-S951_X_K,E_ITSP2,PC_ENT,HR,2022,79.11,,
ESTAT:ISOC_SKE_ITSPE(1.0),10/02/25 23:00:00,A,GE250,C10-S951_X_K,E_ITSP2,PC_ENT,HR,2024,79.55,,
ESTAT:ISOC_SKE_ITSPE(1.0),10/02/25 23:00:00,A,GE250,C10-S951_X_K,E_ITSP2,PC_ENT,HU,2012,65.90,,
ESTAT:ISOC_SKE_ITSPE(1.0),10/02/25 23:00:00,A,GE250,C10-S951_X_K,E_ITSP2,PC_ENT,HU,2014,82.74,,
ESTAT:ISOC_SKE_ITSPE(1.0),10/02/25 23:00:00,A,GE250,C10-S951_X_K,E_ITSP2,PC_ENT,HU,2015,82.17,,
ESTAT:ISOC_SKE_ITSPE(1.0),10/02/25 23:00:00,A,GE250,C10-S951_X_K,E_ITSP2,PC_ENT,HU,2016,82.36,,
ESTAT:ISOC_SKE_ITSPE(1.0),10/02/25 23:00:00,A,GE250,C10-S951_X_K,E_ITSP2,PC_ENT,HU,2017,82.10,,
ESTAT:ISOC_SKE_ITSPE(1.0),10/02/25 23:00:00,A,GE250,C10-S951_X_K,E_ITSP2,PC_ENT,HU,2018,83.41,,
ESTAT:ISOC_SKE_ITSPE(1.0),10/02/25 23:00:00,A,GE250,C10-S951_X_K,E_ITSP2,PC_ENT,HU,2019,83.64,,
ESTAT:ISOC_SKE_ITSPE(1.0),10/02/25 23:00:00,A,GE250,C10-S951_X_K,E_ITSP2,PC_ENT,HU,2020,83.19,,
ESTAT:ISOC_SKE_ITSPE(1.0),10/02/25 23:00:00,A,GE250,C10-S951_X_K,E_ITSP2,PC_ENT,HU,2022,87.71,,
ESTAT:ISOC_SKE_ITSPE(1.0),10/02/25 23:00:00,A,GE250,C10-S951_X_K,E_ITSP2,PC_ENT,HU,2024,88.63,,
ESTAT:ISOC_SKE_ITSPE(1.0),10/02/25 23:00:00,A,GE250,C10-S951_X_K,E_ITSP2,PC_ENT,IE,2012,79.19,,
ESTAT:ISOC_SKE_ITSPE(1.0),10/02/25 23:00:00,A,GE250,C10-S951_X_K,E_ITSP2,PC_ENT,IE,2014,77.77,,
ESTAT:ISOC_SKE_ITSPE(1.0),10/02/25 23:00:00,A,GE250,C10-S951_X_K,E_ITSP2,PC_ENT,IE,2015,78.02,,
ESTAT:ISOC_SKE_ITSPE(1.0),10/02/25 23:00:00,A,GE250,C10-S951_X_K,E_ITSP2,PC_ENT,IE,2016,80.81,,
ESTAT:ISOC_SKE_ITSPE(1.0),10/02/25 23:00:00,A,GE250,C10-S951_X_K,E_ITSP2,PC_ENT,IE,2017,77.65,,
ESTAT:ISOC_SKE_ITSPE(1.0),10/02/25 23:00:00,A,GE250,C10-S951_X_K,E_ITSP2,PC_ENT,IE,2018,80.77,,
ESTAT:ISOC_SKE_ITSPE(1.0),10/02/25 23:00:00,A,GE250,C10-S951_X_K,E_ITSP2,PC_ENT,IE,2019,80.72,,
ESTAT:ISOC_SKE_ITSPE(1.0),10/02/25 23:00:00,A,GE250,C10-S951_X_K,E_ITSP2,PC_ENT,IE,2020,79.71,,
ESTAT:ISOC_SKE_ITSPE(1.0),10/02/25 23:00:00,A,GE250,C10-S951_X_K,E_ITSP2,PC_ENT,IE,2022,78.31,,
ESTAT:ISOC_SKE_ITSPE(1.0),10/02/25 23:00:00,A,GE250,C10-S951_X_K,E_ITSP2,PC_ENT,IE,2024,81.89,,
ESTAT:ISOC_SKE_ITSPE(1.0),10/02/25 23:00:00,A,GE250,C10-S951_X_K,E_ITSP2,PC_ENT,IS,2012,83.64,,
ESTAT:ISOC_SKE_ITSPE(1.0),10/02/25 23:00:00,A,GE250,C10-S951_X_K,E_ITSP2,PC_ENT,IS,2014,82.66,,
ESTAT:ISOC_SKE_ITSPE(1.0),10/02/25 23:00:00,A,GE250,C10-S951_X_K,E_ITSP2,PC_ENT,IS,2017,69.70,,
ESTAT:ISOC_SKE_ITSPE(1.0),10/02/25 23:00:00,A,GE250,C10-S951_X_K,E_ITSP2,PC_ENT,IS,2020,63.64,,
ESTAT:ISOC_SKE_ITSPE(1.0),10/02/25 23:00:00,A,GE250,C10-S951_X_K,E_ITSP2,PC_ENT,IT,2012,71.34,,
ESTAT:ISOC_SKE_ITSPE(1.0),10/02/25 23:00:00,A,GE250,C10-S951_X_K,E_ITSP2,PC_ENT,IT,2014,73.92,,
ESTAT:ISOC_SKE_ITSPE(1.0),10/02/25 23:00:00,A,GE250,C10-S951_X_K,E_ITSP2,PC_ENT,IT,2015,75.43,,
ESTAT:ISOC_SKE_ITSPE(1.0),10/02/25 23:00:00,A,GE250,C10-S951_X_K,E_ITSP2,PC_ENT,IT,2016,74.02,,
ESTAT:ISOC_SKE_ITSPE(1.0),10/02/25 23:00:00,A,GE250,C10-S951_X_K,E_ITSP2,PC_ENT,IT,2017,72.27,,
ESTAT:ISOC_SKE_ITSPE(1.0),10/02/25 23:00:00,A,GE250,C10-S951_X_K,E_ITSP2,PC_ENT,IT,2018,71.83,,
ESTAT:ISOC_SKE_ITSPE(1.0),10/02/25 23:00:00,A,GE250,C10-S951_X_K,E_ITSP2,PC_ENT,IT,2019,73.11,,
ESTAT:ISOC_SKE_ITSPE(1.0),10/02/25 23:00:00,A,GE250,C10-S951_X_K,E_ITSP2,PC_ENT,IT,2020,71.99,,
ESTAT:ISOC_SKE_ITSPE(1.0),10/02/25 23:00:00,A,GE250,C10-S951_X_K,E_ITSP2,PC_ENT,IT,2022,75.02,,
ESTAT:ISOC_SKE_ITSPE(1.0),10/02/25 23:00:00,A,GE250,C10-S951_X_K,E_ITSP2,PC_ENT,IT,2024,74.55,,
ESTAT:ISOC_SKE_ITSPE(1.0),10/02/25 23:00:00,A,GE250,C10-S951_X_K,E_ITSP2,PC_ENT,LT,2012,78.36,,
ESTAT:ISOC_SKE_ITSPE(1.0),10/02/25 23:00:00,A,GE250,C10-S951_X_K,E_ITSP2,PC_ENT,LT,2014,73.91,,
ESTAT:ISOC_SKE_ITSPE(1.0),10/02/25 23:00:00,A,GE250,C10-S951_X_K,E_ITSP2,PC_ENT,LT,2015,72.64,,
ESTAT:ISOC_SKE_ITSPE(1.0),10/02/25 23:00:00,A,GE250,C10-S951_X_K,E_ITSP2,PC_ENT,LT,2016,70.26,,
ESTAT:ISOC_SKE_ITSPE(1.0),10/02/25 23:00:00,A,GE250,C10-S951_X_K,E_ITSP2,PC_ENT,LT,2017,76.97,,
ESTAT:ISOC_SKE_ITSPE(1.0),10/02/25 23:00:00,A,GE250,C10-S951_X_K,E_ITSP2,PC_ENT,LT,2018,75.43,,
ESTAT:ISOC_SKE_ITSPE(1.0),10/02/25 23:00:00,A,GE250,C10-S951_X_K,E_ITSP2,PC_ENT,LT,2019,72.61,,
ESTAT:ISOC_SKE_ITSPE(1.0),10/02/25 23:00:00,A,GE250,C10-S951_X_K,E_ITSP2,PC_ENT,LT,2020,73.76,,
ESTAT:ISOC_SKE_ITSPE(1.0),10/02/25 23:00:00,A,GE250,C10-S951_X_K,E_ITSP2,PC_ENT,LT,2022,79.21,,
ESTAT:ISOC_SKE_ITSPE(1.0),10/02/25 23:00:00,A,GE250,C10-S951_X_K,E_ITSP2,PC_ENT,LT,2024,76.77,,
ESTAT:ISOC_SKE_ITSPE(1.0),10/02/25 23:00:00,A,GE250,C10-S951_X_K,E_ITSP2,PC_ENT,LU,2012,77.50,,
ESTAT:ISOC_SKE_ITSPE(1.0),10/02/25 23:00:00,A,GE250,C10-S951_X_K,E_ITSP2,PC_ENT,LU,2014,66.13,,
ESTAT:ISOC_SKE_ITSPE(1.0),10/02/25 23:00:00,A,GE250,C10-S951_X_K,E_ITSP2,PC_ENT,LU,2015,72.20,,
ESTAT:ISOC_SKE_ITSPE(1.0),10/02/25 23:00:00,A,GE250,C10-S951_X_K,E_ITSP2,PC_ENT,LU,2016,67.02,,
ESTAT:ISOC_SKE_ITSPE(1.0),10/02/25 23:00:00,A,GE250,C10-S951_X_K,E_ITSP2,PC_ENT,LU,2017,67.99,,
ESTAT:ISOC_SKE_ITSPE(1.0),10/02/25 23:00:00,A,GE250,C10-S951_X_K,E_ITSP2,PC_ENT,LU,2018,70.85,,
ESTAT:ISOC_SKE_ITSPE(1.0),10/02/25 23:00:00,A,GE250,C10-S951_X_K,E_ITSP2,PC_ENT,LU,2019,71.26,,
ESTAT:ISOC_SKE_ITSPE(1.0),10/02/25 23:00:00,A,GE250,C10-S951_X_K,E_ITSP2,PC_ENT,LU,2020,73.12,,
ESTAT:ISOC_SKE_ITSPE(1.0),10/02/25 23:00:00,A,GE250,C10-S951_X_K,E_ITSP2,PC_ENT,LU,2022,69.81,,
ESTAT:ISOC_SKE_ITSPE(1.0),10/02/25 23:00:00,A,GE250,C10-S951_X_K,E_ITSP2,PC_ENT,LU,2024,73.60,,
ESTAT:ISOC_SKE_ITSPE(1.0),10/02/25 23:00:00,A,GE250,C10-S951_X_K,E_ITSP2,PC_ENT,LV,2012,79.08,,
ESTAT:ISOC_SKE_ITSPE(1.0),10/02/25 23:00:00,A,GE250,C10-S951_X_K,E_ITSP2,PC_ENT,LV,2014,80.56,,
ESTAT:ISOC_SKE_ITSPE(1.0),10/02/25 23:00:00,A,GE250,C10-S951_X_K,E_ITSP2,PC_ENT,LV,2015,86.25,,
ESTAT:ISOC_SKE_ITSPE(1.0),10/02/25 23:00:00,A,GE250,C10-S951_X_K,E_ITSP2,PC_ENT,LV,2016,76.72,,
ESTAT:ISOC_SKE_ITSPE(1.0),10/02/25 23:00:00,A,GE250,C10-S951_X_K,E_ITSP2,PC_ENT,LV,2017,72.17,,
ESTAT:ISOC_SKE_ITSPE(1.0),10/02/25 23:00:00,A,GE250,C10-S951_X_K,E_ITSP2,PC_ENT,LV,2018,79.50,,
ESTAT:ISOC_SKE_ITSPE(1.0),10/02/25 23:00:00,A,GE250,C10-S951_X_K,E_ITSP2,PC_ENT,LV,2019,76.36,,
ESTAT:ISOC_SKE_ITSPE(1.0),10/02/25 23:00:00,A,GE250,C10-S951_X_K,E_ITSP2,PC_ENT,LV,2020,74.39,,
ESTAT:ISOC_SKE_ITSPE(1.0),10/02/25 23:00:00,A,GE250,C10-S951_X_K,E_ITSP2,PC_ENT,LV,2022,85.64,,
ESTAT:ISOC_SKE_ITSPE(1.0),10/02/25 23:00:00,A,GE250,C10-S951_X_K,E_ITSP2,PC_ENT,LV,2024,82.43,,
ESTAT:ISOC_SKE_ITSPE(1.0),10/02/25 23:00:00,A,GE250,C10-S951_X_K,E_ITSP2,PC_ENT,ME,2016,92.38,,
ESTAT:ISOC_SKE_ITSPE(1.0),10/02/25 23:00:00,A,GE250,C10-S951_X_K,E_ITSP2,PC_ENT,ME,2017,77.33,,
ESTAT:ISOC_SKE_ITSPE(1.0),10/02/25 23:00:00,A,GE250,C10-S951_X_K,E_ITSP2,PC_ENT,ME,2018,81.63,,
ESTAT:ISOC_SKE_ITSPE(1.0),10/02/25 23:00:00,A,GE250,C10-S951_X_K,E_ITSP2,PC_ENT,ME,2019,81.06,,
ESTAT:ISOC_SKE_ITSPE(1.0),10/02/25 23:00:00,A,GE250,C10-S951_X_K,E_ITSP2,PC_ENT,ME,2020,59.57,,
ESTAT:ISOC_SKE_ITSPE(1.0),10/02/25 23:00:00,A,GE250,C10-S951_X_K,E_ITSP2,PC_ENT,ME,2022,61.86,,
ESTAT:ISOC_SKE_ITSPE(1.0),10/02/25 23:00:00,A,GE250,C10-S951_X_K,E_ITSP2,PC_ENT,ME,2024,64.66,,
ESTAT:ISOC_SKE_ITSPE(1.0),10/02/25 23:00:00,A,GE250,C10-S951_X_K,E_ITSP2,PC_ENT,MK,2012,58.48,,
ESTAT:ISOC_SKE_ITSPE(1.0),10/02/25 23:00:00,A,GE250,C10-S951_X_K,E_ITSP2,PC_ENT,MK,2014,63.31,,
ESTAT:ISOC_SKE_ITSPE(1.0),10/02/25 23:00:00,A,GE250,C10-S951_X_K,E_ITSP2,PC_ENT,MK,2015,64.31,,
ESTAT:ISOC_SKE_ITSPE(1.0),10/02/25 23:00:00,A,GE250,C10-S951_X_K,E_ITSP2,PC_ENT,MK,2016,61.01,,
ESTAT:ISOC_SKE_ITSPE(1.0),10/02/25 23:00:00,A,GE250,C10-S951_X_K,E_ITSP2,PC_ENT,MK,2020,60.98,,
ESTAT:ISOC_SKE_ITSPE(1.0),10/02/25 23:00:00,A,GE250,C10-S951_X_K,E_ITSP2,PC_ENT,MK,2022,58.27,,
ESTAT:ISOC_SKE_ITSPE(1.0),10/02/25 23:00:00,A,GE250,C10-S951_X_K,E_ITSP2,PC_ENT,MT,2012,68.18,,
ESTAT:ISOC_SKE_ITSPE(1.0),10/02/25 23:00:00,A,GE250,C10-S951_X_K,E_ITSP2,PC_ENT,MT,2014,82.66,,
ESTAT:ISOC_SKE_ITSPE(1.0),10/02/25 23:00:00,A,GE250,C10-S951_X_K,E_ITSP2,PC_ENT,MT,2015,80.77,,
ESTAT:ISOC_SKE_ITSPE(1.0),10/02/25 23:00:00,A,GE250,C10-S951_X_K,E_ITSP2,PC_ENT,MT,2016,71.15,,
ESTAT:ISOC_SKE_ITSPE(1.0),10/02/25 23:00:00,A,GE250,C10-S951_X_K,E_ITSP2,PC_ENT,MT,2017,75.21,,
ESTAT:ISOC_SKE_ITSPE(1.0),10/02/25 23:00:00,A,GE250,C10-S951_X_K,E_ITSP2,PC_ENT,MT,2018,71.49,,
ESTAT:ISOC_SKE_ITSPE(1.0),10/02/25 23:00:00,A,GE250,C10-S951_X_K,E_ITSP2,PC_ENT,MT,2019,74.35,,
ESTAT:ISOC_SKE_ITSPE(1.0),10/02/25 23:00:00,A,GE250,C10-S951_X_K,E_ITSP2,PC_ENT,MT,2020,73.83,,
ESTAT:ISOC_SKE_ITSPE(1.0),10/02/25 23:00:00,A,GE250,C10-S951_X_K,E_ITSP2,PC_ENT,MT,2022,84.42,,
ESTAT:ISOC_SKE_ITSPE(1.0),10/02/25 23:00:00,A,GE250,C10-S951_X_K,E_ITSP2,PC_ENT,MT,2024,82.61,,
ESTAT:ISOC_SKE_ITSPE(1.0),10/02/25 23:00:00,A,GE250,C10-S951_X_K,E_ITSP2,PC_ENT,NL,2012,82.78,,
ESTAT:ISOC_SKE_ITSPE(1.0),10/02/25 23:00:00,A,GE250,C10-S951_X_K,E_ITSP2,PC_ENT,NL,2014,80.78,,
ESTAT:ISOC_SKE_ITSPE(1.0),10/02/25 23:00:00,A,GE250,C10-S951_X_K,E_ITSP2,PC_ENT,NL,2015,81.87,,
ESTAT:ISOC_SKE_ITSPE(1.0),10/02/25 23:00:00,A,GE250,C10-S951_X_K,E_ITSP2,PC_ENT,NL,2016,78.95,,
ESTAT:ISOC_SKE_ITSPE(1.0),10/02/25 23:00:00,A,GE250,C10-S951_X_K,E_ITSP2,PC_ENT,NL,2017,78.59,,
ESTAT:ISOC_SKE_ITSPE(1.0),10/02/25 23:00:00,A,GE250,C10-S951_X_K,E_ITSP2,PC_ENT,NL,2018,78.68,,
ESTAT:ISOC_SKE_ITSPE(1.0),10/02/25 23:00:00,A,GE250,C10-S951_X_K,E_ITSP2,PC_ENT,NL,2019,76.84,,
ESTAT:ISOC_SKE_ITSPE(1.0),10/02/25 23:00:00,A,GE250,C10-S951_X_K,E_ITSP2,PC_ENT,NL,2020,76.30,,
ESTAT:ISOC_SKE_ITSPE(1.0),10/02/25 23:00:00,A,GE250,C10-S951_X_K,E_ITSP2,PC_ENT,NL,2022,81.09,,
ESTAT:ISOC_SKE_ITSPE(1.0),10/02/25 23:00:00,A,GE250,C10-S951_X_K,E_ITSP2,PC_ENT,NL,2024,84.34,,
ESTAT:ISOC_SKE_ITSPE(1.0),10/02/25 23:00:00,A,GE250,C10-S951_X_K,E_ITSP2,PC_ENT,NO,2012,77.74,,
ESTAT:ISOC_SKE_ITSPE(1.0),10/02/25 23:00:00,A,GE250,C10-S951_X_K,E_ITSP2,PC_ENT,NO,2014,71.28,,
ESTAT:ISOC_SKE_ITSPE(1.0),10/02/25 23:00:00,A,GE250,C10-S951_X_K,E_ITSP2,PC_ENT,NO,2015,68.76,,
ESTAT:ISOC_SKE_ITSPE(1.0),10/02/25 23:00:00,A,GE250,C10-S951_X_K,E_ITSP2,PC_ENT,NO,2016,76.55,,
ESTAT:ISOC_SKE_ITSPE(1.0),10/02/25 23:00:00,A,GE250,C10-S951_X_K,E_ITSP2,PC_ENT,NO,2017,76.13,,
ESTAT:ISOC_SKE_ITSPE(1.0),10/02/25 23:00:00,A,GE250,C10-S951_X_K,E_ITSP2,PC_ENT,NO,2018,75.23,,
ESTAT:ISOC_SKE_ITSPE(1.0),10/02/25 23:00:00,A,GE250,C10-S951_X_K,E_ITSP2,PC_ENT,NO,2019,74.91,,
ESTAT:ISOC_SKE_ITSPE(1.0),10/02/25 23:00:00,A,GE250,C10-S951_X_K,E_ITSP2,PC_ENT,NO,2020,63.25,,
ESTAT:ISOC_SKE_ITSPE(1.0),10/02/25 23:00:00,A,GE250,C10-S951_X_K,E_ITSP2,PC_ENT,NO,2022,74.23,,
ESTAT:ISOC_SKE_ITSPE(1.0),10/02/25 23:00:00,A,GE250,C10-S951_X_K,E_ITSP2,PC_ENT,NO,2024,71.33,,
ESTAT:ISOC_SKE_ITSPE(1.0),10/02/25 23:00:00,A,GE250,C10-S951_X_K,E_ITSP2,PC_ENT,PL,2012,73.20,,
ESTAT:ISOC_SKE_ITSPE(1.0),10/02/25 23:00:00,A,GE250,C10-S951_X_K,E_ITSP2,PC_ENT,PL,2014,73.55,,
ESTAT:ISOC_SKE_ITSPE(1.0),10/02/25 23:00:00,A,GE250,C10-S951_X_K,E_ITSP2,PC_ENT,PL,2015,73.57,,
ESTAT:ISOC_SKE_ITSPE(1.0),10/02/25 23:00:00,A,GE250,C10-S951_X_K,E_ITSP2,PC_ENT,PL,2016,73.70,,
ESTAT:ISOC_SKE_ITSPE(1.0),10/02/25 23:00:00,A,GE250,C10-S951_X_K,E_ITSP2,PC_ENT,PL,2017,73.52,,
ESTAT:ISOC_SKE_ITSPE(1.0),10/02/25 23:00:00,A,GE250,C10-S951_X_K,E_ITSP2,PC_ENT,PL,2018,73.43,,
ESTAT:ISOC_SKE_ITSPE(1.0),10/02/25 23:00:00,A,GE250,C10-S951_X_K,E_ITSP2,PC_ENT,PL,2019,81.16,,
ESTAT:ISOC_SKE_ITSPE(1.0),10/02/25 23:00:00,A,GE250,C10-S951_X_K,E_ITSP2,PC_ENT,PL,2020,83.33,,
ESTAT:ISOC_SKE_ITSPE(1.0),10/02/25 23:00:00,A,GE250,C10-S951_X_K,E_ITSP2,PC_ENT,PL,2022,87.68,,
ESTAT:ISOC_SKE_ITSPE(1.0),10/02/25 23:00:00,A,GE250,C10-S951_X_K,E_ITSP2,PC_ENT,PL,2024,88.13,,
ESTAT:ISOC_SKE_ITSPE(1.0),10/02/25 23:00:00,A,GE250,C10-S951_X_K,E_ITSP2,PC_ENT,PT,2012,72.59,,
ESTAT:ISOC_SKE_ITSPE(1.0),10/02/25 23:00:00,A,GE250,C10-S951_X_K,E_ITSP2,PC_ENT,PT,2014,74.45,,
ESTAT:ISOC_SKE_ITSPE(1.0),10/02/25 23:00:00,A,GE250,C10-S951_X_K,E_ITSP2,PC_ENT,PT,2015,74.66,,
ESTAT:ISOC_SKE_ITSPE(1.0),10/02/25 23:00:00,A,GE250,C10-S951_X_K,E_ITSP2,PC_ENT,PT,2016,77.54,,
ESTAT:ISOC_SKE_ITSPE(1.0),10/02/25 23:00:00,A,GE250,C10-S951_X_K,E_ITSP2,PC_ENT,PT,2017,77.00,,
ESTAT:ISOC_SKE_ITSPE(1.0),10/02/25 23:00:00,A,GE250,C10-S951_X_K,E_ITSP2,PC_ENT,PT,2018,75.18,,
ESTAT:ISOC_SKE_ITSPE(1.0),10/02/25 23:00:00,A,GE250,C10-S951_X_K,E_ITSP2,PC_ENT,PT,2019,79.45,,
ESTAT:ISOC_SKE_ITSPE(1.0),10/02/25 23:00:00,A,GE250,C10-S951_X_K,E_ITSP2,PC_ENT,PT,2020,79.83,,
ESTAT:ISOC_SKE_ITSPE(1.0),10/02/25 23:00:00,A,GE250,C10-S951_X_K,E_ITSP2,PC_ENT,PT,2022,78.41,,
ESTAT:ISOC_SKE_ITSPE(1.0),10/02/25 23:00:00,A,GE250,C10-S951_X_K,E_ITSP2,PC_ENT,PT,2024,79.63,,
ESTAT:ISOC_SKE_ITSPE(1.0),10/02/25 23:00:00,A,GE250,C10-S951_X_K,E_ITSP2,PC_ENT,RO,2012,10.39,,
ESTAT:ISOC_SKE_ITSPE(1.0),10/02/25 23:00:00,A,GE250,C10-S951_X_K,E_ITSP2,PC_ENT,RO,2014,45.60,,
ESTAT:ISOC_SKE_ITSPE(1.0),10/02/25 23:00:00,A,GE250,C10-S951_X_K,E_ITSP2,PC_ENT,RO,2015,45.44,,
ESTAT:ISOC_SKE_ITSPE(1.0),10/02/25 23:00:00,A,GE250,C10-S951_X_K,E_ITSP2,PC_ENT,RO,2016,45.87,,
ESTAT:ISOC_SKE_ITSPE(1.0),10/02/25 23:00:00,A,GE250,C10-S951_X_K,E_ITSP2,PC_ENT,RO,2017,42.36,,
ESTAT:ISOC_SKE_ITSPE(1.0),10/02/25 23:00:00,A,GE250,C10-S951_X_K,E_ITSP2,PC_ENT,RO,2018,43.40,,
ESTAT:ISOC_SKE_ITSPE(1.0),10/02/25 23:00:00,A,GE250,C10-S951_X_K,E_ITSP2,PC_ENT,RO,2019,42.62,,
ESTAT:ISOC_SKE_ITSPE(1.0),10/02/25 23:00:00,A,GE250,C10-S951_X_K,E_ITSP2,PC_ENT,RO,2020,46.88,,
ESTAT:ISOC_SKE_ITSPE(1.0),10/02/25 23:00:00,A,GE250,C10-S951_X_K,E_ITSP2,PC_ENT,RO,2022,48.46,,
ESTAT:ISOC_SKE_ITSPE(1.0),10/02/25 23:00:00,A,GE250,C10-S951_X_K,E_ITSP2,PC_ENT,RO,2024,53.95,,
ESTAT:ISOC_SKE_ITSPE(1.0),10/02/25 23:00:00,A,GE250,C10-S951_X_K,E_ITSP2,PC_ENT,RS,2014,68.06,,
ESTAT:ISOC_SKE_ITSPE(1.0),10/02/25 23:00:00,A,GE250,C10-S951_X_K,E_ITSP2,PC_ENT,RS,2017,79.09,,
ESTAT:ISOC_SKE_ITSPE(1.0),10/02/25 23:00:00,A,GE250,C10-S951_X_K,E_ITSP2,PC_ENT,RS,2018,76.52,,
ESTAT:ISOC_SKE_ITSPE(1.0),10/02/25 23:00:00,A,GE250,C10-S951_X_K,E_ITSP2,PC_ENT,RS,2019,77.92,,
ESTAT:ISOC_SKE_ITSPE(1.0),10/02/25 23:00:00,A,GE250,C10-S951_X_K,E_ITSP2,PC_ENT,RS,2020,69.24,,
ESTAT:ISOC_SKE_ITSPE(1.0),10/02/25 23:00:00,A,GE250,C10-S951_X_K,E_ITSP2,PC_ENT,RS,2022,74.04,,
ESTAT:ISOC_SKE_ITSPE(1.0),10/02/25 23:00:00,A,GE250,C10-S951_X_K,E_ITSP2,PC_ENT,RS,2024,75.10,,
ESTAT:ISOC_SKE_ITSPE(1.0),10/02/25 23:00:00,A,GE250,C10-S951_X_K,E_ITSP2,PC_ENT,SE,2012,79.07,,
ESTAT:ISOC_SKE_ITSPE(1.0),10/02/25 23:00:00,A,GE250,C10-S951_X_K,E_ITSP2,PC_ENT,SE,2014,75.51,,
ESTAT:ISOC_SKE_ITSPE(1.0),10/02/25 23:00:00,A,GE250,C10-S951_X_K,E_ITSP2,PC_ENT,SE,2015,73.53,,
ESTAT:ISOC_SKE_ITSPE(1.0),10/02/25 23:00:00,A,GE250,C10-S951_X_K,E_ITSP2,PC_ENT,SE,2016,71.36,,
ESTAT:ISOC_SKE_ITSPE(1.0),10/02/25 23:00:00,A,GE250,C10-S951_X_K,E_ITSP2,PC_ENT,SE,2017,73.24,,
ESTAT:ISOC_SKE_ITSPE(1.0),10/02/25 23:00:00,A,GE250,C10-S951_X_K,E_ITSP2,PC_ENT,SE,2018,71.27,,
ESTAT:ISOC_SKE_ITSPE(1.0),10/02/25 23:00:00,A,GE250,C10-S951_X_K,E_ITSP2,PC_ENT,SE,2019,72.87,,
ESTAT:ISOC_SKE_ITSPE(1.0),10/02/25 23:00:00,A,GE250,C10-S951_X_K,E_ITSP2,PC_ENT,SE,2020,77.08,,
ESTAT:ISOC_SKE_ITSPE(1.0),10/02/25 23:00:00,A,GE250,C10-S951_X_K,E_ITSP2,PC_ENT,SE,2022,79.77,,
ESTAT:ISOC_SKE_ITSPE(1.0),10/02/25 23:00:00,A,GE250,C10-S951_X_K,E_ITSP2,PC_ENT,SE,2024,77.22,b,
ESTAT:ISOC_SKE_ITSPE(1.0),10/02/25 23:00:00,A,GE250,C10-S951_X_K,E_ITSP2,PC_ENT,SI,2012,86.55,,
ESTAT:ISOC_SKE_ITSPE(1.0),10/02/25 23:00:00,A,GE250,C10-S951_X_K,E_ITSP2,PC_ENT,SI,2014,83.55,,
ESTAT:ISOC_SKE_ITSPE(1.0),10/02/25 23:00:00,A,GE250,C10-S951_X_K,E_ITSP2,PC_ENT,SI,2015,80.10,,
ESTAT:ISOC_SKE_ITSPE(1.0),10/02/25 23:00:00,A,GE250,C10-S951_X_K,E_ITSP2,PC_ENT,SI,2016,81.46,,
ESTAT:ISOC_SKE_ITSPE(1.0),10/02/25 23:00:00,A,GE250,C10-S951_X_K,E_ITSP2,PC_ENT,SI,2017,80.73,,
ESTAT:ISOC_SKE_ITSPE(1.0),10/02/25 23:00:00,A,GE250,C10-S951_X_K,E_ITSP2,PC_ENT,SI,2018,83.69,,
ESTAT:ISOC_SKE_ITSPE(1.0),10/02/25 23:00:00,A,GE250,C10-S951_X_K,E_ITSP2,PC_ENT,SI,2019,83.26,,
ESTAT:ISOC_SKE_ITSPE(1.0),10/02/25 23:00:00,A,GE250,C10-S951_X_K,E_ITSP2,PC_ENT,SI,2020,84.12,,
ESTAT:ISOC_SKE_ITSPE(1.0),10/02/25 23:00:00,A,GE250,C10-S951_X_K,E_ITSP2,PC_ENT,SI,2022,84.34,,
ESTAT:ISOC_SKE_ITSPE(1.0),10/02/25 23:00:00,A,GE250,C10-S951_X_K,E_ITSP2,PC_ENT,SI,2024,86.99,,
ESTAT:ISOC_SKE_ITSPE(1.0),10/02/25 23:00:00,A,GE250,C10-S951_X_K,E_ITSP2,PC_ENT,SK,2012,76.62,,
ESTAT:ISOC_SKE_ITSPE(1.0),10/02/25 23:00:00,A,GE250,C10-S951_X_K,E_ITSP2,PC_ENT,SK,2014,77.76,,
ESTAT:ISOC_SKE_ITSPE(1.0),10/02/25 23:00:00,A,GE250,C10-S951_X_K,E_ITSP2,PC_ENT,SK,2015,78.30,,
ESTAT:ISOC_SKE_ITSPE(1.0),10/02/25 23:00:00,A,GE250,C10-S951_X_K,E_ITSP2,PC_ENT,SK,2016,79.12,,
ESTAT:ISOC_SKE_ITSPE(1.0),10/02/25 23:00:00,A,GE250,C10-S951_X_K,E_ITSP2,PC_ENT,SK,2017,78.43,,
ESTAT:ISOC_SKE_ITSPE(1.0),10/02/25 23:00:00,A,GE250,C10-S951_X_K,E_ITSP2,PC_ENT,SK,2018,75.56,,
ESTAT:ISOC_SKE_ITSPE(1.0),10/02/25 23:00:00,A,GE250,C10-S951_X_K,E_ITSP2,PC_ENT,SK,2019,77.06,,
ESTAT:ISOC_SKE_ITSPE(1.0),10/02/25 23:00:00,A,GE250,C10-S951_X_K,E_ITSP2,PC_ENT,SK,2020,76.79,,
ESTAT:ISOC_SKE_ITSPE(1.0),10/02/25 23:00:00,A,GE250,C10-S951_X_K,E_ITSP2,PC_ENT,SK,2022,76.09,,
ESTAT:ISOC_SKE_ITSPE(1.0),10/02/25 23:00:00,A,GE250,C10-S951_X_K,E_ITSP2,PC_ENT,SK,2024,74.76,,
ESTAT:ISOC_SKE_ITSPE(1.0),10/02/25 23:00:00,A,GE250,C10-S951_X_K,E_ITSP2,PC_ENT,TR,2015,,u,
ESTAT:ISOC_SKE_ITSPE(1.0),10/02/25 23:00:00,A,GE250,C10-S951_X_K,E_ITSP2,PC_ENT,TR,2018,57.36,,
ESTAT:ISOC_SKE_ITSPE(1.0),10/02/25 23:00:00,A,GE250,C10-S951_X_K,E_ITSP2,PC_ENT,TR,2019,64.85,,
ESTAT:ISOC_SKE_ITSPE(1.0),10/02/25 23:00:00,A,GE250,C10-S951_X_K,E_ITSP2,PC_ENT,TR,2020,66.25,,
ESTAT:ISOC_SKE_ITSPE(1.0),10/02/25 23:00:00,A,GE250,C10-S951_X_K,E_ITSP2,PC_ENT,TR,2022,72.64,,
ESTAT:ISOC_SKE_ITSPE(1.0),10/02/25 23:00:00,A,GE250,C10-S951_X_K,E_ITSP2,PC_ENT,TR,2024,75.43,,
ESTAT:ISOC_SKE_ITSPE(1.0),10/02/25 23:00:00,A,GE250,C10-S951_X_K,E_ITSP2,PC_ENT,UK,2012,81.17,,
ESTAT:ISOC_SKE_ITSPE(1.0),10/02/25 23:00:00,A,GE250,C10-S951_X_K,E_ITSP2,PC_ENT,UK,2014,77.66,,
ESTAT:ISOC_SKE_ITSPE(1.0),10/02/25 23:00:00,A,GE250,C10-S951_X_K,E_ITSP2,PC_ENT,UK,2015,78.00,,
ESTAT:ISOC_SKE_ITSPE(1.0),10/02/25 23:00:00,A,GE250,C10-S951_X_K,E_ITSP2,PC_ENT,UK,2016,75.86,,
ESTAT:ISOC_SKE_ITSPE(1.0),10/02/25 23:00:00,A,GE250,C10-S951_X_K,E_ITSP2,PC_ENT,UK,2017,77.11,,
ESTAT:ISOC_SKE_ITSPE(1.0),10/02/25 23:00:00,A,GE250,C10-S951_X_K,E_ITSP2,PC_ENT,UK,2018,76.52,,
ESTAT:ISOC_SKE_ITSPE(1.0),10/02/25 23:00:00,A,GE250,C10-S951_X_K,E_ITSP2,PC_ENT,UK,2019,77.48,,
ESTAT:ISOC_SKE_ITSPE(1.0),10/02/25 23:00:00,A,GE250,C10-S951_X_K,E_ITSP2,PC_ENT,UK,2020,79.96,,
ESTAT:ISOC_SKE_ITSPE(1.0),10/02/25 23:00:00,A,GE250,C10-S951_X_K,E_ITSP2,PC_ENT_CUSE,AT,2012,86.88,,
ESTAT:ISOC_SKE_ITSPE(1.0),10/02/25 23:00:00,A,GE250,C10-S951_X_K,E_ITSP2,PC_ENT_CUSE,AT,2014,87.65,,
ESTAT:ISOC_SKE_ITSPE(1.0),10/02/25 23:00:00,A,GE250,C10-S951_X_K,E_ITSP2,PC_ENT_CUSE,AT,2015,89.35,,
ESTAT:ISOC_SKE_ITSPE(1.0),10/02/25 23:00:00,A,GE250,C10-S951_X_K,E_ITSP2,PC_ENT_CUSE,AT,2016,85.21,,
ESTAT:ISOC_SKE_ITSPE(1.0),10/02/25 23:00:00,A,GE250,C10-S951_X_K,E_ITSP2,PC_ENT_CUSE,AT,2017,87.32,,
ESTAT:ISOC_SKE_ITSPE(1.0),10/02/25 23:00:00,A,GE250,C10-S951_X_K,E_ITSP2,PC_ENT_CUSE,AT,2018,84.39,,
ESTAT:ISOC_SKE_ITSPE(1.0),10/02/25 23:00:00,A,GE250,C10-S951_X_K,E_ITSP2,PC_ENT_CUSE,AT,2019,82.59,,
ESTAT:ISOC_SKE_ITSPE(1.0),10/02/25 23:00:00,A,GE250,C10-S951_X_K,E_ITSP2,PC_ENT_CUSE,BA,2018,66.40,,
ESTAT:ISOC_SKE_ITSPE(1.0),10/02/25 23:00:00,A,GE250,C10-S951_X_K,E_ITSP2,PC_ENT_CUSE,BA,2019,70.14,,
ESTAT:ISOC_SKE_ITSPE(1.0),10/02/25 23:00:00,A,GE250,C10-S951_X_K,E_ITSP2,PC_ENT_CUSE,BE,2012,84.56,,
ESTAT:ISOC_SKE_ITSPE(1.0),10/02/25 23:00:00,A,GE250,C10-S951_X_K,E_ITSP2,PC_ENT_CUSE,BE,2014,84.59,,
ESTAT:ISOC_SKE_ITSPE(1.0),10/02/25 23:00:00,A,GE250,C10-S951_X_K,E_ITSP2,PC_ENT_CUSE,BE,2015,85.41,,
ESTAT:ISOC_SKE_ITSPE(1.0),10/02/25 23:00:00,A,GE250,C10-S951_X_K,E_ITSP2,PC_ENT_CUSE,BE,2016,84.64,,
ESTAT:ISOC_SKE_ITSPE(1.0),10/02/25 23:00:00,A,GE250,C10-S951_X_K,E_ITSP2,PC_ENT_CUSE,BE,2017,86.63,,
ESTAT:ISOC_SKE_ITSPE(1.0),10/02/25 23:00:00,A,GE250,C10-S951_X_K,E_ITSP2,PC_ENT_CUSE,BE,2018,86.43,,
ESTAT:ISOC_SKE_ITSPE(1.0),10/02/25 23:00:00,A,GE250,C10-S951_X_K,E_ITSP2,PC_ENT_CUSE,BE,2019,87.62,,
ESTAT:ISOC_SKE_ITSPE(1.0),10/02/25 23:00:00,A,GE250,C10-S951_X_K,E_ITSP2,PC_ENT_CUSE,BG,2012,23.87,,
ESTAT:ISOC_SKE_ITSPE(1.0),10/02/25 23:00:00,A,GE250,C10-S951_X_K,E_ITSP2,PC_ENT_CUSE,BG,2014,58.22,,
ESTAT:ISOC_SKE_ITSPE(1.0),10/02/25 23:00:00,A,GE250,C10-S951_X_K,E_ITSP2,PC_ENT_CUSE,BG,2015,61.09,,
ESTAT:ISOC_SKE_ITSPE(1.0),10/02/25 23:00:00,A,GE250,C10-S951_X_K,E_ITSP2,PC_ENT_CUSE,BG,2016,61.06,,
ESTAT:ISOC_SKE_ITSPE(1.0),10/02/25 23:00:00,A,GE250,C10-S951_X_K,E_ITSP2,PC_ENT_CUSE,BG,2017,63.43,,
ESTAT:ISOC_SKE_ITSPE(1.0),10/02/25 23:00:00,A,GE250,C10-S951_X_K,E_ITSP2,PC_ENT_CUSE,BG,2018,64.65,,
ESTAT:ISOC_SKE_ITSPE(1.0),10/02/25 23:00:00,A,GE250,C10-S951_X_K,E_ITSP2,PC_ENT_CUSE,BG,2019,61.19,,
ESTAT:ISOC_SKE_ITSPE(1.0),10/02/25 23:00:00,A,GE250,C10-S951_X_K,E_ITSP2,PC_ENT_CUSE,CY,2012,78.62,,
ESTAT:ISOC_SKE_ITSPE(1.0),10/02/25 23:00:00,A,GE250,C10-S951_X_K,E_ITSP2,PC_ENT_CUSE,CY,2014,88.73,,
ESTAT:ISOC_SKE_ITSPE(1.0),10/02/25 23:00:00,A,GE250,C10-S951_X_K,E_ITSP2,PC_ENT_CUSE,CY,2015,82.07,,
ESTAT:ISOC_SKE_ITSPE(1.0),10/02/25 23:00:00,A,GE250,C10-S951_X_K,E_ITSP2,PC_ENT_CUSE,CY,2016,87.00,,
ESTAT:ISOC_SKE_ITSPE(1.0),10/02/25 23:00:00,A,GE250,C10-S951_X_K,E_ITSP2,PC_ENT_CUSE,CY,2017,79.43,,
ESTAT:ISOC_SKE_ITSPE(1.0),10/02/25 23:00:00,A,GE250,C10-S951_X_K,E_ITSP2,PC_ENT_CUSE,CY,2018,88.41,,
ESTAT:ISOC_SKE_ITSPE(1.0),10/02/25 23:00:00,A,GE250,C10-S951_X_K,E_ITSP2,PC_ENT_CUSE,CY,2019,82.00,,
ESTAT:ISOC_SKE_ITSPE(1.0),10/02/25 23:00:00,A,GE250,C10-S951_X_K,E_ITSP2,PC_ENT_CUSE,CZ,2012,83.00,,
ESTAT:ISOC_SKE_ITSPE(1.0),10/02/25 23:00:00,A,GE250,C10-S951_X_K,E_ITSP2,PC_ENT_CUSE,CZ,2014,79.60,,
ESTAT:ISOC_SKE_ITSPE(1.0),10/02/25 23:00:00,A,GE250,C10-S951_X_K,E_ITSP2,PC_ENT_CUSE,CZ,2015,79.35,,
ESTAT:ISOC_SKE_ITSPE(1.0),10/02/25 23:00:00,A,GE250,C10-S951_X_K,E_ITSP2,PC_ENT_CUSE,CZ,2016,80.99,,
ESTAT:ISOC_SKE_ITSPE(1.0),10/02/25 23:00:00,A,GE250,C10-S951_X_K,E_ITSP2,PC_ENT_CUSE,CZ,2017,81.58,,
ESTAT:ISOC_SKE_ITSPE(1.0),10/02/25 23:00:00,A,GE250,C10-S951_X_K,E_ITSP2,PC_ENT_CUSE,CZ,2018,81.62,,
ESTAT:ISOC_SKE_ITSPE(1.0),10/02/25 23:00:00,A,GE250,C10-S951_X_K,E_ITSP2,PC_ENT_CUSE,CZ,2019,80.78,,
ESTAT:ISOC_SKE_ITSPE(1.0),10/02/25 23:00:00,A,GE250,C10-S951_X_K,E_ITSP2,PC_ENT_CUSE,DE,2012,83.33,,
ESTAT:ISOC_SKE_ITSPE(1.0),10/02/25 23:00:00,A,GE250,C10-S951_X_K,E_ITSP2,PC_ENT_CUSE,DE,2014,80.14,,
ESTAT:ISOC_SKE_ITSPE(1.0),10/02/25 23:00:00,A,GE250,C10-S951_X_K,E_ITSP2,PC_ENT_CUSE,DE,2015,81.86,,
ESTAT:ISOC_SKE_ITSPE(1.0),10/02/25 23:00:00,A,GE250,C10-S951_X_K,E_ITSP2,PC_ENT_CUSE,DE,2016,77.12,,
ESTAT:ISOC_SKE_ITSPE(1.0),10/02/25 23:00:00,A,GE250,C10-S951_X_K,E_ITSP2,PC_ENT_CUSE,DE,2017,76.77,,
ESTAT:ISOC_SKE_ITSPE(1.0),10/02/25 23:00:00,A,GE250,C10-S951_X_K,E_ITSP2,PC_ENT_CUSE,DE,2018,76.14,,
ESTAT:ISOC_SKE_ITSPE(1.0),10/02/25 23:00:00,A,GE250,C10-S951_X_K,E_ITSP2,PC_ENT_CUSE,DE,2019,77.06,,
ESTAT:ISOC_SKE_ITSPE(1.0),10/02/25 23:00:00,A,GE250,C10-S951_X_K,E_ITSP2,PC_ENT_CUSE,DK,2012,90.19,,
ESTAT:ISOC_SKE_ITSPE(1.0),10/02/25 23:00:00,A,GE250,C10-S951_X_K,E_ITSP2,PC_ENT_CUSE,DK,2014,86.78,,
ESTAT:ISOC_SKE_ITSPE(1.0),10/02/25 23:00:00,A,GE250,C10-S951_X_K,E_ITSP2,PC_ENT_CUSE,DK,2015,87.70,,
ESTAT:ISOC_SKE_ITSPE(1.0),10/02/25 23:00:00,A,GE250,C10-S951_X_K,E_ITSP2,PC_ENT_CUSE,DK,2016,84.72,,
ESTAT:ISOC_SKE_ITSPE(1.0),10/02/25 23:00:00,A,GE250,C10-S951_X_K,E_ITSP2,PC_ENT_CUSE,DK,2017,84.39,,
ESTAT:ISOC_SKE_ITSPE(1.0),10/02/25 23:00:00,A,GE250,C10-S951_X_K,E_ITSP2,PC_ENT_CUSE,DK,2018,85.06,,
ESTAT:ISOC_SKE_ITSPE(1.0),10/02/25 23:00:00,A,GE250,C10-S951_X_K,E_ITSP2,PC_ENT_CUSE,DK,2019,85.47,,
ESTAT:ISOC_SKE_ITSPE(1.0),10/02/25 23:00:00,A,GE250,C10-S951_X_K,E_ITSP2,PC_ENT_CUSE,EA,2012,78.22,,
ESTAT:ISOC_SKE_ITSPE(1.0),10/02/25 23:00:00,A,GE250,C10-S951_X_K,E_ITSP2,PC_ENT_CUSE,EA,2014,77.07,,
ESTAT:ISOC_SKE_ITSPE(1.0),10/02/25 23:00:00,A,GE250,C10-S951_X_K,E_ITSP2,PC_ENT_CUSE,EA,2015,79.48,,
ESTAT:ISOC_SKE_ITSPE(1.0),10/02/25 23:00:00,A,GE250,C10-S951_X_K,E_ITSP2,PC_ENT_CUSE,EA,2016,76.45,,
ESTAT:ISOC_SKE_ITSPE(1.0),10/02/25 23:00:00,A,GE250,C10-S951_X_K,E_ITSP2,PC_ENT_CUSE,EA,2017,75.87,,
ESTAT:ISOC_SKE_ITSPE(1.0),10/02/25 23:00:00,A,GE250,C10-S951_X_K,E_ITSP2,PC_ENT_CUSE,EA,2018,76.06,,
ESTAT:ISOC_SKE_ITSPE(1.0),10/02/25 23:00:00,A,GE250,C10-S951_X_K,E_ITSP2,PC_ENT_CUSE,EA,2019,75.84,,
ESTAT:ISOC_SKE_ITSPE(1.0),10/02/25 23:00:00,A,GE250,C10-S951_X_K,E_ITSP2,PC_ENT_CUSE,EE,2012,74.31,,
ESTAT:ISOC_SKE_ITSPE(1.0),10/02/25 23:00:00,A,GE250,C10-S951_X_K,E_ITSP2,PC_ENT_CUSE,EE,2014,70.95,,
ESTAT:ISOC_SKE_ITSPE(1.0),10/02/25 23:00:00,A,GE250,C10-S951_X_K,E_ITSP2,PC_ENT_CUSE,EE,2015,69.45,,
ESTAT:ISOC_SKE_ITSPE(1.0),10/02/25 23:00:00,A,GE250,C10-S951_X_K,E_ITSP2,PC_ENT_CUSE,EE,2016,69.66,,
ESTAT:ISOC_SKE_ITSPE(1.0),10/02/25 23:00:00,A,GE250,C10-S951_X_K,E_ITSP2,PC_ENT_CUSE,EE,2017,69.80,,
ESTAT:ISOC_SKE_ITSPE(1.0),10/02/25 23:00:00,A,GE250,C10-S951_X_K,E_ITSP2,PC_ENT_CUSE,EE,2018,61.68,,
ESTAT:ISOC_SKE_ITSPE(1.0),10/02/25 23:00:00,A,GE250,C10-S951_X_K,E_ITSP2,PC_ENT_CUSE,EE,2019,65.42,,
ESTAT:ISOC_SKE_ITSPE(1.0),10/02/25 23:00:00,A,GE250,C10-S951_X_K,E_ITSP2,PC_ENT_CUSE,EL,2012,88.22,,
ESTAT:ISOC_SKE_ITSPE(1.0),10/02/25 23:00:00,A,GE250,C10-S951_X_K,E_ITSP2,PC_ENT_CUSE,EL,2014,66.38,,
ESTAT:ISOC_SKE_ITSPE(1.0),10/02/25 23:00:00,A,GE250,C10-S951_X_K,E_ITSP2,PC_ENT_CUSE,EL,2015,85.77,,
ESTAT:ISOC_SKE_ITSPE(1.0),10/02/25 23:00:00,A,GE250,C10-S951_X_K,E_ITSP2,PC_ENT_CUSE,EL,2016,83.15,,
ESTAT:ISOC_SKE_ITSPE(1.0),10/02/25 23:00:00,A,GE250,C10-S951_X_K,E_ITSP2,PC_ENT_CUSE,EL,2017,79.74,,
ESTAT:ISOC_SKE_ITSPE(1.0),10/02/25 23:00:00,A,GE250,C10-S951_X_K,E_ITSP2,PC_ENT_CUSE,EL,2018,81.22,,
ESTAT:ISOC_SKE_ITSPE(1.0),10/02/25 23:00:00,A,GE250,C10-S951_X_K,E_ITSP2,PC_ENT_CUSE,EL,2019,82.76,,
ESTAT:ISOC_SKE_ITSPE(1.0),10/02/25 23:00:00,A,GE250,C10-S951_X_K,E_ITSP2,PC_ENT_CUSE,ES,2012,73.40,,
ESTAT:ISOC_SKE_ITSPE(1.0),10/02/25 23:00:00,A,GE250,C10-S951_X_K,E_ITSP2,PC_ENT_CUSE,ES,2014,70.46,,
ESTAT:ISOC_SKE_ITSPE(1.0),10/02/25 23:00:00,A,GE250,C10-S951_X_K,E_ITSP2,PC_ENT_CUSE,ES,2015,74.67,,
ESTAT:ISOC_SKE_ITSPE(1.0),10/02/25 23:00:00,A,GE250,C10-S951_X_K,E_ITSP2,PC_ENT_CUSE,ES,2016,74.18,,
ESTAT:ISOC_SKE_ITSPE(1.0),10/02/25 23:00:00,A,GE250,C10-S951_X_K,E_ITSP2,PC_ENT_CUSE,ES,2017,72.31,,
ESTAT:ISOC_SKE_ITSPE(1.0),10/02/25 23:00:00,A,GE250,C10-S951_X_K,E_ITSP2,PC_ENT_CUSE,ES,2018,71.24,,
ESTAT:ISOC_SKE_ITSPE(1.0),10/02/25 23:00:00,A,GE250,C10-S951_X_K,E_ITSP2,PC_ENT_CUSE,ES,2019,64.82,,
ESTAT:ISOC_SKE_ITSPE(1.0),10/02/25 23:00:00,A,GE250,C10-S951_X_K,E_ITSP2,PC_ENT_CUSE,EU15,2012,78.94,,
ESTAT:ISOC_SKE_ITSPE(1.0),10/02/25 23:00:00,A,GE250,C10-S951_X_K,E_ITSP2,PC_ENT_CUSE,EU15,2014,77.28,,
ESTAT:ISOC_SKE_ITSPE(1.0),10/02/25 23:00:00,A,GE250,C10-S951_X_K,E_ITSP2,PC_ENT_CUSE,EU15,2015,79.31,,
ESTAT:ISOC_SKE_ITSPE(1.0),10/02/25 23:00:00,A,GE250,C10-S951_X_K,E_ITSP2,PC_ENT_CUSE,EU15,2016,76.35,,
ESTAT:ISOC_SKE_ITSPE(1.0),10/02/25 23:00:00,A,GE250,C10-S951_X_K,E_ITSP2,PC_ENT_CUSE,EU15,2017,76.22,,
ESTAT:ISOC_SKE_ITSPE(1.0),10/02/25 23:00:00,A,GE250,C10-S951_X_K,E_ITSP2,PC_ENT_CUSE,EU15,2018,76.19,,
ESTAT:ISOC_SKE_ITSPE(1.0),10/02/25 23:00:00,A,GE250,C10-S951_X_K,E_ITSP2,PC_ENT_CUSE,EU27_2007,2012,75.07,,
ESTAT:ISOC_SKE_ITSPE(1.0),10/02/25 23:00:00,A,GE250,C10-S951_X_K,E_ITSP2,PC_ENT_CUSE,EU27_2007,2014,75.84,,
ESTAT:ISOC_SKE_ITSPE(1.0),10/02/25 23:00:00,A,GE250,C10-S951_X_K,E_ITSP2,PC_ENT_CUSE,EU27_2007,2015,77.47,,
ESTAT:ISOC_SKE_ITSPE(1.0),10/02/25 23:00:00,A,GE250,C10-S951_X_K,E_ITSP2,PC_ENT_CUSE,EU27_2007,2016,75.22,,
ESTAT:ISOC_SKE_ITSPE(1.0),10/02/25 23:00:00,A,GE250,C10-S951_X_K,E_ITSP2,PC_ENT_CUSE,EU27_2007,2017,74.85,,
ESTAT:ISOC_SKE_ITSPE(1.0),10/02/25 23:00:00,A,GE250,C10-S951_X_K,E_ITSP2,PC_ENT_CUSE,EU27_2007,2018,74.91,,
ESTAT:ISOC_SKE_ITSPE(1.0),10/02/25 23:00:00,A,GE250,C10-S951_X_K,E_ITSP2,PC_ENT_CUSE,EU27_2020,2012,74.15,,
ESTAT:ISOC_SKE_ITSPE(1.0),10/02/25 23:00:00,A,GE250,C10-S951_X_K,E_ITSP2,PC_ENT_CUSE,EU27_2020,2014,75.53,,
ESTAT:ISOC_SKE_ITSPE(1.0),10/02/25 23:00:00,A,GE250,C10-S951_X_K,E_ITSP2,PC_ENT_CUSE,EU27_2020,2015,77.36,,
ESTAT:ISOC_SKE_ITSPE(1.0),10/02/25 23:00:00,A,GE250,C10-S951_X_K,E_ITSP2,PC_ENT_CUSE,EU27_2020,2016,75.11,,
ESTAT:ISOC_SKE_ITSPE(1.0),10/02/25 23:00:00,A,GE250,C10-S951_X_K,E_ITSP2,PC_ENT_CUSE,EU27_2020,2017,74.42,,
ESTAT:ISOC_SKE_ITSPE(1.0),10/02/25 23:00:00,A,GE250,C10-S951_X_K,E_ITSP2,PC_ENT_CUSE,EU27_2020,2018,74.66,,
ESTAT:ISOC_SKE_ITSPE(1.0),10/02/25 23:00:00,A,GE250,C10-S951_X_K,E_ITSP2,PC_ENT_CUSE,EU27_2020,2019,75.18,,
ESTAT:ISOC_SKE_ITSPE(1.0),10/02/25 23:00:00,A,GE250,C10-S951_X_K,E_ITSP2,PC_ENT_CUSE,EU28,2012,75.10,,
ESTAT:ISOC_SKE_ITSPE(1.0),10/02/25 23:00:00,A,GE250,C10-S951_X_K,E_ITSP2,PC_ENT_CUSE,EU28,2014,75.90,,
ESTAT:ISOC_SKE_ITSPE(1.0),10/02/25 23:00:00,A,GE250,C10-S951_X_K,E_ITSP2,PC_ENT_CUSE,EU28,2015,77.49,,
ESTAT:ISOC_SKE_ITSPE(1.0),10/02/25 23:00:00,A,GE250,C10-S951_X_K,E_ITSP2,PC_ENT_CUSE,EU28,2016,75.25,,
ESTAT:ISOC_SKE_ITSPE(1.0),10/02/25 23:00:00,A,GE250,C10-S951_X_K,E_ITSP2,PC_ENT_CUSE,EU28,2017,74.90,,
ESTAT:ISOC_SKE_ITSPE(1.0),10/02/25 23:00:00,A,GE250,C10-S951_X_K,E_ITSP2,PC_ENT_CUSE,EU28,2018,74.97,,
ESTAT:ISOC_SKE_ITSPE(1.0),10/02/25 23:00:00,A,GE250,C10-S951_X_K,E_ITSP2,PC_ENT_CUSE,EU28,2019,75.59,,
ESTAT:ISOC_SKE_ITSPE(1.0),10/02/25 23:00:00,A,GE250,C10-S951_X_K,E_ITSP2,PC_ENT_CUSE,FI,2012,87.07,,
ESTAT:ISOC_SKE_ITSPE(1.0),10/02/25 23:00:00,A,GE250,C10-S951_X_K,E_ITSP2,PC_ENT_CUSE,FI,2014,83.22,,
ESTAT:ISOC_SKE_ITSPE(1.0),10/02/25 23:00:00,A,GE250,C10-S951_X_K,E_ITSP2,PC_ENT_CUSE,FI,2015,82.53,,
ESTAT:ISOC_SKE_ITSPE(1.0),10/02/25 23:00:00,A,GE250,C10-S951_X_K,E_ITSP2,PC_ENT_CUSE,FI,2016,83.73,,
ESTAT:ISOC_SKE_ITSPE(1.0),10/02/25 23:00:00,A,GE250,C10-S951_X_K,E_ITSP2,PC_ENT_CUSE,FI,2017,85.60,,
ESTAT:ISOC_SKE_ITSPE(1.0),10/02/25 23:00:00,A,GE250,C10-S951_X_K,E_ITSP2,PC_ENT_CUSE,FI,2018,84.67,,
ESTAT:ISOC_SKE_ITSPE(1.0),10/02/25 23:00:00,A,GE250,C10-S951_X_K,E_ITSP2,PC_ENT_CUSE,FI,2019,84.42,,
ESTAT:ISOC_SKE_ITSPE(1.0),10/02/25 23:00:00,A,GE250,C10-S951_X_K,E_ITSP2,PC_ENT_CUSE,FR,2012,71.41,,
ESTAT:ISOC_SKE_ITSPE(1.0),10/02/25 23:00:00,A,GE250,C10-S951_X_K,E_ITSP2,PC_ENT_CUSE,FR,2014,72.41,,
ESTAT:ISOC_SKE_ITSPE(1.0),10/02/25 23:00:00,A,GE250,C10-S951_X_K,E_ITSP2,PC_ENT_CUSE,FR,2015,77.13,,
ESTAT:ISOC_SKE_ITSPE(1.0),10/02/25 23:00:00,A,GE250,C10-S951_X_K,E_ITSP2,PC_ENT_CUSE,FR,2016,72.09,,
ESTAT:ISOC_SKE_ITSPE(1.0),10/02/25 23:00:00,A,GE250,C10-S951_X_K,E_ITSP2,PC_ENT_CUSE,FR,2017,71.17,,
ESTAT:ISOC_SKE_ITSPE(1.0),10/02/25 23:00:00,A,GE250,C10-S951_X_K,E_ITSP2,PC_ENT_CUSE,FR,2018,75.37,,
ESTAT:ISOC_SKE_ITSPE(1.0),10/02/25 23:00:00,A,GE250,C10-S951_X_K,E_ITSP2,PC_ENT_CUSE,FR,2019,75.56,,
ESTAT:ISOC_SKE_ITSPE(1.0),10/02/25 23:00:00,A,GE250,C10-S951_X_K,E_ITSP2,PC_ENT_CUSE,HR,2012,78.08,,
ESTAT:ISOC_SKE_ITSPE(1.0),10/02/25 23:00:00,A,GE250,C10-S951_X_K,E_ITSP2,PC_ENT_CUSE,HR,2014,83.49,,
ESTAT:ISOC_SKE_ITSPE(1.0),10/02/25 23:00:00,A,GE250,C10-S951_X_K,E_ITSP2,PC_ENT_CUSE,HR,2015,80.00,,
ESTAT:ISOC_SKE_ITSPE(1.0),10/02/25 23:00:00,A,GE250,C10-S951_X_K,E_ITSP2,PC_ENT_CUSE,HR,2016,79.19,,
ESTAT:ISOC_SKE_ITSPE(1.0),10/02/25 23:00:00,A,GE250,C10-S951_X_K,E_ITSP2,PC_ENT_CUSE,HR,2017,81.04,,
ESTAT:ISOC_SKE_ITSPE(1.0),10/02/25 23:00:00,A,GE250,C10-S951_X_K,E_ITSP2,PC_ENT_CUSE,HR,2018,82.08,,
ESTAT:ISOC_SKE_ITSPE(1.0),10/02/25 23:00:00,A,GE250,C10-S951_X_K,E_ITSP2,PC_ENT_CUSE,HR,2019,78.51,,
ESTAT:ISOC_SKE_ITSPE(1.0),10/02/25 23:00:00,A,GE250,C10-S951_X_K,E_ITSP2,PC_ENT_CUSE,HU,2012,66.99,,
ESTAT:ISOC_SKE_ITSPE(1.0),10/02/25 23:00:00,A,GE250,C10-S951_X_K,E_ITSP2,PC_ENT_CUSE,HU,2014,83.38,,
ESTAT:ISOC_SKE_ITSPE(1.0),10/02/25 23:00:00,A,GE250,C10-S951_X_K,E_ITSP2,PC_ENT_CUSE,HU,2015,83.63,,
ESTAT:ISOC_SKE_ITSPE(1.0),10/02/25 23:00:00,A,GE250,C10-S951_X_K,E_ITSP2,PC_ENT_CUSE,HU,2016,83.98,,
ESTAT:ISOC_SKE_ITSPE(1.0),10/02/25 23:00:00,A,GE250,C10-S951_X_K,E_ITSP2,PC_ENT_CUSE,HU,2017,83.07,,
ESTAT:ISOC_SKE_ITSPE(1.0),10/02/25 23:00:00,A,GE250,C10-S951_X_K,E_ITSP2,PC_ENT_CUSE,HU,2018,84.88,,
ESTAT:ISOC_SKE_ITSPE(1.0),10/02/25 23:00:00,A,GE250,C10-S951_X_K,E_ITSP2,PC_ENT_CUSE,HU,2019,84.72,,
ESTAT:ISOC_SKE_ITSPE(1.0),10/02/25 23:00:00,A,GE250,C10-S951_X_K,E_ITSP2,PC_ENT_CUSE,IE,2012,79.19,,
ESTAT:ISOC_SKE_ITSPE(1.0),10/02/25 23:00:00,A,GE250,C10-S951_X_K,E_ITSP2,PC_ENT_CUSE,IE,2014,78.55,,
ESTAT:ISOC_SKE_ITSPE(1.0),10/02/25 23:00:00,A,GE250,C10-S951_X_K,E_ITSP2,PC_ENT_CUSE,IE,2015,78.33,,
ESTAT:ISOC_SKE_ITSPE(1.0),10/02/25 23:00:00,A,GE250,C10-S951_X_K,E_ITSP2,PC_ENT_CUSE,IE,2016,81.27,,
ESTAT:ISOC_SKE_ITSPE(1.0),10/02/25 23:00:00,A,GE250,C10-S951_X_K,E_ITSP2,PC_ENT_CUSE,IE,2017,78.19,,
ESTAT:ISOC_SKE_ITSPE(1.0),10/02/25 23:00:00,A,GE250,C10-S951_X_K,E_ITSP2,PC_ENT_CUSE,IE,2018,81.74,,
ESTAT:ISOC_SKE_ITSPE(1.0),10/02/25 23:00:00,A,GE250,C10-S951_X_K,E_ITSP2,PC_ENT_CUSE,IE,2019,81.16,,
ESTAT:ISOC_SKE_ITSPE(1.0),10/02/25 23:00:00,A,GE250,C10-S951_X_K,E_ITSP2,PC_ENT_CUSE,IS,2012,83.64,,
ESTAT:ISOC_SKE_ITSPE(1.0),10/02/25 23:00:00,A,GE250,C10-S951_X_K,E_ITSP2,PC_ENT_CUSE,IS,2014,82.66,,
ESTAT:ISOC_SKE_ITSPE(1.0),10/02/25 23:00:00,A,GE250,C10-S951_X_K,E_ITSP2,PC_ENT_CUSE,IS,2017,69.70,,
ESTAT:ISOC_SKE_ITSPE(1.0),10/02/25 23:00:00,A,GE250,C10-S951_X_K,E_ITSP2,PC_ENT_CUSE,IT,2012,71.52,,
ESTAT:ISOC_SKE_ITSPE(1.0),10/02/25 23:00:00,A,GE250,C10-S951_X_K,E_ITSP2,PC_ENT_CUSE,IT,2014,73.95,,
ESTAT:ISOC_SKE_ITSPE(1.0),10/02/25 23:00:00,A,GE250,C10-S951_X_K,E_ITSP2,PC_ENT_CUSE,IT,2015,75.55,,
ESTAT:ISOC_SKE_ITSPE(1.0),10/02/25 23:00:00,A,GE250,C10-S951_X_K,E_ITSP2,PC_ENT_CUSE,IT,2016,74.10,,
ESTAT:ISOC_SKE_ITSPE(1.0),10/02/25 23:00:00,A,GE250,C10-S951_X_K,E_ITSP2,PC_ENT_CUSE,IT,2017,72.32,,
ESTAT:ISOC_SKE_ITSPE(1.0),10/02/25 23:00:00,A,GE250,C10-S951_X_K,E_ITSP2,PC_ENT_CUSE,IT,2018,71.86,,
ESTAT:ISOC_SKE_ITSPE(1.0),10/02/25 23:00:00,A,GE250,C10-S951_X_K,E_ITSP2,PC_ENT_CUSE,IT,2019,73.16,,
ESTAT:ISOC_SKE_ITSPE(1.0),10/02/25 23:00:00,A,GE250,C10-S951_X_K,E_ITSP2,PC_ENT_CUSE,LT,2012,78.36,,
ESTAT:ISOC_SKE_ITSPE(1.0),10/02/25 23:00:00,A,GE250,C10-S951_X_K,E_ITSP2,PC_ENT_CUSE,LT,2014,73.91,,
ESTAT:ISOC_SKE_ITSPE(1.0),10/02/25 23:00:00,A,GE250,C10-S951_X_K,E_ITSP2,PC_ENT_CUSE,LT,2015,72.64,,
ESTAT:ISOC_SKE_ITSPE(1.0),10/02/25 23:00:00,A,GE250,C10-S951_X_K,E_ITSP2,PC_ENT_CUSE,LT,2016,70.26,,
ESTAT:ISOC_SKE_ITSPE(1.0),10/02/25 23:00:00,A,GE250,C10-S951_X_K,E_ITSP2,PC_ENT_CUSE,LT,2017,76.97,,
ESTAT:ISOC_SKE_ITSPE(1.0),10/02/25 23:00:00,A,GE250,C10-S951_X_K,E_ITSP2,PC_ENT_CUSE,LT,2018,75.43,,
ESTAT:ISOC_SKE_ITSPE(1.0),10/02/25 23:00:00,A,GE250,C10-S951_X_K,E_ITSP2,PC_ENT_CUSE,LT,2019,72.61,,
ESTAT:ISOC_SKE_ITSPE(1.0),10/02/25 23:00:00,A,GE250,C10-S951_X_K,E_ITSP2,PC_ENT_CUSE,LU,2012,77.50,,
ESTAT:ISOC_SKE_ITSPE(1.0),10/02/25 23:00:00,A,GE250,C10-S951_X_K,E_ITSP2,PC_ENT_CUSE,LU,2014,66.13,,
ESTAT:ISOC_SKE_ITSPE(1.0),10/02/25 23:00:00,A,GE250,C10-S951_X_K,E_ITSP2,PC_ENT_CUSE,LU,2015,72.20,,
ESTAT:ISOC_SKE_ITSPE(1.0),10/02/25 23:00:00,A,GE250,C10-S951_X_K,E_ITSP2,PC_ENT_CUSE,LU,2016,67.02,,
ESTAT:ISOC_SKE_ITSPE(1.0),10/02/25 23:00:00,A,GE250,C10-S951_X_K,E_ITSP2,PC_ENT_CUSE,LU,2017,67.99,,
ESTAT:ISOC_SKE_ITSPE(1.0),10/02/25 23:00:00,A,GE250,C10-S951_X_K,E_ITSP2,PC_ENT_CUSE,LU,2018,70.85,,
ESTAT:ISOC_SKE_ITSPE(1.0),10/02/25 23:00:00,A,GE250,C10-S951_X_K,E_ITSP2,PC_ENT_CUSE,LU,2019,71.26,,
ESTAT:ISOC_SKE_ITSPE(1.0),10/02/25 23:00:00,A,GE250,C10-S951_X_K,E_ITSP2,PC_ENT_CUSE,LV,2012,79.49,,
ESTAT:ISOC_SKE_ITSPE(1.0),10/02/25 23:00:00,A,GE250,C10-S951_X_K,E_ITSP2,PC_ENT_CUSE,LV,2014,80.56,,
ESTAT:ISOC_SKE_ITSPE(1.0),10/02/25 23:00:00,A,GE250,C10-S951_X_K,E_ITSP2,PC_ENT_CUSE,LV,2015,86.25,,
ESTAT:ISOC_SKE_ITSPE(1.0),10/02/25 23:00:00,A,GE250,C10-S951_X_K,E_ITSP2,PC_ENT_CUSE,LV,2016,76.72,,
ESTAT:ISOC_SKE_ITSPE(1.0),10/02/25 23:00:00,A,GE250,C10-S951_X_K,E_ITSP2,PC_ENT_CUSE,LV,2017,72.17,,
ESTAT:ISOC_SKE_ITSPE(1.0),10/02/25 23:00:00,A,GE250,C10-S951_X_K,E_ITSP2,PC_ENT_CUSE,LV,2018,79.90,,
ESTAT:ISOC_SKE_ITSPE(1.0),10/02/25 23:00:00,A,GE250,C10-S951_X_K,E_ITSP2,PC_ENT_CUSE,LV,2019,77.06,,
ESTAT:ISOC_SKE_ITSPE(1.0),10/02/25 23:00:00,A,GE250,C10-S951_X_K,E_ITSP2,PC_ENT_CUSE,ME,2016,92.38,,
ESTAT:ISOC_SKE_ITSPE(1.0),10/02/25 23:00:00,A,GE250,C10-S951_X_K,E_ITSP2,PC_ENT_CUSE,ME,2017,77.33,,
ESTAT:ISOC_SKE_ITSPE(1.0),10/02/25 23:00:00,A,GE250,C10-S951_X_K,E_ITSP2,PC_ENT_CUSE,ME,2018,81.63,,
ESTAT:ISOC_SKE_ITSPE(1.0),10/02/25 23:00:00,A,GE250,C10-S951_X_K,E_ITSP2,PC_ENT_CUSE,ME,2019,81.06,,
ESTAT:ISOC_SKE_ITSPE(1.0),10/02/25 23:00:00,A,GE250,C10-S951_X_K,E_ITSP2,PC_ENT_CUSE,MK,2012,59.88,,
ESTAT:ISOC_SKE_ITSPE(1.0),10/02/25 23:00:00,A,GE250,C10-S951_X_K,E_ITSP2,PC_ENT_CUSE,MK,2014,63.93,,
ESTAT:ISOC_SKE_ITSPE(1.0),10/02/25 23:00:00,A,GE250,C10-S951_X_K,E_ITSP2,PC_ENT_CUSE,MK,2015,64.88,,
ESTAT:ISOC_SKE_ITSPE(1.0),10/02/25 23:00:00,A,GE250,C10-S951_X_K,E_ITSP2,PC_ENT_CUSE,MK,2016,61.48,,
ESTAT:ISOC_SKE_ITSPE(1.0),10/02/25 23:00:00,A,GE250,C10-S951_X_K,E_ITSP2,PC_ENT_CUSE,MT,2012,69.77,,
ESTAT:ISOC_SKE_ITSPE(1.0),10/02/25 23:00:00,A,GE250,C10-S951_X_K,E_ITSP2,PC_ENT_CUSE,MT,2014,86.55,,
ESTAT:ISOC_SKE_ITSPE(1.0),10/02/25 23:00:00,A,GE250,C10-S951_X_K,E_ITSP2,PC_ENT_CUSE,MT,2015,80.77,,
ESTAT:ISOC_SKE_ITSPE(1.0),10/02/25 23:00:00,A,GE250,C10-S951_X_K,E_ITSP2,PC_ENT_CUSE,MT,2016,73.56,,
ESTAT:ISOC_SKE_ITSPE(1.0),10/02/25 23:00:00,A,GE250,C10-S951_X_K,E_ITSP2,PC_ENT_CUSE,MT,2017,76.75,,
ESTAT:ISOC_SKE_ITSPE(1.0),10/02/25 23:00:00,A,GE250,C10-S951_X_K,E_ITSP2,PC_ENT_CUSE,MT,2018,72.85,,
ESTAT:ISOC_SKE_ITSPE(1.0),10/02/25 23:00:00,A,GE250,C10-S951_X_K,E_ITSP2,PC_ENT_CUSE,MT,2019,74.35,,
ESTAT:ISOC_SKE_ITSPE(1.0),10/02/25 23:00:00,A,GE250,C10-S951_X_K,E_ITSP2,PC_ENT_CUSE,NL,2012,82.78,,
ESTAT:ISOC_SKE_ITSPE(1.0),10/02/25 23:00:00,A,GE250,C10-S951_X_K,E_ITSP2,PC_ENT_CUSE,NL,2014,80.78,,
ESTAT:ISOC_SKE_ITSPE(1.0),10/02/25 23:00:00,A,GE250,C10-S951_X_K,E_ITSP2,PC_ENT_CUSE,NL,2015,81.87,,
ESTAT:ISOC_SKE_ITSPE(1.0),10/02/25 23:00:00,A,GE250,C10-S951_X_K,E_ITSP2,PC_ENT_CUSE,NL,2016,78.95,,
ESTAT:ISOC_SKE_ITSPE(1.0),10/02/25 23:00:00,A,GE250,C10-S951_X_K,E_ITSP2,PC_ENT_CUSE,NL,2017,78.59,,
ESTAT:ISOC_SKE_ITSPE(1.0),10/02/25 23:00:00,A,GE250,C10-S951_X_K,E_ITSP2,PC_ENT_CUSE,NL,2018,78.68,,
ESTAT:ISOC_SKE_ITSPE(1.0),10/02/25 23:00:00,A,GE250,C10-S951_X_K,E_ITSP2,PC_ENT_CUSE,NL,2019,76.84,,
ESTAT:ISOC_SKE_ITSPE(1.0),10/02/25 23:00:00,A,GE250,C10-S951_X_K,E_ITSP2,PC_ENT_CUSE,NO,2012,78.22,,
ESTAT:ISOC_SKE_ITSPE(1.0),10/02/25 23:00:00,A,GE250,C10-S951_X_K,E_ITSP2,PC_ENT_CUSE,NO,2014,71.28,,
ESTAT:ISOC_SKE_ITSPE(1.0),10/02/25 23:00:00,A,GE250,C10-S951_X_K,E_ITSP2,PC_ENT_CUSE,NO,2015,68.76,,
ESTAT:ISOC_SKE_ITSPE(1.0),10/02/25 23:00:00,A,GE250,C10-S951_X_K,E_ITSP2,PC_ENT_CUSE,NO,2016,76.55,,
ESTAT:ISOC_SKE_ITSPE(1.0),10/02/25 23:00:00,A,GE250,C10-S951_X_K,E_ITSP2,PC_ENT_CUSE,NO,2017,76.13,,
ESTAT:ISOC_SKE_ITSPE(1.0),10/02/25 23:00:00,A,GE250,C10-S951_X_K,E_ITSP2,PC_ENT_CUSE,NO,2018,75.51,,
ESTAT:ISOC_SKE_ITSPE(1.0),10/02/25 23:00:00,A,GE250,C10-S951_X_K,E_ITSP2,PC_ENT_CUSE,NO,2019,74.91,,
ESTAT:ISOC_SKE_ITSPE(1.0),10/02/25 23:00:00,A,GE250,C10-S951_X_K,E_ITSP2,PC_ENT_CUSE,PL,2012,73.37,,
ESTAT:ISOC_SKE_ITSPE(1.0),10/02/25 23:00:00,A,GE250,C10-S951_X_K,E_ITSP2,PC_ENT_CUSE,PL,2014,73.85,,
ESTAT:ISOC_SKE_ITSPE(1.0),10/02/25 23:00:00,A,GE250,C10-S951_X_K,E_ITSP2,PC_ENT_CUSE,PL,2015,73.93,,
ESTAT:ISOC_SKE_ITSPE(1.0),10/02/25 23:00:00,A,GE250,C10-S951_X_K,E_ITSP2,PC_ENT_CUSE,PL,2016,73.86,,
ESTAT:ISOC_SKE_ITSPE(1.0),10/02/25 23:00:00,A,GE250,C10-S951_X_K,E_ITSP2,PC_ENT_CUSE,PL,2017,73.69,,
ESTAT:ISOC_SKE_ITSPE(1.0),10/02/25 23:00:00,A,GE250,C10-S951_X_K,E_ITSP2,PC_ENT_CUSE,PL,2018,73.63,,
ESTAT:ISOC_SKE_ITSPE(1.0),10/02/25 23:00:00,A,GE250,C10-S951_X_K,E_ITSP2,PC_ENT_CUSE,PL,2019,81.27,,
ESTAT:ISOC_SKE_ITSPE(1.0),10/02/25 23:00:00,A,GE250,C10-S951_X_K,E_ITSP2,PC_ENT_CUSE,PT,2012,72.59,,
ESTAT:ISOC_SKE_ITSPE(1.0),10/02/25 23:00:00,A,GE250,C10-S951_X_K,E_ITSP2,PC_ENT_CUSE,PT,2014,74.45,,
ESTAT:ISOC_SKE_ITSPE(1.0),10/02/25 23:00:00,A,GE250,C10-S951_X_K,E_ITSP2,PC_ENT_CUSE,PT,2015,74.66,,
ESTAT:ISOC_SKE_ITSPE(1.0),10/02/25 23:00:00,A,GE250,C10-S951_X_K,E_ITSP2,PC_ENT_CUSE,PT,2016,77.54,,
ESTAT:ISOC_SKE_ITSPE(1.0),10/02/25 23:00:00,A,GE250,C10-S951_X_K,E_ITSP2,PC_ENT_CUSE,PT,2017,77.00,,
ESTAT:ISOC_SKE_ITSPE(1.0),10/02/25 23:00:00,A,GE250,C10-S951_X_K,E_ITSP2,PC_ENT_CUSE,PT,2018,75.18,,
ESTAT:ISOC_SKE_ITSPE(1.0),10/02/25 23:00:00,A,GE250,C10-S951_X_K,E_ITSP2,PC_ENT_CUSE,PT,2019,79.45,,
ESTAT:ISOC_SKE_ITSPE(1.0),10/02/25 23:00:00,A,GE250,C10-S951_X_K,E_ITSP2,PC_ENT_CUSE,RO,2012,10.67,,
ESTAT:ISOC_SKE_ITSPE(1.0),10/02/25 23:00:00,A,GE250,C10-S951_X_K,E_ITSP2,PC_ENT_CUSE,RO,2014,46.60,,
ESTAT:ISOC_SKE_ITSPE(1.0),10/02/25 23:00:00,A,GE250,C10-S951_X_K,E_ITSP2,PC_ENT_CUSE,RO,2015,46.17,,
ESTAT:ISOC_SKE_ITSPE(1.0),10/02/25 23:00:00,A,GE250,C10-S951_X_K,E_ITSP2,PC_ENT_CUSE,RO,2016,47.12,,
ESTAT:ISOC_SKE_ITSPE(1.0),10/02/25 23:00:00,A,GE250,C10-S951_X_K,E_ITSP2,PC_ENT_CUSE,RO,2017,43.52,,
ESTAT:ISOC_SKE_ITSPE(1.0),10/02/25 23:00:00,A,GE250,C10-S951_X_K,E_ITSP2,PC_ENT_CUSE,RO,2018,44.24,,
ESTAT:ISOC_SKE_ITSPE(1.0),10/02/25 23:00:00,A,GE250,C10-S951_X_K,E_ITSP2,PC_ENT_CUSE,RO,2019,42.62,,
ESTAT:ISOC_SKE_ITSPE(1.0),10/02/25 23:00:00,A,GE250,C10-S951_X_K,E_ITSP2,PC_ENT_CUSE,RS,2014,68.06,,
ESTAT:ISOC_SKE_ITSPE(1.0),10/02/25 23:00:00,A,GE250,C10-S951_X_K,E_ITSP2,PC_ENT_CUSE,RS,2017,79.09,,
ESTAT:ISOC_SKE_ITSPE(1.0),10/02/25 23:00:00,A,GE250,C10-S951_X_K,E_ITSP2,PC_ENT_CUSE,RS,2018,76.52,,
ESTAT:ISOC_SKE_ITSPE(1.0),10/02/25 23:00:00,A,GE250,C10-S951_X_K,E_ITSP2,PC_ENT_CUSE,RS,2019,77.92,,
ESTAT:ISOC_SKE_ITSPE(1.0),10/02/25 23:00:00,A,GE250,C10-S951_X_K,E_ITSP2,PC_ENT_CUSE,SE,2012,79.26,,
ESTAT:ISOC_SKE_ITSPE(1.0),10/02/25 23:00:00,A,GE250,C10-S951_X_K,E_ITSP2,PC_ENT_CUSE,SE,2014,75.51,,
ESTAT:ISOC_SKE_ITSPE(1.0),10/02/25 23:00:00,A,GE250,C10-S951_X_K,E_ITSP2,PC_ENT_CUSE,SE,2015,73.53,,
ESTAT:ISOC_SKE_ITSPE(1.0),10/02/25 23:00:00,A,GE250,C10-S951_X_K,E_ITSP2,PC_ENT_CUSE,SE,2016,71.36,,
ESTAT:ISOC_SKE_ITSPE(1.0),10/02/25 23:00:00,A,GE250,C10-S951_X_K,E_ITSP2,PC_ENT_CUSE,SE,2017,73.24,,
ESTAT:ISOC_SKE_ITSPE(1.0),10/02/25 23:00:00,A,GE250,C10-S951_X_K,E_ITSP2,PC_ENT_CUSE,SE,2018,71.27,,
ESTAT:ISOC_SKE_ITSPE(1.0),10/02/25 23:00:00,A,GE250,C10-S951_X_K,E_ITSP2,PC_ENT_CUSE,SE,2019,72.87,,
ESTAT:ISOC_SKE_ITSPE(1.0),10/02/25 23:00:00,A,GE250,C10-S951_X_K,E_ITSP2,PC_ENT_CUSE,SI,2012,86.94,,
ESTAT:ISOC_SKE_ITSPE(1.0),10/02/25 23:00:00,A,GE250,C10-S951_X_K,E_ITSP2,PC_ENT_CUSE,SI,2014,83.55,,
ESTAT:ISOC_SKE_ITSPE(1.0),10/02/25 23:00:00,A,GE250,C10-S951_X_K,E_ITSP2,PC_ENT_CUSE,SI,2015,80.10,,
ESTAT:ISOC_SKE_ITSPE(1.0),10/02/25 23:00:00,A,GE250,C10-S951_X_K,E_ITSP2,PC_ENT_CUSE,SI,2016,81.46,,
ESTAT:ISOC_SKE_ITSPE(1.0),10/02/25 23:00:00,A,GE250,C10-S951_X_K,E_ITSP2,PC_ENT_CUSE,SI,2017,80.73,,
ESTAT:ISOC_SKE_ITSPE(1.0),10/02/25 23:00:00,A,GE250,C10-S951_X_K,E_ITSP2,PC_ENT_CUSE,SI,2018,83.69,,
ESTAT:ISOC_SKE_ITSPE(1.0),10/02/25 23:00:00,A,GE250,C10-S951_X_K,E_ITSP2,PC_ENT_CUSE,SI,2019,83.62,,
ESTAT:ISOC_SKE_ITSPE(1.0),10/02/25 23:00:00,A,GE250,C10-S951_X_K,E_ITSP2,PC_ENT_CUSE,SK,2012,76.77,,
ESTAT:ISOC_SKE_ITSPE(1.0),10/02/25 23:00:00,A,GE250,C10-S951_X_K,E_ITSP2,PC_ENT_CUSE,SK,2014,78.17,,
ESTAT:ISOC_SKE_ITSPE(1.0),10/02/25 23:00:00,A,GE250,C10-S951_X_K,E_ITSP2,PC_ENT_CUSE,SK,2015,78.97,,
ESTAT:ISOC_SKE_ITSPE(1.0),10/02/25 23:00:00,A,GE250,C10-S951_X_K,E_ITSP2,PC_ENT_CUSE,SK,2016,79.60,,
ESTAT:ISOC_SKE_ITSPE(1.0),10/02/25 23:00:00,A,GE250,C10-S951_X_K,E_ITSP2,PC_ENT_CUSE,SK,2017,79.03,,
ESTAT:ISOC_SKE_ITSPE(1.0),10/02/25 23:00:00,A,GE250,C10-S951_X_K,E_ITSP2,PC_ENT_CUSE,SK,2018,75.96,,
ESTAT:ISOC_SKE_ITSPE(1.0),10/02/25 23:00:00,A,GE250,C10-S951_X_K,E_ITSP2,PC_ENT_CUSE,SK,2019,77.19,,
ESTAT:ISOC_SKE_ITSPE(1.0),10/02/25 23:00:00,A,GE250,C10-S951_X_K,E_ITSP2,PC_ENT_CUSE,TR,2015,,u,
ESTAT:ISOC_SKE_ITSPE(1.0),10/02/25 23:00:00,A,GE250,C10-S951_X_K,E_ITSP2,PC_ENT_CUSE,TR,2018,57.68,,
ESTAT:ISOC_SKE_ITSPE(1.0),10/02/25 23:00:00,A,GE250,C10-S951_X_K,E_ITSP2,PC_ENT_CUSE,TR,2019,64.97,,
ESTAT:ISOC_SKE_ITSPE(1.0),10/02/25 23:00:00,A,GE250,C10-S951_X_K,E_ITSP2,PC_ENT_CUSE,UK,2012,81.41,,
ESTAT:ISOC_SKE_ITSPE(1.0),10/02/25 23:00:00,A,GE250,C10-S951_X_K,E_ITSP2,PC_ENT_CUSE,UK,2014,78.24,,
ESTAT:ISOC_SKE_ITSPE(1.0),10/02/25 23:00:00,A,GE250,C10-S951_X_K,E_ITSP2,PC_ENT_CUSE,UK,2015,78.41,,
ESTAT:ISOC_SKE_ITSPE(1.0),10/02/25 23:00:00,A,GE250,C10-S951_X_K,E_ITSP2,PC_ENT_CUSE,UK,2016,76.14,,
ESTAT:ISOC_SKE_ITSPE(1.0),10/02/25 23:00:00,A,GE250,C10-S951_X_K,E_ITSP2,PC_ENT_CUSE,UK,2017,77.91,,
ESTAT:ISOC_SKE_ITSPE(1.0),10/02/25 23:00:00,A,GE250,C10-S951_X_K,E_ITSP2,PC_ENT_CUSE,UK,2018,76.96,,
ESTAT:ISOC_SKE_ITSPE(1.0),10/02/25 23:00:00,A,GE250,C10-S951_X_K,E_ITSP2,PC_ENT_CUSE,UK,2019,78.16,,
